Actual Profit,Predicted Profit
-0.0641099593748752,0.02409292523865958
-0.1665499532633176,-0.11478795060689354
1.1615236814059189,0.5454339250145084
1.01687620850434,0.4337135140994969
-0.0867719701115125,0.038309638135734285
0.0496644797742259,-0.10310973296100018
-0.1629506792447837,0.009444495545282372
-0.1365196931341671,-0.07601457062389991
-0.1480433324735318,0.05492011559265538
-0.1249960537948023,-0.058766597580286004
1.3156308582427965,2.2256690851684273
-0.0761495825652563,0.09871266543916357
-0.0080225147693999,-0.039094234278137206
-0.1113328014198899,0.03994265170976121
-0.4868555285125559,-1.0320054393044482
0.0683258957193166,0.16402182738958465
0.2939828332304591,0.027730799513658998
-0.1299391790875388,-0.2322404077436318
-0.1293532507589403,0.03830047753124357
-0.1545791279197387,-0.000833644311018282
-0.0751176148632236,0.11576956755114942
-0.1525060194694331,0.0629942863930485
-0.1759408593518149,-0.061191100086431825
-0.1389849493112451,0.3426720059127265
-0.0685886992016969,-0.09217372980076219
-0.1762504496624247,-0.6745774905974784
0.0834614220157957,0.04700488039982915
-0.3122293938669286,-0.7134772747817534
0.021199370659825,0.24538579203706828
-0.1188042475826064,0.046175441451256204
-0.1645548157060544,-0.6131389185543501
0.9828556732606633,0.7539199392509548
-0.1435714724313903,0.04568474600281105
0.9734131687870644,0.39518582488072357
-0.0310869929098299,0.022182149837452862
0.0535343586568484,0.1354049166597372
-0.3418640663769666,0.1646748090473581
1.285680862268248,0.6959565311224999
0.1983538261754323,0.16645981084186934
-0.1457363113440988,-0.2970904796964867
-0.3728976284386489,-0.6568428324868549
0.1642988920083543,0.16023565700851256
-0.0850933026495393,0.028695936711059293
-1.5692004538661144,-0.8959309880040824
-0.0782135179693216,0.08432828030722331
-0.2310720138867399,-0.9278958089530195
0.2272489218323468,0.14027537579929494
-0.0270737851797029,0.03472995300553464
-0.2437411373753609,-0.8205993398764395
-0.101604785882062,-0.013611525211884652
-0.1585923356498657,0.020335592086477776
-0.003223864954948,-0.00838483329433188
0.0600701541030553,0.0367580786219348
-0.1459793970694665,0.05917894455067287
0.2511905725195046,0.022017675134904532
-0.1955826446138366,-0.047480615960174534
-0.3913583839972332,-0.15217443056151778
0.1439714215398709,0.08448819796803686
-0.1330041231625758,-0.2701507787118405
-0.1741865142583593,-0.21977407702664886
-0.7139950596222854,-0.3327610525410849
-0.1397875908572705,0.01346725347018378
-0.0603260778007554,-0.012524625444305292
-0.6557026440268002,-0.5313702839526341
-0.1435714724313903,0.05648824068555113
0.102208835269389,0.12065426569685211
-0.1642108264720436,0.11249095493253558
-0.1699898456034265,-0.5516149770173167
0.0267031984039991,0.09772649162427516
-0.347180993303995,0.15169433482811584
-0.0789014964373434,0.002899601546644155
-3.781773605947546,0.44750946648318174
-0.2954427192471973,-0.5753150186223445
-0.2646556828032229,-0.6573824977689529
-0.2586186717463318,-1.126925496899282
-0.0654171184641166,-0.0497376880687404
-0.1402536962693553,0.14819233158162692
-0.1644172200124501,0.3300355918753023
-0.1502792624946026,0.06935129175013968
-0.1434063575990651,-0.24439958353257957
0.2263889487473196,0.015936790641928683
-0.1138129637971084,0.03729249949324442
-0.3426724410768922,-0.29313070397295454
0.0009040058531826,-0.03294870578807535
-0.0912851088617353,0.04859908569792256
0.1964866526132211,0.4361685765211046
0.3053344779528184,0.08737621278635896
0.1394456698510677,0.3282038497147224
-0.1642108264720436,0.4762063906361692
0.2712795437857405,0.6043318301986095
0.3724123785849415,0.1725725502025352
0.477002305185952,0.2654433394500134
-0.1933811135161669,-0.43149508698893624
-0.1937939005969799,-0.5931117063156253
-0.0901843433129005,-0.2767017573066509
-0.1346277523471072,0.004026829995582522
-0.1585350041108639,-0.06408367463598814
-0.1342837631130963,0.4512334566151296
1.2088222010824157,1.0959589478695115
0.4949413437396198,0.09753027987074128
0.2079855247277371,0.15016781180830488
-0.0326022654856479,0.10132563211249973
-0.3175096286089958,0.11212425866297021
-0.2781538203458101,-0.4474858039542283
0.220145544150022,0.05329848839900341
0.3708644270318925,1.0398508537390363
0.0531903694228375,0.1683583803183375
0.0070958120653785,0.043302268014030885
-0.2519051485292193,-0.8219395912652863
0.0614461110390988,0.11874375684738897
1.1457001766414174,1.4723531242531616
-0.0233472351445849,0.09668773693184801
-0.615631338156872,0.7990894557565917
-0.1064206351582144,0.045275894782125896
-0.2495201565067438,-0.637968629062121
0.5770859728214199,0.613454914959903
-0.1320409533073453,-0.2657972910588407
0.0358427630255124,0.1955641543744232
-0.0680314366425993,-0.41906939073901794
0.5533507156746686,0.3331047408638892
0.79792706105641,0.5352531504291059
-0.0752322779412272,0.06102366510225541
-1.9885006268359415,-0.5681374581783143
-0.1295825769149475,0.09167514141857502
-0.0971329258399204,-0.19833385175808327
0.8791085202829794,0.39150459724041503
-0.0733976686931691,0.0018122820394714245
-0.2142612600206278,-0.5865181802180325
-0.1644860178592523,-0.39991207035345977
-0.0871572380536047,-0.0022209906430848553
-0.0930050550317898,0.23594886166677148
-0.0536182877375431,0.0952266811552272
-0.1545791279197387,0.031577268641795005
-0.0028678360977467,-0.14113670511325485
3.182116441985874,1.101121673650755
0.9332524257162932,-0.0008910458681703343
0.1639549027743435,0.18974797750623357
-0.1040127105201382,0.45812597861093196
-0.219765087764802,-0.07156628320890945
-0.1642108264720436,-0.02189370518835606
-0.3969195432804093,-0.6900286038029478
-0.1679259101993612,-0.5007457779531818
-0.1298119030709548,0.06842981827866745
-0.0775255395012998,-0.027279553282685103
-0.0901843433129005,-0.27878234740629715
0.9838532420392948,0.7700206383392542
0.4792210357453222,0.25666898905207364
-0.1528362491340835,-0.13985143612070974
-0.9992446920334742,-0.5546618548738782
-0.1373796662191943,0.029647085717888426
-0.112664039755512,0.06398218487039359
-0.7492677156777617,-0.5380613051425999
0.7695135503271106,0.3969629429724754
-0.1301558923049657,0.07559052844183023
0.0721097772934364,-0.11970869463564188
2.7658894688327,1.2607010582961684
-0.0149194989113182,0.060117484251060886
0.0542567360482713,-0.20484033568982574
-0.1492472947925699,-0.11510428414668741
0.5361512539741242,1.666427673777973
-0.9812540550947044,-0.7070061616249037
-0.1146763767744757,0.014798043379927128
-0.1605989395149293,-0.01949180336783937
0.5038162659771007,0.45503666056230346
-0.671870138025312,-0.7201797111548734
-0.1421267176485446,-0.12793455365989226
0.2872910959981672,-0.06300046677016552
-0.0893931680746754,0.09354756311957038
-0.5602112326653778,-0.7295153377455348
-0.1226018887260866,-0.3024626915351036
0.1034127975884272,0.08036723950940669
-0.1618258344495681,-0.27605370489107567
-0.0019081061348564,0.059852339894343375
-0.8398400809928285,-0.31972192990725534
-0.1642108264720436,0.06836503458075599
0.1907860630271927,0.1020896718218991
-0.6343065136713231,0.09707966897776266
-0.0943810119678333,0.0248555753947313
-0.1012607966480511,0.06521497977364904
-0.2154480228779653,-0.038235912925210135
-0.1880836793123992,-0.7407392256165061
-0.10628303946461,-0.4026499602918444
0.0008833664991419,0.03883512503304911
-0.0971329258399204,0.12578078816506866
-0.2257264211902107,-0.5924093602649609
-0.0689258086510276,0.11398637421738828
-0.0076957249970895,0.04230358604283741
-0.2254409101259816,-0.5395056309375201
0.1660188381784088,0.7678529232097174
-0.2558724910281448,-0.31781297153241855
0.2312391969468731,0.17748236784550164
0.0676379172512948,0.29570233590263095
-0.0054425955143182,-0.18837227467176682
-0.2254065112025805,-0.4143414658942023
-0.0895651626916809,0.0486763593128682
-0.0853226288055466,0.006355320455146092
-0.12997701790328,-0.2261289356466551
-0.0959174972130819,-0.2928410787228384
-0.1772032998406348,-0.4201504281156987
0.071813946552187,0.00769073184104848
-0.142424841651354,0.06087447462738076
0.018103467553727,-0.03350302694819744
-0.1774888109048638,-0.5319236804603792
0.1116685392046885,0.2958885148416663
0.0105357044054874,0.060003226175570225
-0.2685542274553463,-0.699352395509877
-0.212277588771165,-0.7438404130517482
0.3149661765051232,0.09245194713720617
-0.1538911494517169,0.009246659663502257
-0.0496624115464179,0.08045536977483803
-0.2046295614683229,-0.9030418508147574
5.241096681135275,2.600748341404812
-0.1114256785130728,-0.1259904817843916
0.0541076740468665,-0.09048160802270808
0.3245262106336758,0.3479946847983535
-0.3033200727060466,-0.5393663232578861
-0.196133027388254,-0.5207937202290477
-0.2150696347205534,-0.881494136924167
-0.1593949771958911,-0.20829878156409393
0.241283682579991,0.494063885469879
0.1763385151987354,0.08415637576182533
0.5520263571237267,0.6626791996769603
-0.3860150845622641,-0.6486741550661124
-0.2839053203384721,-0.5747467935492966
-0.2562852781089579,-0.5543419767961466
0.0722284535791701,-0.07125381206062828
-0.1278993229298542,-0.1783806468991842
0.6800075516374776,0.14822921817524873
-0.1435714724313903,-0.007891782387428811
-0.1763364469709274,-0.24241183479835382
-0.1642108264720436,0.7948817722430254
-0.1385262969992306,0.029679229635315683
-0.2458509380106276,-0.7167783991508679
-0.1012607966480511,0.05073768749124948
0.7060819355755029,0.5469249922432908
-0.3602846898582497,-0.5835181007135829
-0.6962452151473235,-0.26046602286383097
-0.1285460226897947,0.10531254606830259
-0.0502815921676375,0.0702631429801868
-0.0424386376321892,-0.008237666348551598
-0.2099613945954917,-0.5117872696916769
-0.1435714724313903,0.03929192050022546
-0.0651419270769078,0.056435291896822205
-0.0857812811175611,0.05445887347741326
-0.1181162691145846,0.022632061798160893
-0.1257321907555856,-0.08302706301416035
-0.1177722798805737,0.052572058246167
0.0961890236741985,0.05807016509986227
-0.1728449562457168,-0.6239248776827525
0.660847351303071,0.26252080189739935
0.0476865416786633,0.023505412130709988
1.4281153377643567,0.5700492254235043
-0.192280347967332,-0.7366042636717346
-0.032290955228868,0.16686886687645863
-0.1474103922829518,-0.2167924557628701
0.332050975127664,0.22354103924811108
-0.0916290980957462,0.012244963160395896
-0.1440874562824066,0.12622199804566248
-0.1792775549217205,-0.05111655923920561
-0.1219001506887044,0.05950774678930391
-0.1249960537948023,0.06330561236476515
-0.3729262942081499,-0.7818549980440199
-0.181949204639205,-0.24341619735284237
0.0476865416786633,0.2503348868506241
-0.1196642206676336,0.00500519740250005
-0.1470113647714992,0.04050914279866629
-0.0321189606118626,0.01878772754396766
0.2626798129354682,0.13999891728137132
-0.1365196931341671,-0.011827431439289073
-0.1357743831271435,0.012864796556547847
-0.1396155962402651,0.07531872659079022
-0.1973197902455915,-0.7690133103964393
0.2251849864282815,0.22727384320704702
-0.0948969958188497,-0.08033084426528062
0.0774416104206051,0.08373637520565391
-0.0781447201225194,-0.210940182836997
-0.1593949771958911,0.006135883111631282
0.0662619603152513,0.04907782470899003
-0.1435714724313903,-0.010265403790450114
-0.1230238488531399,-0.2857809796073703
-0.129123924602933,0.016549688294770354
-0.0527583146525159,-0.00011130861715615697
-0.0979585000015466,-0.02136825319428188
-0.2720514513344569,-0.6452256036837788
0.212973368620895,0.2419671473236148
0.0715410484265384,-0.21994854950622073
-0.1642108264720436,0.15856899589762946
-0.2294311852405079,-0.3232142958514715
0.079333551207665,0.10625402011658547
-0.1552017484332984,-0.3997476972247247
0.2588959313613485,0.2653392201652663
-0.319693960244965,-0.4958831852587362
0.1013488621843618,0.12944206408258968
-0.055510228524603,0.09614641956221476
-0.1490684203908843,-0.2309680616492693
0.8574371985402935,0.43253403412914104
-0.0754616040972345,0.0026021700196620853
-0.1616309072169619,0.06525814550949846
-0.0989388693184776,-0.43273288054579745
0.5719261343112566,0.6640911720053342
-0.096708099135917,0.0539974421279897
-0.3210974363197293,-0.673841638898609
-0.0119955904222256,0.08169682450312357
0.3692889563401227,0.27467699087583014
-0.1504512571116081,0.03486732650505952
-0.179483948462127,-0.13772516269202667
-1.9234061681271253,-0.8797270053346489
-0.3462499291106055,-0.8059100299551797
0.3004463909375237,0.3653261301976143
1.7031691292794628,0.9039028516047877
-0.2088606290466568,-0.12081904403452629
-0.1552671063877605,0.07985934546744419
-0.2684739633007437,-0.5732517661696575
0.5875776444587519,0.24478087797911996
-0.1542007397623267,-0.04299303019632098
-2.2762703243754943,-0.794918411662868
-0.1428789074402484,0.12856226499731283
-0.1539479076753287,0.0027133495823611284
-0.1559550848557823,0.09815912103116212
1.1618676706399296,0.7949009717958554
0.0684978903363221,0.05453095163740639
-0.1720193820840907,-0.7417719738795023
-0.1797247409259346,-0.4656034349605753
-0.5264314898855086,-0.5483563035076388
0.3598567715435441,0.2679631454668106
0.0623634156631279,-0.16559188317239237
-0.3767961730907723,-0.6775185661781178
-0.0885331949896482,0.051523300769299084
4.904229744214582,2.159986198072157
-0.1404755693252923,0.10183461553292258
-0.1253400430288132,0.0932999457768039
-0.0460505245893036,0.08811817781730372
-0.0844053241815176,-0.04734124656669454
0.0099165237842678,-0.051558397391006164
-0.1009168074140402,-0.03708731263937443
0.5258315769537976,0.25048624474420744
-0.2559321158287068,-0.27217741433877235
-0.1040127105201382,0.033008322431698094
-0.1549231171537496,0.08974990360770757
0.5051922229131444,0.7029859489522887
0.5426870494203311,0.3177356771418328
-0.0111356173371984,0.04674818923117082
0.0403354917478506,-0.13279869174359754
-0.0990248666269803,0.10618704835999077
-0.5654742679457444,-0.893632994874771
-0.4165785280041315,-0.05841728271633087
-0.1590509879618803,0.029560733250542474
0.5106960506573185,0.2457413364080388
0.6950570806254539,0.6404678016206278
0.7459846867207659,0.24803965870584344
-0.0921095363925814,0.5184084143608486
-0.1180302718060819,0.06395798181616041
-0.1107136207986703,0.06974016525514065
-0.2830247078994043,-0.9214545081360278
-0.2399400563395406,-0.8358932967951227
0.0721097772934364,0.11947290396984672
-0.0366710848086067,0.029789850987196102
-0.1146763767744757,-0.006277314329232848
-0.1552671063877605,0.07268544982758995
-0.1425395047293576,0.04878111706473006
1.4164197038079864,0.784041362122728
-0.1688661474389909,-0.587255480051106
-0.0075810619190859,-0.18501675342831458
-0.02982569905179,0.09554585517867153
-0.1545791279197387,-0.005173937069928001
5.154894699038316,2.3541943115133708
-0.0128555635072529,0.12342222006201037
-0.1447181032114266,-0.020188654090972556
-0.1091450298915806,0.06426355304581538
-0.147544548084216,-0.03297464096650304
0.0798495350586813,0.014552809927383718
-0.1941826084314122,-0.5711566648193559
-0.1220377463823087,-0.09472462427914219
-0.1501072678775972,0.08266412113598981
-0.2008800788176042,-0.7809281938226248
-0.1551811090792578,-0.05903631214948082
1.0943311176957915,0.16881936721242086
0.2695733571850465,0.11913439230575673
-1.374708940956358,-0.8117456818158502
-0.0349809510388332,0.0005194380395262821
-0.2132980901653973,-0.6298199627933527
-0.0942090173508279,0.06339269614765203
-0.4992563403986484,0.7104055597284566
0.245136362000913,0.13545850708795767
0.2311652392615608,0.17908988665716655
-0.1593949771958911,-0.002403241673979588
-0.2062463108681741,-0.8529814333552252
-0.1642108264720436,0.06615538351207326
0.4680413856399684,0.01935870544723508
1.3631013725362988,1.0209664749077942
-0.0844053241815176,0.07900025189468401
-0.1642108264720436,0.005973735180982258
-0.1745993013391724,-0.5774646172435113
-0.1436058713547914,-0.09427857671068474
0.1397896590850786,-0.10518605411291213
-0.1420235208783413,0.25123753734127197
-0.2410809539656767,-0.7674584167263484
-0.3182320060004186,-0.5830919378380874
-0.1551088713401155,-0.22235120475485148
-0.109506218587292,-0.34355931314803245
-0.1403035747082869,0.04701050506778632
-2.529798416256979,-0.38408539449679785
-0.1564710687067986,0.050163729225638574
-0.1163068857436873,0.08089276539489404
-0.1389849493112451,-0.22345533811467155
0.2582079528933268,-0.08092878478710323
-0.136863682368178,0.006927867603835465
-0.7284907659435043,-0.9784332023604339
-0.1109495974132018,0.1519511935397937
0.328290026169145,0.37723658512875907
-0.0119153262676231,0.03581097737189467
-0.1074526028602471,0.8249916663735821
-0.1569870525578149,-0.011394140777267026
-0.0887051896066537,0.019851308071198663
0.3448932398640705,0.9803353557897133
-0.1646408130145572,-0.5862244332334704
-0.0703017655870712,0.19993512523266654
-0.1887945903960217,-0.7860302122200342
0.3084303810589164,0.46489591672863384
-0.0181621707572608,-0.0855496634937705
0.1354725941982419,1.605439475770023
-0.1022927643500837,-0.025025299106340056
-0.1177722798805737,0.026567029387048267
-0.1320392333611753,-0.2382807124249861
-0.0778695287353107,-0.2350950658390631
0.3944276895616384,0.7478245195937915
0.8791773181297815,0.1558676895661787
0.429514591430749,0.5031532996535214
-0.2503457306683699,-0.4747811084253921
0.543031038654342,0.5685154885292971
-0.159738966429902,0.03322691497090453
-0.1373796662191943,0.04878930328662547
-0.3392325487367834,0.19749026725298197
-0.101604785882062,-0.02441919934949583
-0.0672058624809732,-0.38028115852840416
-0.276824301956358,-0.5550129945999442
0.3056784671868293,-0.0017931618014761022
0.6061186641719388,0.20016362800669218
-0.3950276024933494,0.29223810814884343
-0.055510228524603,0.03718386569106937
-0.1120895777347138,0.7319425169763283
-0.1333664584890673,0.08391993414377405
-1.6826315917596726,-0.04570467534704102
-0.1471489604651035,-0.17589954569530708
5.320009531363542,3.9048234773664015
0.0428706924025109,0.0624134759886304
0.0315190476801516,-0.1281891674115174
-0.130104293919864,-0.03131255665361539
0.5345459708820733,0.746394151883378
0.3037291948607676,0.1154186800706864
-0.1323918223260364,0.08399716122219181
2.390023899136803,1.151070705834505
-0.1466673755374883,0.02602302874867681
0.1178603454168845,0.03234653144551201
0.0530757063448339,-0.0011639652672164463
0.0036885987025007,0.05776107066537448
0.4527510641881844,0.02621825448831258
-0.1270599891988677,-0.014886043300377877
-0.1304998815389766,0.10737179485950349
-0.1487313109415536,0.005411733107437908
2.242673244171289,1.4632807440211746
-0.0873292326706101,0.03938776037681437
-0.1225881291567261,-0.16980501097227096
-0.1614864317386773,-0.2518557146499455
-1.26576411065277,-0.26782908569349473
-0.1449474293674338,0.07632865780063058
-0.1287799353689221,0.11282960700152528
0.4007914903908398,1.1316474998449446
3.962800008573584,0.6793697057838266
-0.2847274546077582,-0.5091189730208131
1.778181714909437,0.5430276568305162
0.336601035389004,0.5556569305416694
-0.2323665600374008,-0.5659302352479956
0.9035317558977528,0.5969450621560448
-0.1292959192199385,0.10763188966217008
0.9489383347871896,0.6369207837349626
-0.1458647339914629,-0.05902609392170026
-0.0957569689038769,0.08338697283539434
2.3296612416679627,0.9440628113952215
0.4737745395401498,0.8980698284616971
-0.1642108264720436,1.4775893092670511
-0.1587069987278694,0.04968226265325227
-0.3066223693525512,-0.6610635480644159
-0.1576750310258367,0.05968248030291704
-0.2773832844616257,-0.621752946410976
-0.1126124413704104,-0.009501542421509537
-0.1509672409626244,-0.5279957322291764
-0.0801054587563815,0.09470497439077566
-0.4664397674740097,0.3080091401705606
-0.2133783543199998,-0.9738649984568548
-0.7743101319137543,-0.6477107767139916
0.3510850460762665,0.15333551127443606
0.035417592332275,-0.04673218306974483
1.0028552073260564,0.6033030097995632
-0.0940370227338224,0.04708169278426679
0.1243273430162892,0.16224195989032814
-0.1725697648585081,-0.10802545525299198
-0.138411633921227,0.047103456303379136
-0.1510016398860255,-0.5321183635633968
0.0404283688410336,0.08596287673363237
-1.6525662447286529,-0.25837524743097395
-0.0434396463031609,-0.024139596993028714
-0.0582621423966901,0.013965721661824748
0.3256298427594608,0.3641817935142172
-0.0910557827057281,0.006923366105547481
-0.129123924602933,0.026650918057543417
-0.0231752405275795,0.17826190903620964
-0.0871572380536047,-0.05610518583723349
-0.1220721453057098,0.0884080996132173
-0.3829191814561662,-0.4741879435833226
-0.1224734660787225,-0.015624343016939737
0.2304961802014096,-0.106664587236309
-0.0267871274846938,0.19694609578361827
0.2041328453068152,0.3519912654906886
-0.1374691034200371,-0.22907495600116262
0.0022799627892261,0.011482594289299812
-0.5291042862337733,0.5312775421799683
1.899717697808604,4.4400529893655625
-0.1471833593885046,0.0526866373098595
-1.937647322415176,0.04879271071159986
-0.2684395643773426,-0.6999824355383101
-0.0878452165216264,0.09009933980545215
-0.0713337332891038,0.14604987247424267
-0.1387556231552379,0.06755610021052028
-0.1645548157060544,-0.13508109786508218
-0.386770140930918,-0.532227259531314
0.5452669686754128,-0.009384087430261027
-0.0621228482330723,-0.06408788541263946
-0.1740661180264555,-0.13564003132687333
-0.1458074024524611,-0.2779779788517668
0.0666059495492621,-0.03361884161583153
-0.1282639515179058,0.05435117623728506
-0.1343984261910999,0.03855875061686411
-0.0940370227338224,0.0005304404932392134
-0.0455345407382872,0.01371924510477538
-0.1334237900280691,0.05537764449798443
0.113044496140732,-0.012238174734590532
-0.1000316084518522,-0.29774904625401827
-0.0101036496351658,0.061723860862119194
6.510711065430531,3.1695816746306655
-0.247442461533318,-0.09146387027115724
1.9024764914653716,1.3360751112707805
-0.5190242550464741,-0.9027356681510299
-0.1850221751297023,-0.8780149303384754
0.208329513961748,0.011160457355718294
-0.1765944388964355,-0.11753632484905749
-0.0458785299722981,0.10500636047335563
0.6120971970590481,2.6501343370408215
-0.141507537027325,0.07413406160458183
-0.1647268103230599,-0.4225488712843945
-0.1277479676668894,0.053415444157506674
-0.1336233037837954,-0.3454670272135231
-0.0923744081027698,-0.09072681244337508
0.0935231071106141,0.12433029668386919
-0.2757550687539742,-0.7736974156261641
-0.1232761076247479,0.028483814609238954
0.4185069359424005,0.384031463928109
-0.2114520146095388,-0.5180300488219165
-0.1859337465998312,-0.0709589531214043
-0.2803071929507182,-0.5744020261080275
0.9215911906833242,0.22833117774181244
-0.0951836535138587,-0.07629258473231237
-0.0862972649685775,-0.2260182991724352
0.1264944751905578,-0.09196970341419355
0.481800955000404,0.32359614244694074
-0.1955482456904355,-0.5559863301095251
-0.4170429134700463,-0.7095013892509473
2.8917895284806847,1.7231757350006112
-0.0947250012018442,0.0799887478990167
-0.1249157896401998,-0.01889579093895851
-0.1580878181066498,-0.4160820950563675
0.0600357551796542,-0.04449625719236458
-0.1036687212861273,-0.0019211516692730496
0.718121558765884,0.20164870784774308
0.0076117959163949,-0.13724851504210853
-0.4755554821752982,-0.9263853511495006
-0.0553382339075975,-0.05672965181267384
-0.2325786867317075,-0.6666148754755765
-0.1465676186596251,0.08771863681508155
-0.1642108264720436,0.08737746822703318
1.43327517627452,2.3500847562398572
-0.0890835777640656,-0.1064917759813267
0.3944276895616384,0.15346306932988307
0.7676560084634517,0.8299323984782172
0.13161991477732,0.16597304629879456
-0.0890491788406646,0.01436788211450133
0.1546671934560494,0.008166104174801007
-0.1240328839395719,-0.11438904137174288
-0.5643391034735085,-0.7400395910229155
-0.5945551177890248,-0.26102251015527655
-0.0881892057556373,0.08423852736382909
-0.7652288161358669,-0.5890272538561006
-0.2131260955483918,-0.9832663133891306
-0.2030472109918728,-0.7242024257861013
0.8367978444996401,0.27306292710995145
-0.0359028421859824,-0.11181973731421152
-0.1765170413187831,-0.6679891276556648
-0.1031699368968115,-0.14633238490279316
-0.2054207367065479,-0.18043674257930148
0.8643169832205112,0.33846042599930615
0.0545525667895206,0.13618875934293762
-0.0076957249970895,0.24580082693636168
-0.1373796662191943,0.014789715071762168
1.1255194749127788,0.5728034657611567
-0.0269591221016993,0.16516178219248578
-0.1067646243922253,0.03151886066925271
-0.1592573815022868,-0.45993608471227254
-0.1709988806898584,-0.24589810259775657
0.8987159066216001,0.3467239796683032
-0.122932118390737,0.04800790630826129
-0.0513823577164723,0.015901154444461302
-0.1511392355796298,0.023187704486907296
1.7511212285005804,1.1789246205052684
-0.1399882512437769,-0.2616850234677271
-0.102681472184516,0.0743060604361836
-0.1934877501787102,-0.17241820643220268
-0.7630548041769183,-0.5603739673289646
-0.052414325418505,0.12449476244174035
-0.0073517357630787,0.11452222590495953
0.4664246362401172,0.11829986383245478
0.9553881329248938,0.18551376426132613
-0.1295825769149475,0.015135402716323576
-0.1490661271293242,0.02204207667736377
-0.1275553336958434,-0.3654647983068871
-0.1757344658114083,-0.8588551478174399
0.1711786766885721,0.10870980852863629
-0.070645754821082,-0.017435485065187065
-0.1642968237805463,-0.06047257849771802
0.1109805607366667,0.15241967680620558
0.0468265685936361,0.3531497403485866
-0.1818402747151016,-0.5731774988440591
-0.1528591817496843,0.11218069712468681
-0.1464518089508415,-0.2234556300403519
-0.0514167566398734,-0.14531397852981864
-0.1802177921613502,-0.3642929553589871
-0.1342837631130963,0.09020975758194694
-0.3488183820578868,-0.7897390606545182
-0.3212075128746128,-0.20877972748920665
-0.1796886220563635,-0.1898353215610083
-0.1607365352085336,-0.06961180087136634
-0.1626055433799927,0.03107344077958423
-0.0414066699301566,0.07426099334045458
1.5473420062725305,1.1120463496223323
-0.1944818790650017,-0.4668038713072499
-0.1131284252214267,0.07036080771262615
-0.1276722900354071,-0.12505113697232323
0.0091597474694439,-0.05116300561864385
-0.1807223097045662,-1.1144598163428907
-0.0661738947789405,0.07971689696857615
-0.1239795656083002,-0.2242719314617398
-0.1073379397822434,-0.0545217045330329
-0.2008800788176042,-0.14721867634366823
0.4647734879168649,0.32211724943199366
2.252657531688455,3.37611712658239
-0.2576841676606022,-0.8353595480079283
0.1649868704763761,0.13374749847883094
-0.0266151328676884,0.1186236241790706
-0.1596598489060795,0.023803473721865573
-0.0692697978850385,0.055120027955152674
0.0361285034158975,2.6519390288264395
-0.135315730815129,-0.07720248892359138
0.0850093735688446,0.17829190117126784
-0.1515090240061915,0.15659015473628923
-0.0795997945823855,-0.0992012906692771
-0.1358317146661453,0.05090916376747071
-0.06584137185273,-0.13231345443441217
1.5675616934476904,0.8110456584256928
-0.1443248088538742,0.03679194851431205
-0.0088996873161277,0.09619173155723623
-0.1642108264720436,-0.14595719295369947
-0.3195563645513606,-0.8681478229417557
-0.6241846304605527,-0.6122171144985905
0.1505393226479188,0.2792835656477286
0.1185483238849062,-0.20430856458798752
-0.1693190665971052,-0.5269706685073131
-1.1549915508858035,-0.5342830303397923
-0.2692135401538671,-0.6051464929654494
-0.2796880123294986,-1.0598934842535972
-0.0873980305174123,-0.13132224047917226
0.0365068915733094,0.44900377266594854
-0.1487536702417643,-0.3470740636984795
0.0202121215582137,-0.051375235807221226
-0.2064068391773791,-0.5150900079649108
0.2843511346781542,0.13452778270919136
-0.0570925790010531,-0.2048189614261779
-0.1136100101490419,-0.11820095349824974
0.0819134704627467,0.20315170924277226
0.0618216326195607,0.05299005944010144
-1.0372555023916772,0.008176919125677196
0.0862133358878828,0.0029660913985001605
-0.1363476985171617,0.10076184741362268
-0.1366916877511725,0.07319770161732139
-0.1481579955515355,0.013602390751837466
-0.2966466815662354,-0.580664846226206
-0.4862707468147374,-0.6591399402839401
-1.879922489055809,0.19581944669933804
1.2839838487137945,0.5456236235680737
-0.1212855565906049,0.04742266961765653
0.2588959313613485,0.1722706539582797
-0.1915923694993102,-0.8117689317697574
0.0225753275958685,0.011366448463863074
0.6704756099630359,0.9501963852206762
0.0628679332063438,-0.15778737345664454
-0.1927619328949473,-0.5919440795669845
-0.1558404217777786,-0.2021230530909659
-0.1169123067955465,-0.03384414418546797
-0.1463233863034774,0.0914338548451483
-1.3086458085645671,-0.5424655463352913
1.2021144110192032,0.3510752456742161
-0.0279910898037319,0.0620433250079084
1.1931706909349202,0.41671698314060784
-1.4188542259877557,-0.9170020257000495
0.0261872145529828,0.05077548826933489
-0.0983368881589585,-0.19096865435726756
-0.1424271349129141,0.030541271681398065
-0.1642108264720436,0.022609211816727967
-0.2097206021316841,-0.17059271843021798
-0.4309400785240861,-1.0803348991775894
-0.1084845705622797,0.055130919594260176
0.0710778095914037,-0.003452054162452513
0.0463105847426198,0.11081120515576354
-0.1657501782942423,-0.28429497412326293
0.1918438299217762,0.02296023558785687
-0.9796717046182544,-0.844648720280186
0.0091597474694439,0.1333877802841832
-0.2626146800147583,-0.7720327679609001
-0.2714494701749379,-0.9088214722079557
-0.2310364683325587,-0.5152390372110746
-0.0811374264584141,0.06686541782993558
0.482058946925912,0.7959909157069325
1.3148689220894625,0.5219175524256938
-0.0795894749053651,-0.010907918082263893
0.2035136646855956,0.047992024265330634
1.5670181904579534,0.5679824519009572
-0.1246520645607915,0.09941373962066602
2.388533279122756,0.7792850186990831
-0.3018065200763988,-0.7810270745397624
-0.1094018751863087,0.07518957879742316
-0.1569870525578149,0.17850941172029555
-0.0305228505660521,-0.05441187444166796
0.4065705095222228,0.10555316935623518
5.435933903225211,2.5826985208134547
0.3589967984585169,0.178625293580497
-0.0475984761423525,0.049465093932522276
-0.1437365872637155,-0.26365698447960206
-0.0211113051235142,0.08478759419959378
1.602517879407877,1.8112149123344767
-0.1593949771958911,-0.04524098355147541
-0.0486763090755867,-0.05661847167439969
-0.0879656127535302,-0.001443505252179532
-0.0948625968954486,-0.10476353831808824
-0.0202169331150859,-0.12360991001839303
-0.3875028379993612,0.1268211183850951
0.0813974866117304,0.015958839262107165
0.0816268127677376,0.09258120293120681
-0.0085556980821168,0.04070279060341014
-0.1452914186014447,0.1056334267315337
-0.036934809888015,0.16466064128826893
0.5777739512894415,0.34439337549123955
-0.3015313286891901,-0.8697930414920406
0.5086321152532531,0.24691695189055468
0.0265885353259955,-0.014918311445235314
-0.3931356617062895,-0.5839629457335164
-0.2704347019346058,-0.6824231340345907
-0.2368613526951431,-1.0044663023832558
-0.3481762688210665,-0.44061550663397697
-0.0352102771948404,0.08817615692273117
0.4196145812759156,-0.33838781536579987
-0.1414559386422233,0.004885963770460376
-0.2955688486330013,-0.6082184205983023
1.2468330114406188,-0.0011581879510204826
0.1588638621109823,0.29103442235493726
-0.0033958595719534,-0.03322975247712135
0.1136034786459997,-0.036493963567484036
-0.7208370054867619,-0.8263920675581584
-0.1490753001755645,0.017798215985475013
-0.0269591221016993,0.05564660407622784
-0.0727096902251474,0.049480434310396025
-0.1478644580718462,-0.5636270269968775
-0.0381387722070531,0.04811982105951534
0.8284905044982774,0.18380810059009925
-0.1375516608361998,0.05766966412777449
-0.2099785940571922,-0.35055503674771
-0.079933464139376,0.033672683145404635
-0.2374805333163627,-0.6231242290010954
0.2554560390212397,0.18989875354260977
0.0769256265695888,0.10097236980361018
1.360349458664212,1.070847609253921
-0.1193202314336227,0.02331645021467646
-0.0465665084403199,0.17241980740133198
-0.138411633921227,0.0227383326375643
-0.1506232517286135,0.01732026372879643
-0.1146763767744757,0.06414143160369065
-0.1007448127970347,-0.02628335629075054
-0.4861847495062347,-0.45117481320006003
-0.2021184400600434,-0.5243752409939617
0.2884790054862848,0.32564751318864626
-0.101604785882062,0.01753039914044511
-0.1578470256428421,0.07494020875886948
-0.1504512571116081,0.03981066966784646
0.0769256265695888,0.08741138390007899
0.0968770021422203,0.11081847726887634
-0.1366916877511725,0.26752694793268456
-0.1943442833713974,-0.05967531094348813
0.2100494601318024,0.1756984333261879
-0.0671416511572911,0.07059300043942074
-0.0636237879241398,-0.4307730741178184
-0.1329078061770528,0.039388416603836095
-0.1603925459745227,-0.12092842637036436
-0.5225100126177844,-1.0165653625065212
-0.3601298947029448,0.1112848346402256
-0.839943277763032,-0.6323779532326044
-0.1419891219549402,-0.664581074580979
0.2349542806741907,-0.17480221272415825
-0.0733976686931691,0.05682692871039793
-0.158821661805873,0.13842642545901102
-0.1714105211398915,-0.3599527633060922
0.3007250222170725,-0.0027257784558697637
-0.1313025230850019,-0.08095282324317918
-0.2433283502945478,-0.7554702511779837
-0.1091725490303015,0.17325021400615365
2.0982063656175662,0.7532366612701025
-0.022968846987173,-0.2060785230222816
0.6220969640917446,0.2672139987039128
-0.2078114618829236,-0.45761775619646167
-0.1564710687067986,-0.01596155793814774
-0.5157678236311711,-0.7110637788215779
-0.1642108264720436,-0.15013000103614077
-0.0004719510828609,0.05609983168957391
-0.1556110956217714,0.06403978694892662
3.3852420846693034,1.7208642217657286
-0.1533751656007006,0.043206802452052044
-0.0789014964373434,0.2893182613938797
-1.1177489831502248,-0.46177947872229613
0.0492344932317123,0.002631765449028718
0.5808698543955397,0.4365801234806571
-0.099867640250307,-0.2458613135085661
-0.0341828960159279,0.008526853518283604
-0.02919505212277,0.024400375407116787
-0.0584513364753961,0.08932940239935658
-0.8548552110574039,-0.6322100375838171
-0.1384288333829275,-0.08382456153379976
1.734558146882956,0.763092496212582
-0.5929332085506634,-0.4728777015882754
-0.2353856388812364,-0.22859989345356324
-0.0679763983651576,-0.0938835279761924
-0.155095111770755,0.07495507743508217
0.6396920134114015,1.2544813643247783
-0.8789172579764656,-0.7939054826301379
-0.1533040744923383,0.08251594423987271
-0.2688982166893572,-0.047949300099580636
-0.1456319679431155,-0.14650782619581013
-0.0076957249970895,-0.09486124864480228
-0.0941247399884952,-0.05022500731143848
-0.1074526028602471,0.044684742731000086
-0.0725376956081419,0.029962175434324216
-0.0857812811175611,-0.11567067123637817
-0.3109795663166891,-0.48853297394734996
0.006637159753364,0.043200795158657164
-0.1301558923049657,0.07333716210505939
-0.2474287019639576,-0.564971700827439
-0.7107409214685424,-0.5027241577428814
1.324402583710074,0.4110082205376447
-0.0991968612439857,0.021738433264564677
-0.4181780779422822,-1.0400118618666425
-0.2184464623677602,-0.8180030377936358
0.3806681202012029,0.17157990481201554
-0.1559550848557823,0.009004299549872717
-0.1530311763666897,0.08771727172507052
-0.0475984761423525,0.026008416733133755
-0.1435714724313903,0.07068813511792837
0.2140512015541291,0.013927382386335584
-0.1404755693252923,0.0655062060457404
-0.075920256409249,0.011496154843477581
0.054910315592892,0.02538860499431636
0.8398708149901374,0.18226832738886253
-0.0899091519256918,0.0845449872824017
-0.0326418242475591,0.08941435042255111
-0.1245832667139893,-0.06615574651968115
-0.0746360299356083,-0.12869073569525027
0.2210089571273893,0.22429570638864388
0.6393480241773906,1.0644533336798983
-0.2623337554736493,-0.8793413470647096
-0.1586794795891485,-0.6344846830406377
-0.0733976686931691,0.09083827781750778
0.3935849159383117,0.2923362561933468
-0.1200426088250456,0.03516893852437538
-0.1819090725619037,-0.8939005058222289
9.711032103512528,4.3525127388775955
-0.1581566159534519,-0.4754398127434698
0.1859702137510403,0.2945950091004804
-0.0633073178288498,-0.05640428962662154
-0.7833501689835606,-0.05542977886248923
-0.144603440133423,-0.01388482923939665
0.1654099772342095,0.001422899483129611
0.0076117959163949,0.1061237342932303
0.2358830516060201,0.004941585988101328
0.2403205127247606,-0.045386395575130634
-0.0733976686931691,-0.1764924379792891
-0.1311878600069983,0.02602640215492376
0.1550111826900604,0.07217410407924896
-0.122932118390737,0.0010152577533085044
1.9646009471277373,0.8734805744142802
-0.2917161692120794,-0.5552921664361596
-0.0355588529519715,0.10612371080643707
1.6408256671381092,0.7048489347065131
-0.2688523514581556,-0.6801739157027631
-0.2132292923185951,-0.6137059641262469
-0.1126124413704104,-0.033011967962518374
-0.1538911494517169,0.005429437338761875
-0.1050045461448696,0.024791149913276495
-0.1517492431546091,-0.44869802470365683
-0.0238632189956013,0.10755815408763483
-0.0610140562687772,0.011437158073986424
-0.1174282906465628,0.10867737565812227
-0.1019487751160728,0.03704826759008827
0.8945880358134696,0.32451346029500566
-0.1642108264720436,-0.11914861450940034
-0.1356826526647406,-0.4960312750076292
-0.1518891321097736,-0.21382159231331593
-0.1948258682990126,-0.36921450993585786
-0.5190013224308734,-0.4284610159012832
-0.1142360705549418,-0.15377832811704456
-0.0907398859258281,-0.3369788089544514
-0.1563472325825547,-0.17358154019285638
-0.0657301486670665,0.27661987537730137
-0.1144986490035701,-0.25381516542590926
-0.1750464873433865,-0.6366315299000278
0.0237792899149066,-0.09180887398334689
0.8137505658209108,0.19094185829353771
0.0032431326444566,-0.02929773224701431
-0.1108924952003559,0.08501003815718261
-0.1499926047995935,-0.025430963956396557
-0.1849717233753807,-0.8628103421123117
0.8054948242046495,0.2601270255676625
-0.1478713378565264,0.06415310776136329
-0.1923061471598829,-0.29904983188962114
0.0215433598938358,-0.04703301727207541
-0.0113076119542039,0.06190324741436339
-0.6075728170347768,-0.33660549267975554
0.2057495947066663,0.17708663855239248
-10.118571280279118,1.2609168091487832
2.517185252642828,0.9427598416645536
-0.0714266103822868,-0.18630644522887801
-0.1369210139071798,0.012495663322828712
-0.0397211226835032,0.08347081566163594
-0.1538911494517169,0.0012860656054523023
-0.1742094468739601,-0.5250973445928454
-1.0695904903887006,-0.91260110381104
-0.1242713831418194,0.07282408876180183
-2.498384172776325,-0.33425565374473887
0.7837547046151615,1.4294414733237382
0.1639549027743435,0.2789915568319976
-0.1073838050134449,-0.3032133791590017
-0.1372076716021888,0.01856164439179192
-0.1397875908572705,0.12525589494594586
-0.1972595921296396,0.12798002412128046
-4.206634708874394,0.41610025201492773
-0.1898036254824536,-1.1448962423464917
-0.0637659701408643,0.0796821443540579
-0.0665178840129514,0.023793775609225784
-0.0262711436336775,0.18392460312561615
-0.1227601237737316,-0.15081328587999118
-0.1642108264720436,-0.01256784199698048
-0.2006736852771977,-0.426722725474027
0.0697018526553601,0.050249697735674774
-0.1546937909977423,0.06717799910152061
-2.717986899768876,5.504854515248755
-0.2272468536045388,-0.8734194039291651
-0.0119382588832238,0.03114884844597992
-0.3678524530064892,-0.7709967596816469
-0.1328390083302506,-0.2546259196520566
0.8660369293905658,0.6190630858324945
0.0143195859796072,0.08557806569292709
0.0951570559721659,0.08222752823944662
0.0779575942716215,-0.13910841686910455
-0.084955706955935,-0.1922779003935108
-0.160084102294693,-0.23984692994042428
0.2231210510242162,0.03667946123723579
0.5369172033351884,0.33843965430718054
-0.248075401723898,0.16669966839387163
-0.1644172200124501,-0.5319914447425578
-0.1065513510671385,-0.23606929821433814
-0.0728100204184005,-0.31445816258831
-0.1011369605238071,0.05981416485378043
-0.1434063575990651,-0.27645982605638736
0.1247401300971022,-0.08663447547044001
-0.1279199622838949,-0.0924507969062099
0.2975431218024718,0.1879475652878759
0.0524106604924128,-0.23865587924361642
-0.1206101910611635,0.09048467689663442
0.0383988323603694,0.277374676467513
-1.9348954085430887,-0.10450027797451933
-0.1366916877511725,0.05424338618197765
-0.0947250012018442,0.013847903781002494
-0.1540631440687224,0.04673952790204127
-0.641255096198343,-0.442771915795398
-0.1064206351582144,-0.0010691762611595435
-0.2663412300498762,-0.7071278881002643
1.4281153377643567,0.5540610680984965
-0.2225342010985896,-0.8747250789729063
-0.2517990851820659,0.0342003651935131
-0.1441218552058077,-0.3267259877471021
0.1476154141588263,0.2694413501536284
-0.3849573176676806,-0.5742123191927476
0.2874470377842522,0.1634761826519367
-0.0949743933965021,-0.012462635407232935
-0.2098662242407487,-0.9472463219060978
-0.1346277523471072,0.06444473716854829
-0.4087458931457036,-0.7858583336102926
-0.3577621021421698,-0.593454179317657
7.996589761202261,3.002485608095355
-0.1074526028602471,0.04193464959156908
-0.1081405813282688,0.08434420244876348
-0.1246520645607915,0.05808781259168181
-0.2686459579177492,-0.510262773783024
0.0552543048269029,0.12639283765804504
0.4185069359424005,0.25082687051971697
-0.1012607966480511,0.0009172595509974388
-0.0837173457134958,0.013718027942918834
-0.1616309072169619,0.06859929514616189
-0.1396155962402651,0.07039337279733274
-0.1766632367432377,-0.7576369551292251
-0.1168458022103044,-0.03674616559815677
-0.663848309088178,-1.0287911089066069
0.0115676721075201,0.051083192148690164
0.3695962533891724,0.298868948358777
0.7244280280560835,1.124663210229684
0.0535343586568484,0.2438825742937677
-0.1642108264720436,0.08313822198821721
-0.3389573573495747,-0.771927167355296
0.2434164158308585,0.09332263655539624
5.263251307751745,1.8280802083062904
-0.0916290980957462,0.06275865330269678
-0.1459105992226643,-0.5709737378301168
-0.1222097409993141,-0.11124160450871728
-0.4893494504591349,-0.7540062123886289
-0.1214581245230004,-0.1903463083812174
-0.2797912090997019,-0.4924231685288723
0.1985258207924377,0.1261941099006535
0.2356044203264713,0.513615736103322
0.1597754335811112,0.20562958136646875
-0.1642108264720436,0.009700308889246952
-0.1304998815389766,0.10507079257973781
-0.3490620410986445,-0.5477897271645323
-0.1226018887260866,-0.24114992782247202
-0.1233930639643116,0.14548302080507725
-0.0669765363249659,0.09639368474706617
-0.2286228105405823,0.16277886113474999
0.2693876029986806,-0.0031265754892931055
-0.01560747737934,0.08063768548625971
-0.0452249504276774,-0.05491042574527793
0.1199070813592493,-0.1734862094917716
-0.0080397142311004,0.06745172342328651
-0.4526801981135742,-0.7581145064484524
-0.1601104748026338,-0.20785494522425574
-0.116740312178541,0.23552914627826105
0.328037767397537,0.26691603148508247
-0.0359028421859824,0.5971440375693504
-0.1211605738355809,-0.06969249118310414
0.8721478981327692,0.08517892899089602
-0.4049172929711624,-0.6145919477182961
-0.0967889366059095,0.054404993223693986
0.1489569721714687,0.26463993557690435
-0.0645949841948305,-0.12566906109354561
-0.1956514424606387,-0.5218142802861202
-0.1091725490303015,0.07765816094247932
-0.3966328855854003,-0.4929588021910441
-0.1186322529656009,-0.002589953969484561
-0.0552809023685957,-0.0003858060487703166
-0.0654859163109187,0.08500147978759584
0.064198024911186,0.23596637172746032
-0.0579181531626792,0.06377488481768925
-0.0024384228706232,-0.00414245521191315
-0.0762871782588606,-0.007867145545780059
-0.1642108264720436,0.6595039756541968
-0.1382052403808204,0.018572451934170592
-0.1053886674561817,0.04101968365545445
-0.143089887503775,-0.06460029402403211
-0.832679142445346,-0.2888762784626023
-0.1411635477933141,0.16528981413562427
-0.9278669259762148,-0.8486757749973863
-0.1133004198384321,0.04657655318675618
3.3229456343899315,1.8985814877581682
-0.230256759402134,-0.20569770224345885
-0.2564916716493645,-0.6439731248918245
-0.0757711944078443,-0.1166747949235436
-0.1360587475605925,-0.1390839591882628
-0.7160796343803913,-0.53358941669902
-0.2717418610238472,-0.9002231202481635
-0.0214552943575251,0.05645501797988214
0.2270769272153414,0.09882693069832194
-0.1536761561804601,-0.10999854896972208
0.3393894121198963,0.3496986984699034
0.1613749835192618,0.13275921406188285
0.1154524207788082,-0.07473269404842152
-0.2615735392664853,-0.5099642744589832
0.7189815318509112,0.6358054000192991
0.090169212079008,0.06908334857324896
-0.2956147138642028,-0.46159867580990066
0.9570220817864457,0.24351784781723795
0.5091480991042695,0.14770513108315747
-0.1174282906465628,0.06858047921913332
-0.9443784092087376,-0.8532895580031012
1.9588907258431567,1.4081521976691782
-0.11449578242662,-0.00323185714361246
-0.057216415125297,-0.018143478685445184
-0.397985909905843,-0.9429770662140101
-0.1587069987278694,-0.015023829761865986
-10.367894677090211,0.22375733408661896
0.253098566137485,-0.2477822834332516
0.210164123209806,-0.04160456777090047
0.0339269723182278,0.09486563225596356
0.208329513961748,0.18770751700571964
-0.1421955154953467,-0.0896010839419015
-0.1947570704522104,-0.7064094056290566
-0.0868132488195938,-0.024887935048806372
-0.1053886674561817,0.003927062324162137
-0.2226889962538945,-0.8170963445095552
-0.0841817311794105,-0.28484526709797137
-1.5997696304618818,0.9913853195940413
-0.1642108264720436,0.10646661124635315
-0.2367237570015387,-0.03575916779553664
-0.0864692595855829,0.0348817235081599
-0.2645696854947201,-0.1890702103732269
-0.3329765312009054,-0.06043789808728993
0.151399295732946,0.6024939888132662
-0.3712441868538366,-0.5685628772509552
-0.199325247479875,-0.9172993494857082
-0.1252253799508096,0.040585265087863386
-0.0075994080115665,0.07108522266593614
-0.030173357504297,-0.1411243436587405
1.58050256843118,0.49477618413285507
-0.138411633921227,0.028446613652597146
0.1116341402812874,-0.029245878302636953
0.9778334304441044,0.14090852250491775
-0.158473086048742,-0.27801142504419973
-0.1889436523974264,-0.7209301924547277
-0.0335407827791076,-0.045830451970257036
-0.0228312512935686,0.11029164774918587
-0.0684476636157525,0.8023604221359856
-0.1048726836051654,-0.16739789271582162
-0.2017056529792303,-0.5811265053066345
-0.0450185568872709,0.0841896471011753
-0.0995683696167175,-0.2984106932454337
0.2311016012532687,0.10432759431941763
-0.1483873217075427,0.10215230831116678
-0.0852652972665448,-0.010436078310950905
-0.3012045389168797,-0.7100948583526999
-0.4420990892753993,-0.3623347288244671
-0.713699228881036,-0.8792550192243468
-0.007362055440099,-0.043536094428416744
0.1082286468645796,0.5765669188815887
-0.1179270750358786,0.03930631727058894
-0.9441204172832294,-0.43226478488407755
-0.1458418013758622,-0.4816151690841043
-0.1500843352619965,-0.4261557863232481
0.6835506407477897,0.2636134755997928
-0.8629303583258096,0.644641592464237
-0.1936735043650761,0.1418428092561886
-0.1544415322261343,-0.10305912729606737
0.4750995860695598,0.5124959879556136
-0.1318758384750201,0.04552254723023628
-0.2301707620936313,-0.7400324612064992
0.1476727456978281,0.11930546227094624
-0.1840934041978729,-0.11632699497328222
2.1666602231857333,0.9300926571358628
-0.0747959849294234,-0.25263879689293317
-0.1434785953382074,0.1002964272410006
-0.3405053089026236,-0.6303650630580667
-0.9021812498726218,2.4810529022452794
0.1340278394153962,0.18087230560290746
-0.0702656467175,-0.046117207632754495
-0.0825707149334595,-0.11603845166125135
-0.1583630094938585,-0.09778188504882465
0.816158490458987,0.8955447826174422
-0.1360037092831507,0.061355466581320676
0.0421827139344891,3.1272788169554047
-0.0816534103094305,0.03261919273142574
0.1357477855854506,0.11970453613220491
-0.0730536794591583,0.09019258743584008
-0.1321768290547796,-0.2165523642234906
-0.2043887690045153,-0.735247278746947
-0.1765027084340326,-0.5781166743171282
-0.6834453757497784,0.5715027883768292
-0.2179247453628437,0.0007588066487087888
-0.1282639515179058,0.06355466404483623
-0.1377236554532052,0.025943849542845815
-0.0605554039567627,-0.08587434948509567
-0.0716777225231147,0.13022663868636775
-0.2325500209622066,-0.5186777378616182
-0.1719505842372886,-0.8055028797629179
3.120886358331936,0.6118857631868811
-0.1777984012154737,-0.5978109905926801
-0.1804700509329582,-0.6935774333739109
-0.3661325068364348,-0.5541657855461685
8.091393194095662,2.644631489973703
-0.0549873648889064,-0.017938085313528786
0.0511401935881326,0.08556454893562676
0.1725546336246156,0.12689713955503493
0.7748052513769781,0.5673395102792076
-0.0906085967015139,0.09567868114983097
-0.1549919150005518,-0.300099563979093
0.8620810531994406,1.2577748442629886
0.1327665455573562,-0.008079912242653343
-0.1442594508994121,-0.017013142198290303
-0.1147967730063795,-0.023890631484529745
0.0169568367736907,0.21286258958006027
0.4714918269832536,0.17429120002756726
-0.1295367116837461,0.01179523134390173
-0.058640530554102,-0.07196525039385615
-0.1642452253954447,-0.048603497823446
-0.2288842423584306,-0.261752655069474
-0.0286051105864414,-0.14687614382501815
0.0783015835056323,0.12080757079093213
-0.0928812189075458,0.01539434979360714
-0.1803783204705553,-0.7324540679936237
0.0322070261481733,-0.0017000090849558086
-0.0317950374165023,-0.07657596347972356
0.0585222025500063,0.1758714838780977
-0.0162214981620494,-0.3939116946403204
-0.1543142562095503,-0.3478972962516227
0.1247762489666734,-0.1291714174947402
-0.0707833505146864,-0.03843842614238379
-0.4052784816668738,-0.7609857495842242
-0.1244319114510245,-0.09836025837775647
-0.1839110899038471,-0.5665984830732044
0.952206232510293,0.3157898386269055
-1.0845654883759748,-0.7953575643744706
-0.1076245974772525,-0.005517740400926195
-0.1466673755374883,0.044945581877571715
-0.2190427103733791,-0.8557866291036869
0.2946708116984809,0.026173659507686915
-0.1603122818199202,0.06433468791576191
0.6114848962225088,0.12265227683993779
-0.1634081849260182,0.06184737181124312
-0.1100944401774507,-0.2960919353778218
0.688332091100541,1.0423043151400162
-0.1219001506887044,-0.1009502029884852
-0.2213818371646531,-0.9124121484996112
2.021482433548388,0.9227871593224705
-0.1544071333027332,0.044784225672180634
-0.1143323875404648,0.07810926795089781
-0.136863682368178,0.04629047949199155
0.1561119482388952,0.012835328300706397
-0.0834880195574885,-0.030745127038562754
-0.1005728181800293,0.07982857203757701
-2.430153908210265,-0.22884434932615672
-0.1453602164482469,-0.4981948255541643
-0.1215561614546935,0.07798706489026652
0.0286639370378612,-0.026692441914662503
0.0983676221562675,0.1866162898862097
1.8833850889777668,0.8086112608873464
-0.0651419270769078,0.049499905772902246
-0.0087276926991222,0.025604763213332507
-0.1340773695726898,-0.7067935876546378
-0.1310731969289947,0.047426927030979636
-0.1012607966480511,0.026086670199097384
0.0419556810400419,-0.03927177890932741
0.8367978444996401,2.0433297914391675
-0.1642108264720436,0.1428104768574197
-0.1527731844411815,-0.138192686781747
0.2630238021694792,0.01806502377809288
-0.1804195991786366,-1.0095609612290095
0.2324087603425102,0.11498216101979611
-0.1796903420025335,-0.22942161987709592
-0.9383471313057464,-0.28193824663203576
-0.1377236554532052,0.051060270813737006
-0.1510360388094266,-0.13135957599820075
-0.2902484818136329,-0.8896415838403537
0.2728274953387895,0.020472959621251965
-0.0466811715183235,-0.023672949910864778
-1.914886701431456,-0.08221205915119778
-0.1642108264720436,0.07084319473955766
-0.1688890800545916,-0.5429062869589156
-0.4856068475930963,-1.074778880521604
-0.1603925459745227,0.12858902240591819
-0.5022834456579442,-0.6436791050932634
0.2815527822594757,0.19734860689889638
0.6242124978809116,0.08820249709040812
0.8828924018570993,0.3992295076123125
-0.1095165382643124,-0.004959699226669223
-0.095412979669866,0.10835457601161674
1.3297344168372427,0.6415142914465005
-0.0859532757345666,0.12387699446066675
-0.1538963092902271,-0.30611592322552916
-1.1125547457166605,-0.6750913230400222
-0.1806363123960635,-0.8649643444905066
0.083186230628587,-0.08515621377075328
-0.1203865980590565,-0.07568488436882165
0.0373668646583367,0.7493599924715054
-0.0389987452920804,0.026737824301606664
-0.0348708744839497,0.08256422673699448
-0.1642108264720436,0.09008576781463443
-0.2670773670106595,-0.8808929197539168
0.0076117959163949,-0.0879817272399492
-0.1243080753267806,0.028693216667742792
-0.1452914186014447,-0.0056822558974473115
-1.1866156277992046,-0.6155965466692853
-0.1444887770554193,0.028722399566654434
0.950469086878538,0.7725628704289148
-0.2214678344731559,-0.8768523740700015
-0.2014075289764209,-0.5247938617610712
-5.214867153760308,0.02350953138382595
-0.129123924602933,0.06974672336377324
-0.1022927643500837,0.04545560872027531
0.0864059698589289,0.22030744593098006
-0.1259477573422325,-0.008382379097256469
-0.101604785882062,0.08893012471445477
-0.0725376956081419,0.2441187277543141
1.31164058312827,0.4090145168600997
-0.1581222170300509,-0.5625474698229405
-0.1955826446138366,-0.7284668743655256
-0.0941230200423251,-0.04049970532152517
-0.1160523337105193,-0.15118056101478725
-0.2529600488468527,-0.7138674237506988
-0.1029807428181055,-0.003912927858868785
-2.3245778791384235,0.039184274385152394
-0.1333549921812669,0.043250156214398754
-0.086125270351572,-0.10468645154082962
-0.144603440133423,0.030782424161728168
1.3853574759768033,0.510758498974117
-0.1052740043781781,-0.2863776339646277
-0.0101036496351658,-0.0027592990783060697
-0.1338251108010818,-0.0022706488670984487
-0.2619897662396385,0.060450921824087143
0.296633384941591,0.44452122984856235
1.27878617138789,0.5816108597938756
-0.0030174714145415,-0.09894493916612193
-0.1553496638039231,0.048121946686768745
-0.0728335263493913,0.04610598097274023
0.0291489618578165,-0.1103365883387685
2.857390605079596,1.249995397757922
1.03172507710581,0.1802064410780974
1.1388203919612,0.6143871521753996
-0.1502792624946026,0.03473422346277324
-0.1315318492410092,0.08289595357187782
-0.1593949771958911,0.03671497277895241
-0.144603440133423,0.08776249422409571
0.1889514537791346,0.03252937122033416
-0.0703017655870712,0.0006065243704740861
1.387868597385083,0.7037232809826797
-0.2803415918741194,-0.5465923515703887
1.9252915774111432,0.683194756510344
-0.2356917892995061,-0.567294219293841
-0.1019487751160728,0.05229078209206187
-0.135315730815129,0.5104388778317466
-0.1777915214307934,-0.07907428212784923
0.2693761366908803,0.1471818798808173
-0.9134537770711588,-0.8062733124187653
0.1522592688179733,0.11614876733506169
-0.0110209542591948,0.0672327194906677
0.7162869495178259,0.05324384618756612
-0.4173593835653362,-0.11296213425700222
0.5714101504602402,0.6481673410267937
-0.0909411196277244,0.06266273497721703
-0.1490718602832244,-0.1622119811627245
-0.1580190202598476,0.11603411097789573
-0.8189177384756623,-0.32028039968743105
0.1381557102235269,-0.12865550264022582
-0.1129564306044213,0.034056467397103087
-0.1844717923552849,-0.03580099662406213
-0.1452914186014447,0.09700222589576218
-0.209467770044686,-0.018209402398440357
-0.2375722637787656,-0.5779396828361669
-0.4999443188666702,-0.729931897335344
-0.1573310417918258,-0.48092862927753277
-0.1177722798805737,-0.0394827872915509
0.844021618413869,0.058484853830069274
-0.1554391010047659,0.08642908949812747
-0.2041754956794285,-0.2844712183043004
0.0054962621272279,-0.09143122579763215
0.0860413412708773,0.10464829301892606
-0.1413355424103195,-0.09405204204401865
-0.1642108264720436,0.01334527675642111
-0.1365196931341671,0.07640615054062438
-0.1342837631130963,0.039576011913154165
0.0014773212432007,-0.01518905697188478
-1.162673977112047,-0.8308456581149005
0.6772401582498598,0.6942144299991345
0.2667388858967968,0.2516197480052987
-0.312777483379786,-0.12328365508509814
-0.6341723578700588,-0.35398050182497065
-0.1982657606391215,-0.9747449720454459
-0.1591541847320835,-0.06872339197816815
0.0077837905334003,0.06355469218102539
-0.1587069987278694,-0.00797872134898961
0.3696604647128544,0.10260714872448196
-0.1188042475826064,0.05825223956481299
-0.6474744215492598,-0.9468128435415301
0.0738297234634908,-0.08904073771633823
0.5622909958666116,0.8191809287790847
-0.0396867237601021,0.357457905997017
1.5331874226083724,0.5174738662413508
-0.8775928994255235,-0.10045253223292433
-0.110548505966345,0.022617476125163342
0.0645420141451968,0.41944201052348873
-0.1583630094938585,-0.009436949811494445
-0.023760022225398,-0.05522403158371383
-0.0847011549227669,-0.1969355809978668
-0.4982243726966158,-0.5707856910948232
26.383017846047675,9.878936034693647
-0.9552484690034814,0.004900604818008643
0.1753495461509541,-0.09630848285411464
-0.708075004904958,-0.849381813993225
-0.0687538140340222,0.06877497856400291
-0.1733953390201343,-0.10115438038323862
-0.7001024810913656,-0.2066441128873567
-0.162834869536,-0.010050018941016158
-0.1435714724313903,0.06644905849831823
-0.2135010438134637,-0.9102743129018649
0.1744465744116755,0.014444703394677946
-0.1422643133421489,-0.5407742044827912
-0.4400867522564356,-1.0132679403415439
-0.2212098425476477,-0.8773269643406623
1.9991374662224304,0.7368009721078941
-0.1617662096490062,-0.2001610759527197
-0.1584662062640617,-0.30084770011289
0.1481313980098426,0.052609825525918634
-0.3056729590666811,-0.555364613399177
-0.9985257545343912,0.2982943897670704
-0.0596656184714545,0.008877706847851365
-0.8018588537087503,-0.30080908332641243
0.3414533475239616,0.4474142299882491
0.1721590460055031,-0.20665415851186447
-1.1880259836586495,0.10623475064341314
-0.1485593163245482,0.0852446906646312
0.1240521516290804,0.1680945611117866
-0.1882969526374859,-1.0461512881850368
0.6773588345355936,0.15722823715076023
-0.1813758892491869,-0.255743337278328
0.4967644866798776,0.2375548969708957
-0.1642108264720436,0.14124129331266966
-0.1550836454629547,-0.47694165461906496
0.2527041251491526,0.05800002609056127
1.7276955616644392,0.5833605210850666
-0.053962276971554,0.11903688030877313
0.421396445508092,0.07112774231827113
-0.0826853780114631,0.07632521723441815
-0.1363476985171617,0.13152225044391108
-0.0558542177586139,0.0012856538246605598
1.302352873809976,0.4727036341654809
-0.4602995596469154,0.42530420298880955
-0.2064068391773791,-0.5276824406548756
0.1263899024634184,0.2158877720694921
0.1587950642641802,0.2427262691106657
-0.112978216589242,-0.593884451534232
-0.1040127105201382,0.04551612184989808
-1.1656322845245406,-0.11254809114982556
-0.109062472475418,0.014331324348018606
-0.0259271543996666,0.010412354837631553
-0.122932118390737,0.13254329065281922
-0.1490753001755645,0.014033027811114575
0.0058918497463404,-0.01179881889420326
-0.72456584878344,0.30434940615572076
-0.1112364844343668,-0.021788208793064864
0.0168479068495872,0.08133552387607401
-0.4636919814727308,-0.20470216997934115
0.133167866330369,0.040644046302956226
-0.1192628998946209,0.017471555412646063
-0.0972475889179241,0.08470567590839936
1.7113904719723227,0.768896683733121
-0.1642108264720436,0.06697578075597674
-0.3950276024933494,-0.06784220237144818
-0.1688661474389909,-0.24506630936807638
-3.0906132375111697,-0.3813224023980282
-0.0013319241678881,0.19372753375888155
0.2056807968598641,0.1691980176782171
-0.2598673526657913,-0.9832427836932937
-0.3303369871452618,-0.11814152456434646
-0.1366916877511725,0.029144001237696747
-0.1578126267194411,-0.23098485575663802
0.0880227192587801,0.09537844950151877
0.0687845480313311,0.11673151971125612
-0.0727096902251474,0.19997289190011336
-0.0842505290262127,-0.2343449452269962
-0.3894377774406725,0.1947449824742667
-0.1920739544269255,-0.5090987883223582
-0.1642108264720436,0.00818338261756446
0.1189714306427396,-0.12540599613268386
-4.226536206008094,0.11424511823484848
-0.1408195585593032,0.025625139088533956
-0.0972705215335248,-0.11715185124713365
0.8916641273243767,0.39622987990050296
0.2354186661401054,0.1283276262030411
-0.9689753593866858,-0.23715338736027855
-0.1138164036894485,0.13368371597262452
-0.0666898786299568,0.16847443011324476
-0.1266644015797552,0.10294384019250666
0.0260152199359774,0.2386800162618427
-0.9877210526941091,-0.21720190953123222
0.0074971328383912,-0.2062719090197681
0.3696604647128544,0.23741886763701076
-0.1630641956920073,0.013115485085366724
0.5726141127792784,0.3015627140198844
0.2412662537921345,0.34261246455553185
-0.8551304024446127,-0.7233178709988384
-0.1405271677103939,0.05986812098180321
-0.2406223016536622,-0.2824600429759399
0.159139053498191,0.15721070819271005
-0.1325546438968016,-0.24554281668970468
2.6220400509540265,1.1032176291873763
-0.1406475639422978,0.0793445900539829
0.0329314674750003,0.680295990567427
-0.1114658105903741,0.09429705198636357
0.0697018526553601,-0.009827902969581095
0.0655739818472295,0.036045690834678644
0.0452786170405871,-0.03648387246982888
-0.1036687212861273,-0.05826847411388145
-0.0596380993327336,0.05509854954091097
0.0676379172512948,0.2809514613208797
-0.1262860134223432,-0.018675343517123064
-0.1465527124594847,-0.00472715625753254
0.2499522112770654,0.049444714305318875
-0.200209299811283,-0.8730668504252781
0.066949938783273,0.0836519809403905
0.2196501996530463,0.30867731770022316
-0.0331509283138953,0.11678091923308354
-0.0383107668240586,0.1648901506682777
-0.2292935895469036,-0.6144687470036401
1.6283170719586937,1.9744632764838832
-0.2226201984070923,-0.7417201958961329
-0.3759247336979447,-0.503075324950294
-0.1882900728528057,-0.09120797192397126
0.0416667300834728,0.21583969310045364
-0.1271528662920506,-0.2370684142815339
-0.3456479479510864,-0.16809028491979444
0.650355679665739,0.36599715385683584
0.8591571447103481,0.62445189361155
-0.0705586108817993,-0.18116999368931463
-0.1458074024524611,-0.2799740503959211
0.5991460023985381,0.08592661982338815
-0.0981648935419531,0.0608996001348116
-0.0058037842100297,0.01296747683494618
-0.0999995027900112,-0.20801567042781494
-0.1601104748026338,-0.20304595767599404
-0.0190473697194488,-0.1270766394662365
-0.0847493134155285,0.14279124226572965
-2.501514474805824,-0.27207837171204025
-0.1550836454629547,-0.4667196461637073
-0.1295928965919678,-0.35161922419136554
0.0076117959163949,0.07457804212514396
-0.0821487548064061,-0.4394301455980134
-0.2027548201429636,-1.013981503658444
-0.1589936564228784,-0.1853402563536674
0.0187914460217487,0.07632819350753811
-0.1841663299154832,-0.42852041988912876
-0.2336966517422429,-0.6410561055964564
-0.1955138467670344,-0.7814988113336105
0.0198234137237814,0.09679363513731276
0.7814155778238874,0.15968347596848412
-0.1302791551138196,-0.23651808543328579
0.0717657880594254,0.21088259312662333
0.6359081318372818,0.35531035243661474
0.151399295732946,0.4046201625683678
1.0446636588277396,3.260380086207906
-0.2136076804760071,-0.80552570449058
-0.243018759983938,-0.7060167662908877
-0.4886614719911131,-0.4510852980894259
0.0249488533105436,-0.30076740374752486
0.4357063976429449,0.17987614632215976
-0.5557393726232362,-0.9034974805967233
0.2930540622986297,0.19815312329870316
-0.247662614643085,0.3869986880217341
-0.0231752405275795,-0.004543508612760486
-0.1458074024524611,-0.2653151428126034
-0.1181162691145846,0.02962294021854025
-0.0422528834458233,0.03866961062370599
0.1790904290708225,-0.0031143341330709395
-0.1582942116470563,-0.49093240493159473
-0.0935210388828061,0.07817654409540373
0.0669086600751917,0.14251374300002415
0.5588545434188429,0.3868771319230603
-0.201568057285626,-0.8734896805298904
0.8058388134386604,0.2978266546619706
0.0421827139344891,0.08371231547978739
-0.1575030364088313,0.05874636836405712
-0.1774200130580616,-0.5496936165870792
-0.1642108264720436,0.05366787953705234
-0.1347223493864602,-0.2667955227408525
-1.264059070682856,-0.268503428810161
-0.1351437361981236,0.06338538570338229
-0.1138129637971084,0.01470012528263976
0.0039334043740384,-0.05529592443267256
-1.9574267033708024,-0.9002065949640944
-0.8949586225891731,0.6711838001627649
-0.1459793970694665,0.052888201636393094
-0.477791412196369,-0.4549353488365475
0.8736046925388052,0.199902238001825
-0.1454634132184502,0.06873460849999413
-0.2170877048934172,-0.9502863032479798
-0.1453487501404466,-0.25871390939451516
0.1640580995445467,-0.2746685631820626
0.0024519574062315,0.04759249932691222
-0.1329078061770528,0.09669221778561729
-0.1284359461349112,0.007301941569206834
-0.1585350041108639,0.11510690695858256
0.9961680566168846,0.5212502788215512
-0.1282524852101054,-0.6324591872161799
-0.1667792794193249,-0.4831443569188468
-0.1071911710423988,0.040005616776060786
0.0042733804003192,0.07532995425630512
-0.1429006934250691,0.02958504034739099
-0.1590819469929412,-0.5605803921534765
1.0741349364516226,1.7276202367184663
-0.1642108264720436,0.3468035120326303
-0.1248160327623366,0.0821062750121194
-0.1686826865141851,-0.6292230890478646
-0.2047499577002267,-0.5737808895171346
-6.762096329417879,-0.5782243536710663
0.065115329535215,0.02448049832687433
-0.1083469748686754,-0.35973457931079045
-0.0520703361844941,0.07486428998458891
0.3847959910093335,0.1977891132310493
0.6943863016191326,0.017186346667234016
1.039711360488763,0.240508100402405
0.1840209414249786,0.11478004351867482
-0.2886431987215821,-0.5132294073332888
-0.1908527926461868,-0.8616088066080978
0.3450652344810759,0.17931391565257931
0.0124276451925473,0.053880144457716016
-0.8287980265810792,-0.5486662984794367
0.096647675986213,0.21187819820191078
-0.2275736433768491,-0.697068581542985
0.2198531533011127,-0.059815952273752804
-0.2039415830003011,-0.8381153782801369
-0.026794007269374,0.11418587176803169
-0.0273031113357102,0.06028774296235521
0.1532912365200059,0.11432197878249634
-0.1190381602617337,0.05355002185788881
-0.318087530522134,-0.5629428930732253
-0.2445896441525877,-0.8350455228268113
-0.0930050550317898,0.053208908138049286
-0.1354533265087333,-0.5795181763398846
-0.1294679138369439,0.07478686034257337
-0.15146029219804,0.04724061136183346
-0.030743003675819,-0.008229731261412958
-0.1569457738497336,-0.3257237381048903
0.2354186661401054,-0.20538013325017013
0.0961890236741985,0.3220395533842665
-0.1845577896637876,-0.27275985131856306
-0.0641099593748752,0.17015828905086253
-0.3231338525850738,-0.5621350040652224
-0.0784428441253288,0.056085967156463336
-0.1263720107308459,0.016403358862290385
-0.2410201825343347,-0.5802664503486054
-0.1345417550386045,-0.06546948288983609
0.2476474834091925,0.23605913085990837
0.7467873282667912,0.3199963493694402
-0.0997472440184032,-0.07237273979030907
-0.2796880123294986,-1.0678176940791726
0.7988214330648383,0.24943047107203675
0.0604141433370662,-0.04310768334431749
0.2045456323876282,0.11416522441534022
0.7044766524834521,0.32128945140482923
-0.5456948869901184,-0.6118112632187903
-0.1552671063877605,0.011433011224865688
-0.1559550848557823,0.06895088796564333
0.0103155512957205,0.04513925531130158
-0.3745487767619012,-0.5851043372791789
-0.1387877288170789,0.042221361300148384
-0.0256978282436593,0.03513993035662113
2.0256246372412687,0.2686468763129065
-0.1642108264720436,0.39646522891321195
0.1470822308461094,-0.07428218963507344
-0.1165109860225338,0.022306155142901754
0.1360917748194615,0.16810940663876983
-0.4547097345942384,-0.6123613348646461
-0.0847493134155285,0.06211986886334043
-0.1533751656007006,0.032806842379506936
-0.0914571034787408,0.01244278896956881
-0.1440874562824066,0.01924717003420407
0.1536352257540168,0.18395776772999384
-0.2721317154890595,-0.22343938004852498
-0.0300550252077973,-0.07310378456735875
9.262764253157409,4.476700446317776
-0.1998653105772721,-0.5900246788286275
-0.4476441957276548,-0.2702188978895803
-0.1648988049400654,1.8248565303468582
0.1880341491551056,0.12124047360926321
-0.1530311763666897,0.13597294952162609
-0.2099613945954917,-0.2827698182438354
-0.0240352136126067,0.038719961201522844
-0.1639815003160363,0.01852994630343619
-0.0638806332188679,0.0007534858847351236
-0.286808589473524,-0.9054546329216159
0.0648860033792077,0.17519519007608403
1.399220242107442,0.5704442668947938
-0.1188042475826064,-0.2815422165834661
-0.1475846801615173,0.03736111552075803
-0.0436082010278262,0.030874791338038936
-0.1343818000447894,0.023375266467209853
4.615863569343254,5.3064288668685204
-0.1122684521363995,-0.042361156080376494
-0.1672551311930399,-0.2591964214350516
-0.2249679249292166,0.30429148422380486
-0.1816166817129945,-0.5270240349966208
-0.2063151087149763,-0.715015650239873
-0.1386386668156742,-0.22316175208729444
0.3854839694773553,0.49640389975937393
0.3999315173058126,0.1826217954240112
0.0236072952979011,0.04302473834372721
-0.2378199360272534,-0.045308919332727696
-0.0857812811175611,0.02769629796198652
-0.0847493134155285,0.03311660774692634
-0.1642108264720436,0.1271620247730844
4.666085997508844,1.0603447087403588
-0.0979069016164449,-0.23972150523972513
-0.0809654318414087,0.08552171515622958
-0.1067646243922253,0.052621106516466225
-0.2582918819740214,-0.039031681239489434
-0.2113235919621748,-0.5740046967351092
-0.1614589125999565,0.019684371242686294
-0.1042259838452249,-0.086603917215578
0.0439026601045435,0.04689138910179507
0.0979089698442529,0.0738197728098802
-0.0015039187848936,0.09998467335362421
-0.0678938409489949,-0.08006826568008649
-0.7074386248220378,-0.3122047957768962
-0.0881892057556373,0.22496600240165748
0.0380548431263585,0.20254399174634258
-0.0964449473718986,0.06066562507886492
1.0278408653384372,0.44722730936905564
0.3524610030123101,0.2437473423718305
-0.2610093969227074,-1.1184371707207803
-0.0665178840129514,-0.38619539275062614
-0.1989881380305443,-0.1789760048967709
-0.1643398224347977,-0.38106249705818207
-0.0551662392905921,-0.08423875604899361
-0.1274039784328786,-0.010674230993647945
0.2808252450295426,0.07426617539631034
0.0130468258137669,-0.12142046260220768
-0.6953732024391059,0.30702175570184415
-0.0461881202829079,0.01650254454956844
-0.0995408504779966,-0.009351071614156749
0.4979684489989157,0.13840416154991664
-0.1685812096901519,-0.5212731614881193
0.045622606274598,0.2081815702578116
-0.1360037092831507,0.48241933421994465
-0.1215561614546935,0.019987297659547938
-0.2670636074412991,-0.6465991552037132
-0.0159514666133509,0.09380166940518664
-0.0012745926288863,-0.18426349449098073
-0.9459951586085886,-0.7718857705632485
-1.4971691082642342,1.2008939578030187
-0.1700930423736298,-0.08899118502751269
-0.1385492296148313,-0.4682639308159263
-0.2294311852405079,-0.4901579195858777
-0.1575855938249939,-0.25928565933370434
-0.0007471424700696,-0.2765417742909568
-0.0752139318487466,-0.012342382612128694
-0.2558839573359452,-0.17825493597501738
-0.1504443773269278,0.017377382368281458
-0.1067646243922253,0.015783808386068875
-0.3172172377600866,-0.4738652779672117
-0.153134373136893,0.03322770472059928
-0.1580545658140287,-0.17383113005776435
-0.10881021370381,0.048468236815003916
-0.5797498211571962,-0.4618129366792508
-0.1519418771256552,-0.25896606630040914
-0.1373796662191943,0.03225283332120454
0.2079855247277371,0.8362679743645446
-0.0703017655870712,0.11651392610045308
0.0377108538923476,0.11055414063489732
-0.1358661135895464,-0.5303153008905326
-0.3019899810012045,-0.6333727592553967
-0.1728105573223158,-0.6218598384052311
0.0351137351755654,0.3422028763821226
0.3396760698149054,0.13733504234130534
-0.1323058250175337,-0.11544828644799454
-0.1545516087810178,-0.2175981652872812
-0.207759863497822,-0.7221505554819186
-0.1525839903624756,-0.5057248753605255
0.6599873782180439,0.37809037616791313
-0.3773006906339882,-0.4840586567918433
1.0811677963409752,0.2519631075351432
-0.2668916128242936,-0.7374681829410026
0.4006470149125552,0.22148499601036165
-0.1471833593885046,0.11429314528508266
-2.422775339140731,-0.6864368999555955
-0.2441195255327728,-0.921281532902996
-0.0351460658711584,-0.16862687716122868
-0.129062006540811,-0.4214124739433829
1.2860649835795603,1.4595845445419036
0.0373668646583367,0.09401189962299822
-1.1028886482409546,-0.7234498291193309
-0.2329742743508201,-0.5149679713247094
-0.212623871266736,-0.5745806941993346
-0.1976053013098206,-0.9355046335035028
0.2939002758142965,0.1300641224112037
-0.7213357898760777,-0.0028716511256353314
-0.1498458360597489,-0.03222244159076103
-1.406699939719371,0.16553425176129138
-0.666847895208753,-0.6381288542986422
0.1329958717133635,0.08003955369626867
-0.1379438085629722,0.07834233455029502
-0.0552350371373943,-0.004492273256359751
-0.143846663818599,-0.6491762080349897
-0.0690978032680331,0.058419321884770274
1.7139256726269831,1.0716966578505265
0.2375685988526734,0.07478579604932656
-0.074089087053531,-0.07244064487323096
-3.0881021161028905,2.2575065019758016
0.3524610030123101,0.2101827573687564
0.0029679412572479,0.08549606030411117
-0.0389987452920804,0.051455060227211656
-0.2466765121722538,-0.5645661254057965
-0.1788143160865858,-0.9512903158347947
0.0256712307019665,0.031536030326115856
-0.1771906869020544,-0.24581414953705544
-0.3199089535162217,0.004277970551429561
-0.3912437209192297,0.8371341351004554
9.261266180043291,4.4478412631489315
-0.3468691097318251,0.7936205304455312
-0.1567875388020886,-0.2272792922974347
-0.2342011692854589,-0.8397643037871675
-0.1615483498007993,-0.3170073645566242
-0.1139883983064539,0.03322191625015456
-0.1002288289460184,0.1332055533815451
-0.1840246063510707,-0.7372885281603231
-0.1253400430288132,0.10893208192367207
-0.1391684102360509,-0.3909370150996587
-0.141507537027325,0.03929690944551941
-0.3802016665074801,-0.46189473851351204
-0.1046227180951175,-0.305349649410953
-0.595160538840884,0.09901965274925276
-0.092317076563768,0.09384899543070585
-0.1208681829866717,0.008076816288707662
-0.0919730873297571,0.06829617682075728
0.1274920439691893,0.101411309095218
-0.1117060297387917,0.0520613206977008
-0.0905971303937135,0.09716161640308774
-0.1088629587196917,-0.27696427646880534
-0.1421955154953467,-0.015671938205707593
-0.1455895426042542,-0.2337010279675646
-0.5409478355607681,-0.9549814905107611
0.0817414758457412,0.15115315144983066
2.910020957883262,0.4815496553976649
-0.0750488170164214,0.03665404538915553
-0.201757251364332,0.19345028382665205
-0.052414325418505,0.08853416495726471
-0.1344282385913809,-0.0015649616729117855
-0.0875872245961183,-0.06145502730077908
-0.1131284252214267,-0.004833102487406031
-0.2512211832689276,-0.4798791826737392
0.8361098660316184,0.28135288644202
-0.4761402638731168,-0.7113926225889674
-0.1171989644905556,-0.03836777626089065
-0.2775036806935295,-0.8047652725044807
-0.3129173723349505,0.14947263610364886
0.0168995052346888,0.10352936631714704
-0.3657885176024239,-0.7281299198700684
-0.2142956589440289,-0.7449776821299025
0.4260334203825587,0.4986630542488404
-0.1263720107308459,0.0772114311786826
-0.1315318492410092,-0.014633173919302966
-0.1053955472408619,-0.11310663541075466
0.1238216788422932,-0.012131503243268699
-0.0434706053342219,0.0865884281919112
-0.1171530992593541,-0.2700349220370486
-0.2543360057828962,-0.4933466639599243
-0.1206388568306644,-0.041899917494495315
0.1546671934560494,0.2442716356053446
0.607769812495191,0.26128921223662877
-0.0603260778007554,0.05386406457897643
-0.1433169203982222,-0.06799270767947899
0.9033253623573462,0.26897915401564665
0.0184904554419892,-0.07004730224676944
-0.1687514843609873,-0.2393088268511862
0.3321656382056677,0.29340603808342924
-0.6324489718076642,-0.9072976447508699
-0.3205229742989312,-0.4145460872853257
-0.1341691000350927,0.2888477461713314
-0.3422252550726781,-0.6843851045966558
-0.185833416406578,-0.22871569580931495
-0.2246153359643555,0.7514564808940764
-0.0436425999512273,-0.10081548552814662
-0.156643063323804,0.0456931660289585
-0.0930205345473203,-0.1884621715424601
0.398366366291063,-0.10564798289078153
0.4462554008192789,0.010382190463615486
1.6661558876998912,1.2050429210180484
-0.088368080157323,-0.05421665507596285
-0.3081645877517,-0.09625541318498662
-0.0978209043079422,0.08880260487984742
-0.0928812189075458,-0.025312904479207088
0.882376418006083,0.2866245359864708
0.1247401300971022,0.19839933381372526
0.1268040655011675,0.7233300130124525
-0.2028752163748674,0.46713424478866516
0.4046900350429632,0.08512620056787462
0.7401368697425809,0.19899694742850993
0.0201674029577923,0.03650184862843938
-0.1150203660084866,0.146406376091698
-0.151304350411955,-0.35165770128137835
0.0060638443633459,0.2266999797816328
-0.0651419270769078,0.02140677920680973
-0.1369118408609395,-0.2568947681999767
-0.0321877584586648,-0.174850346125425
-0.113644409072443,0.01891498364511928
-0.1849361778211996,-0.8791468269576755
-0.1126124413704104,0.029615909032247624
-0.1435886718930908,-0.024070768144791956
-0.1642108264720436,0.3666241202386807
-0.1432274831973794,0.03634187992433465
-0.1234481022417533,-0.02634663343979262
-0.0121675850392311,0.03538434437987919
1.9637065751193092,0.8118592794128233
-0.1348662515493547,-0.18697769126036035
-0.1806076466265626,-0.5671990958186847
1.3797733840780266,0.519984562707765
-0.1643312227039474,0.8614241442817606
0.4357063976429449,0.06554820853711052
2.0985503548515774,2.1450540627172874
-0.831641670915569,-0.40347091465478285
0.1618909673702781,0.1849564567582997
0.2367344249601971,-0.11436053778627348
-0.7315866690496021,-0.6813027805005427
0.3579648307564843,0.3694806973091647
-0.0317749713778517,-0.00864465212078349
-0.0789014964373434,-0.05497224614525893
-0.1373796662191943,0.0476187214997346
2.7684120565487795,1.8455982847635892
-0.1341117684960909,0.07327453032754846
-0.036934809888015,0.13573635182729277
0.3263178212274826,0.21967696461080094
-3.216083310616642,-0.6992206948159646
-0.1928066514953687,-1.0815134599844598
-0.3292339283348669,-0.7903009037265208
-0.1904916039504754,-0.5082116333279992
-0.0496624115464179,0.014474479917964023
-0.1167747111019421,-0.14855202036211057
-0.1513112301966353,0.05793546271585882
-1.0528726136157716,-0.16369499744901467
3.0548404254018453,2.0200938006657836
0.0989409375462856,0.7254474944159068
-0.3791352998820463,-1.0423193139086744
0.0939186947297267,0.021270395173322895
-0.0037192094519237,-0.07051981253079509
4.745891499799371,3.0854700367186014
-0.0300206262843962,-0.20676654468344075
-0.1614589125999565,0.010563509522567724
-0.339473341200591,-0.8015686990702202
0.0077837905334003,0.08420007629336071
-0.1484561195543449,-0.37535798787359204
0.1702499057567427,-0.022804543015677393
0.0415520670054691,-0.16809829915253355
-0.0962247942621317,0.018622957642443275
0.0021286075262613,-0.2736102122966019
0.4260334203825587,0.50870815921726
-0.1605416079759274,0.10894311993047798
-0.4027329613351933,-0.48401693264112455
-0.2780941955452483,-0.9738089075020521
5.373155868018225,3.1698033945179374
-1.376600881743418,-0.4828170498825417
-0.1816510806363956,-0.2429077736797811
-0.0730536794591583,0.056483488539254105
-0.0770095556502835,0.07690064686148859
-0.1096472541732365,0.02006916553851707
-0.1353524230000901,-0.38480045963478554
-0.1122684521363995,0.05764135257528157
-0.1409915531763086,0.07915431691094779
-0.1947570704522104,-0.7185289787193859
-0.0885331949896482,-0.17644222098939502
-0.0957569689038769,0.09969313220653386
0.9672385620365688,0.4323873028046182
0.0373668646583367,0.07391160511329387
-0.1547167236133431,-0.08289796705666622
1.3641333402383315,0.6145387832383905
-0.2368785521568436,-0.4405171262345689
0.0490624986147069,0.1723875345464792
-0.141161827847144,-0.07847319856121027
0.0628220679751424,0.020328072435299
-0.0893931680746754,0.07975112764448994
-0.0634219809068534,0.12493690814740635
-0.1756966269956671,-0.6231662395153035
0.3889238618174642,0.11446049945973791
0.9988167737187686,0.15397737112552987
0.0129436290435636,0.09509744026371225
0.886607485584417,0.3370043709555374
-0.129123924602933,0.07341057950549915
-0.0603260778007554,0.0037020913265562796
0.3600287661605496,0.19271671169678076
-0.1043566997541491,0.10534029365175912
-0.2673215993668072,-0.8565857932740691
-0.1006072171034304,-0.2367966012184703
2.365763485092795,0.9764639878851514
-0.2784611173948598,-0.8983871755009938
-0.1305279739930874,-0.27626770519475263
-0.113644409072443,0.061373367542560446
-0.2477795709826487,-0.48193939864415025
-0.132219827709031,0.004616163075381506
-0.1538911494517169,0.042774541340031995
-0.1390996123892487,0.04193744973303825
-0.6890008018790542,-1.0142822352777934
0.9477343724681516,0.3464337666826538
0.1720386497735993,0.2579979462557376
-0.7283875691733009,-0.36818739849253135
-0.3678593327911695,-0.4900188964204434
0.5106960506573185,0.16512498967444605
-2.9742588791069875,-0.23434787377011299
-0.1487313109415536,0.040787709308147284
0.9255470668744492,0.4652983120588041
-0.1568150579408095,0.03512906827265085
-0.3752482215377233,-0.8820472518219894
-0.4395398093743583,-0.17284700872910586
-0.0971329258399204,0.09139550562433352
0.1321932301673381,0.025197499848827187
-0.0270915579567935,0.018532147201766346
-0.0928812189075458,-0.05422774105318177
0.4491219777693696,0.1810968264162442
-0.0591221154817173,0.08877416828705242
-0.1459564644538658,-0.45954573487812367
-0.1393472846377366,-0.26480874981599567
-0.1490753001755645,0.11369690021085099
-0.0310869929098299,0.06952910912771809
-0.2192147049903846,-0.1471522802275112
0.655600368853625,0.3396251187565105
-0.0837173457134958,0.07715711610743917
-0.3190163014539635,-0.5249534963578936
-0.265389526502446,-0.6489234498300336
0.7934552010142683,0.24924284448841655
-0.0979241010781455,-0.07622609156685317
-0.3610414661730737,-1.0748222270477135
1.1009815762200024,0.5043171037775368
-0.0149194989113182,0.46342286182096853
0.0325510153821842,0.08271934263678654
-0.1071086136262362,0.021689925304433345
0.3201260150152866,0.2065020315078716
-0.1642108264720436,0.20884518999716772
-0.1642108264720436,0.5976098702656346
-0.1239503265234092,-0.2770866928699305
-0.150638157928754,-0.22747562757597262
0.2611891929214212,-0.03442636945791774
-0.0864692595855829,-0.09804769779324987
-0.0027652126429335,0.04729592049794012
0.0064078335973568,-0.07456510585126958
0.2898549624223285,-0.06591479773556513
-0.5681917828944304,-0.0996420994322334
-1.4686180018413308,-0.8548699224558695
-0.1055033305341853,0.057031823195928734
0.1409076240956139,0.11719531587525231
-0.1643174631345869,-0.549105902775996
0.0523303963378103,-0.288380371327716
0.468849760339894,0.4289712961526711
-0.0321189606118626,0.06090782689216356
0.3241162901298129,0.030780446354818018
-0.1246623842378118,0.227323450962034
-0.1554322212200857,-0.016579307797634245
-0.2108282474651991,-0.9247501213427264
0.171208489088853,0.4483043761982535
-0.161917564911971,-0.0011628383641934248
-0.1201802045186499,0.05732680560480754
-0.1642108264720436,-0.17219818789044405
-0.1614589125999565,0.039354462772068256
0.3042509118656841,0.002266751858421498
-0.0486304438443852,0.06698333671695356
1.0287438370777158,0.3450620718509394
-1.1013040045029443,0.5489304396696583
0.2939140353836569,0.7709444629476849
-0.6027970998359257,-0.17743761536754935
-0.0864692595855829,0.09772405078129998
-0.0700724394310639,0.0810828814964103
-0.1642108264720436,0.07550245519358115
4.924536575329025,1.637245345353188
0.55908386957485,1.256143375472529
0.1639549027743435,0.29567233812636967
-0.0579181531626792,0.035543987941511805
-0.1684533603581778,-0.4896180504474418
-0.1458074024524611,0.054297298638941636
-0.1177894793422742,-0.05168711675422514
-0.2250608020223996,-0.5706387313206164
-0.1172562960295574,-0.023243886181840305
-0.2100760576734953,-0.5743431956913913
-0.1587069987278694,-0.4981177753623399
-0.1155363498595029,0.07589264694833353
0.4007914903908398,1.1330071823041363
-0.206211911944773,-0.08229001861754295
-0.1582793054469158,-0.2717947907085251
-0.3529462528660174,-0.7503274027533249
-0.1181162691145846,-0.05991079021673279
-0.1523592507295884,0.10459911559565466
-0.0701871025090675,0.014720402966087717
-0.5830452380190205,0.04318927420039293
-0.3628646091133314,-0.6847474862041598
0.0451066224235816,0.06103303157437378
0.2091805433266909,0.1943691844343756
-0.153894016028667,-0.23198822976764458
1.947539081120797,0.8548673628925803
-0.0591221154817173,0.07964859574108693
0.2120961960741672,-0.1233770874014384
-0.0823413887774522,0.09716045083110753
-0.4185280296563493,-0.4026282888460849
0.1588982610343834,0.5823914929405755
-0.154808454075746,0.0513659080844889
0.459216915156809,-0.17659022015334802
-0.1948258682990126,-0.7343310435295309
0.177714472134779,0.11652769434423055
-3.592201139084146,-0.6008717782608948
-0.0873292326706101,0.13283359589623872
0.4823169388514202,0.17320683702915518
-0.0761495825652563,0.06732934749667382
-0.7819122939853951,-0.8879324979902556
-0.1547992810295057,-0.25929852949402804
-0.1146763767744757,0.07344929989591875
-0.1437434670483957,0.07571993131808896
-0.3669615208904011,-0.14098921210247245
-0.0898288877710892,-0.1786183057510301
0.1068526899285361,-0.1019412930215512
-0.0785575072033325,0.03589219933817505
-2.608144257564519,-0.02402229552404727
-0.021799283591536,-0.008067591257106689
0.1515712903499515,-0.002994418849433675
-0.1174282906465628,-0.006383019707756184
-0.135315730815129,0.3553128757424461
-0.00012796184885,0.12048296454369489
0.0841494004838174,0.08701789992314987
0.3500530783742339,0.1845682827313822
-0.2475938167962828,-0.8827303425349542
-0.1446905840727057,-0.29338191253752816
-0.0522996623405014,-0.09831992947024829
-0.018703380485438,-0.12706788318646986
-0.0604808729560603,-0.08408730923541602
-0.386737461953687,-0.6929217494460107
0.0705618257403874,0.12417647967891363
-0.1642108264720436,0.009370661148299118
0.5535227102916741,0.33072171272346285
-0.0028798757209371,-0.07450426868188609
-0.0015039187848936,0.10109485699657084
-0.3657455189481726,-0.5626032176463349
-0.1232073097779457,0.02893761616765423
-0.3728976284386489,-0.6575290878766126
-0.1883818033152086,-0.602330240557755
0.4683853748739793,0.2811082333342852
0.051814412486794,-0.16112469565900853
-0.1642108264720436,0.26337564522702706
1.099865331155637,0.37292447437243886
-0.2309447378701558,-0.5699455461729436
-0.1946194747586061,-0.5744199870630419
-0.1277479676668894,0.06838417002398808
-0.6877119888822935,-0.4311812182468511
-0.6335497373564991,0.2970737745875617
0.0406347623814401,0.12384904584689521
-5.414088518637713,0.14909266304627566
0.0401187785304238,-0.002241196000193159
-0.1427481915313242,0.023165751772858054
-0.8117860390130704,0.5403456475207792
0.0593821756350335,0.1374010499353745
-0.098543281699365,-0.021655885168627625
0.6052469954529552,0.6255081200872467
-0.1538085920355543,-0.24083657184370694
0.0985969483122747,0.07361584296754628
0.0146521089058177,-0.022532767268725128
0.355556906118408,0.09096346496262206
-0.1253400430288132,0.0880975829855791
-0.1953418521500289,-0.596525374147284
-0.1698866488332232,-0.8507030747823902
0.4680413856399684,0.6563854759955743
0.0657115775408338,-0.24653449074000097
-0.1483873217075427,0.1259946815882098
-0.0522778763556807,0.05388342413971169
-0.1582311469541543,-0.02222122043672345
-0.2900248888115259,-0.9863569348031456
-0.2309103389467547,-0.9143407733166097
0.4185069359424005,0.03660042866012087
-0.0917437611737498,0.033416388001180845
-0.8169303980077035,-0.9165530604276104
0.2887083316422921,-0.02042315805307699
-0.1845291238942867,-0.7759105141763066
0.0156611439922496,-0.10670227935176013
-0.1501072678775972,0.007861062260363351
-0.1463233863034774,0.07600096396356334
0.7432327728486787,0.7319875434684018
-0.1844373934318838,-0.5138622192255573
-0.5268442769663216,-0.2712881480117425
-0.2753881469043626,-0.7153973808086503
-0.1643484221656479,-0.3602239006889509
0.021199370659825,0.12317303599744128
-0.057344837772661,0.04008760496403296
0.150828273604488,0.23595717374295827
-0.1553817694657641,-0.05060976668188955
0.0439026601045435,0.12146363373898816
-0.0296766370503853,-0.07854953131478898
-0.0810800949194123,0.0309624256555728
1.6826673709324136,0.8213316238958712
-0.3699439075492755,-0.881984914405317
0.0796775404416759,0.1011928608495827
-0.0182447281734234,0.0642575138920975
-0.0967889366059095,0.0467249417752282
0.3517558250825877,0.2900367682216862
-0.1642108264720436,0.08504748429185871
1.8608537941500536,0.6746378216052267
0.3015505963786986,0.11402486653518537
-0.1473553540055101,0.0549847603803033
0.8416136937757928,0.287491814974338
-0.0837173457134958,-0.037405214664734614
-0.0942663488898297,-0.013273916389382495
2.617974098208018,0.9688656555622749
-0.1376376581447025,-0.2622794161491587
-0.3086175069098144,-0.6170355502798759
-0.076046385795053,-0.07693647991422226
-0.2296719777043155,-0.9374359399251885
-0.1453774159099475,0.0489354482245505
-0.2009030114332049,-0.48154147624419263
0.0358189131052877,0.06338631257678065
-0.17926379535236,-0.8750126101934863
-0.1728105573223158,-0.7660507817743777
-0.1999685073474754,-1.0664955539737395
-0.0899091519256918,0.0706231190161968
-0.1263720107308459,0.039662089111144765
-0.1458418013758622,-0.46330025079510334
-0.1034330886608298,-0.13377272644269553
1.9944936115632836,0.8269426270459375
0.2441043942988803,0.3954145500610129
-0.1288945984469257,-0.017811049414281306
-0.1550377802317532,0.05635839567258629
-0.1734297379435354,-0.7214886786014393
0.0638540356771751,0.1775067671010384
-0.1363476985171617,0.07580425396513218
-0.2697295240048835,-0.901884581222093
-0.5759659395830764,0.45311463581038125
0.0418387247004782,0.1117142652385103
-0.1616309072169619,0.04523093472418526
-0.0513823577164723,0.18209748487686195
-0.1679259101993612,-0.6223753491032639
-0.1541204756077242,0.023175361007072702
-0.0623900132048207,0.2539639570649191
-0.0438145945682328,-0.016738683465336895
-0.1431128201193758,-0.4893058582294277
0.0583502079330008,-0.026666902200599737
-1.7269539165835073,-0.0440075955009487
0.2883712221929614,0.1124599077201337
-0.0114796065712093,-0.27077823770454534
0.2375685988526734,0.31268697225159614
-0.046222519206309,0.06487627888850109
-0.2474562211026784,-0.6060024066942592
-0.077975018767074,0.07227521655895544
-0.1926931350481451,-0.7452718677864494
0.995514477072264,0.3469933840394987
-0.1915493708450589,-0.9971954332583025
0.0003673826481256,-0.1653568580909337
-0.1031011390500093,-0.08080297666495148
-0.1372265910100595,-0.2402651447540059
-0.9467261357308616,-0.16672649933170716
-0.3177848199962045,-0.9370163476897518
-0.1614589125999565,-0.07768761595249143
-0.0238632189956013,0.003091289706431702
-0.1567806590174084,-0.24180819366659817
-0.1427458982697642,-0.08808288829045245
-0.3293256587972697,-0.9472256884536383
-0.2803071929507182,-0.6025486574156861
0.5452669686754128,1.9402694203000102
-0.4083743847729719,-0.03744359221586681
-0.0612238897015238,-0.04689493089136483
-0.2078286613446242,-0.2188285290280076
-0.1360725071299529,-0.14210984584205996
-0.1543498017637315,0.0859960768679141
0.0864713278133909,0.051715667569012545
1.923975818591052,1.3425129824538153
-0.1076245974772525,0.054232839618842864
-0.2398540590310378,-0.6036783971191197
-0.1411635477933141,0.04270881217691019
-0.113644409072443,0.01677987091458718
-0.1318895980443805,-0.26145097199882505
-0.1412782108713177,-0.1306553645756634
-0.116740312178541,0.02999599035242235
-0.2165659878885007,-0.707922847850618
-0.0527583146525159,0.05498608509689539
-0.2592997704296733,-0.8896542167729083
-0.1529623785198875,-0.2415549644124706
-0.2523752671490342,-0.7454842606378235
0.2378437902398822,-0.10080310405282339
-0.0985948800844667,-0.20869156316742826
-0.0233472351445849,-0.09670524137122335
0.8208023451181341,0.6016875476460323
-0.3235466396658869,-1.1051528647328173
-0.0271884482577065,0.055071196763754486
-0.0616590360825476,-0.17974778872708902
1.1704674014902017,0.44678412796064215
-0.0219139466695396,-0.4637503664398339
-0.1115116758215755,-0.12020125717354369
-0.2476763742124454,-0.14086260707832945
0.1023808298863945,0.14269655890122918
0.2399191919517478,0.6420199960042197
0.0317392007899186,0.174206163536046
0.0461557895873148,-0.025676465998021175
-0.0310869929098299,0.2278413166266513
-1.193197288476613,-0.918358413215463
0.687162527704904,0.07094879309837357
0.0378140506625508,-0.011927860380656082
-0.1507258751834267,-0.1625529253860295
-0.1399630253666161,-0.06897452555469952
0.0757216642505507,-0.08262423557862758
0.2118840693798605,0.2820394486301918
-0.0391707399090858,0.02986468408080272
-0.0877420197514232,-0.030093854561490337
-0.119836215284639,0.05137481621181605
-0.1846093880488892,-0.8768987661840805
0.0315190476801516,0.033500696409832185
-0.1875332965379818,-0.12434135642994987
-0.006319768061046,0.16386869841487456
-0.1987817444901378,-0.0454861423220912
0.6753272341195254,0.2623986429091896
-0.276695305993604,-0.6468831463095923
0.5199837599756125,0.3816838634498654
-0.1538911494517169,0.05790119581972302
-0.1358317146661453,0.10802026387861752
-0.0930050550317898,0.09949229152994521
-1.3429931335805545,-0.18288071856614047
-0.1346346321317874,-0.2102945621615145
-0.1418515262613359,0.023965041094724006
-0.1619748964509728,0.04473429150978913
-0.0142315204432964,0.1077516109153156
0.8006376962204158,0.31142543970085124
-0.0864692595855829,0.10199201858050894
-0.1616309072169619,0.04422447626665505
-0.2915556409028743,-0.029018728927549146
-0.0842333295645121,-0.014493897240966523
-0.1401476329222019,-0.38444456050567305
0.039430800062402,0.4268131145324727
-0.1828894418788348,-0.434652837727034
-0.2096690037465824,0.04343316918662093
2.342782710999308,1.431618985546245
-0.1529623785198875,-0.11705846473579101
-0.1826142504916261,-0.608863312789833
0.4425861823231627,-0.04556386206510932
-0.1493504915627732,0.04327678527890002
-0.0796926716755684,-0.3507955930280217
-0.1329078061770528,0.15643859578391528
0.1608589996682455,-0.07150119354837614
0.1456088102937628,-0.0065954657928701185
-0.1301558923049657,0.06656287551212134
-1.1247204982928456,-0.8841916991789005
-0.1471833593885046,0.012457658359454032
-0.1532031709836951,0.09979287998504272
-0.1048726836051654,0.1108675455322414
0.1092606145666123,1.5276756236869864
0.0268499671438438,0.1374991383386034
1.139967022741236,0.445958039731353
-0.2858024209640422,0.07584543897218726
-0.1424707068825554,0.026584548235118445
-0.0928812189075458,0.053957593596841956
0.3881430062562594,0.19161406951539528
-0.3522009428589938,-0.8696059638270643
0.6345321749012381,0.5766562060269624
0.1649369920374445,0.1790378721624769
-1.0397528642305962,0.3328510199988958
-0.1580190202598476,0.02790285547882456
-0.1360037092831507,0.1097849518520958
0.1505393226479188,0.16809821055121904
-0.1188042475826064,-0.019233140975918588
-0.1329078061770528,0.07733507308501594
-0.1573310417918258,0.0035851174924820192
-0.0606700670347663,0.043039371432404334
-0.6884504191046368,-0.41921305235728945
-0.1343984261910999,-0.011608909191957582
0.8109986519488236,0.14147437070942886
-0.1200856074792969,-0.33178733604493826
-0.1434912082767878,-0.04593252119337023
-0.0690404717290312,0.011853835576705593
-0.1184602583485955,0.061546033657946496
-0.4301982084094026,-1.1506696920605946
-0.0556822231416084,0.029438254061323103
-0.1172562960295574,0.08470111311807155
0.1476360535128669,-0.04967939133411501
0.3643286315856857,0.05420262863303076
-0.0700953720466646,-0.006848602706813683
-0.2087734851073741,-0.3231731829486366
0.0753776750165398,0.09725081475599726
-0.4366709391627075,-0.49611997928370716
1.0505699539757067,0.4324761710630828
1.963018596651288,0.6299989737816559
0.6100745403630641,0.15322898030405158
-0.2767641038404062,-0.6719855068433636
-0.0855519549615538,0.050830967368918005
0.0871799456354533,0.5566246227658348
0.1742585269637496,0.11535062042755007
0.3530819035796997,0.14957327945281848
-0.8789287242842658,0.0931261140272856
-0.2546799950169071,-1.032685060140309
0.5124159968273729,0.17387203980051685
-0.0545929239005739,-0.07522587724886276
0.2430724265968477,0.16560798055566167
0.0734857342294799,0.1895264294362065
-0.162298246330943,-0.26443118882682193
-0.0697857817360548,0.006198053051987784
-0.1107136207986703,0.02915222271534467
-0.4369254911958755,-0.49398128811441294
-0.168774416976588,-0.49161292091204645
-0.34102129275364,-0.7090014362142073
-0.1337104477230782,0.05736899135155842
0.0401187785304238,0.13283254519648036
-0.3186963914663334,-0.8313697550069022
-0.7910968065334857,-0.45335994980893096
-0.1717831761434032,-0.9558489156176172
-0.2224138048666858,-0.9261810204269321
-0.0506943792484505,0.08431401142817804
-0.1249960537948023,0.0547693219543138
-0.1005728181800293,-0.15799247536193425
-0.1460940601474701,0.061782251211983864
0.2544240713192069,0.08975821008258858
-0.1605989395149293,0.07188978746763872
-0.2226431310226931,-0.4784923285815303
-0.0080397142311004,-0.07040800484967645
-0.1890812480910308,-0.5101644210757014
-0.1564011242292164,0.020998447689016438
0.0225753275958685,0.05496645363373041
-0.1306122513554201,0.053190556921434366
-0.0665178840129514,0.09477764960574159
-0.3159788765176474,-0.6974995643954928
4.3676753370044,1.5104034509247957
-0.1201802045186499,-0.0033982649170781337
-0.3379941874943442,-0.7164653403615145
0.0380548431263585,-0.008549231037478795
0.3870319210304043,0.2443558466846824
-0.1860197439083339,-0.6433276229576146
-0.1762504496624247,-0.6326984450851366
3.0328251144251483,1.4835783492997723
-0.1621468910679782,-0.0025333322205075975
-0.0694991240410458,-0.06397313823883058
0.0566302617629464,0.0697894673592025
-0.144603440133423,0.06250640773427579
-0.2561419492614534,-0.8749125243692875
-0.1354877254321344,0.08080601764585588
-0.0936930334998115,0.029759868035992502
0.6338441964332163,0.33753396266806235
-0.0558542177586139,0.13158139435722782
0.4584096870876635,1.4020913475560535
0.8359378714146131,0.464632792849752
-0.2011380707431124,-0.8392917779535866
-0.4660097809314961,-0.4079568123860092
0.0246048640765327,-0.19081035851369002
-0.3025976953146238,-0.8561098599681981
-0.3485890559018795,-0.5452788078699592
-0.1550492465395536,-0.10204713143992039
-0.202737620681263,-0.7097485275770962
-0.1091725490303015,-0.016602106996858056
0.1195802915869389,0.4554667907768224
-0.0847613530387188,-0.18352080285842515
0.2623358237014574,0.021050799648310276
-0.095412979669866,0.035245438989812035
-0.1274039784328786,0.06384313193996394
-0.0986831706545295,-0.31446716485911963
0.1716946605395884,0.061197223494815954
-0.1642108264720436,0.024373245023683314
0.1539792149880277,0.19708861815811327
-0.0452249504276774,-0.10454426028974301
0.063000942376828,0.13252537488124908
-0.0641099593748752,-0.09219007237397853
-0.1665327538016171,-0.17422282308932946
-0.2823023305079814,-0.8223584424135124
-0.1122684521363995,0.029166011646215788
-0.1036687212861273,0.010263047074338671
-0.7234960422656661,0.22798531934721616
0.1453794841377555,0.3368286464365825
-0.13882442100204,-0.11428287345992733
-0.1006828947349128,-0.0213309664267401
-0.009415671167144,-0.023722256138310093
-0.1569870525578149,0.04513966547430471
-0.1525220723003536,-0.2750032621218459
2.013355687894881,0.5219148389709836
0.0138036021285909,0.07142279906394189
0.2236937930988443,0.09159942758746761
-0.2189051146797747,-0.5912777613020566
-0.5057921358448553,0.20948674811764803
-0.3982783007547523,-0.8605013118069231
-0.1454634132184502,0.050127062085295764
-0.1642108264720436,0.12800911282640043
-0.1646236135528566,0.1872545036555962
-0.0955276427478696,-0.2688599075732773
-0.0204233266554924,0.07488768108889438
0.1424555756486629,-0.019252688325856936
0.0340989669352333,-0.09544572386969108
-0.1098605274983233,0.14246518935547572
-0.0967889366059095,-0.012210627764486743
-0.0274751059527156,0.04796648880750439
0.7651036083470909,0.615725345877991
-0.1108787356309955,-0.24330012675190257
0.0359909077222931,-0.2319052210425495
-0.3687554247457678,-0.0629991625730835
-0.0779383265821129,-0.07013649987333384
-0.200020105732577,-0.035783264788385186
1.8859650082328487,0.5007531687882789
0.1770264936667572,0.14753332190082147
-0.1309585338509911,0.043140798683748115
-0.0102928437138717,-0.00402161705723756
-0.4879734935230913,-0.8874271979990538
-0.1072462093198405,0.0563273768729512
-0.2412988138138835,0.0804523701798962
-0.1157083444765084,0.057200069185329154
-0.0224872620595577,0.07470398721116184
-0.0758055933312454,-0.038837235836712086
0.3944276895616384,0.11147429291852079
-1.0498455083564755,-0.8429306329949852
-0.0240352136126067,0.11273051078327606
0.0628220679751424,0.3375062146439365
1.4860775236951915,0.5873073253482536
-0.2042442935262307,-0.8628934604266388
-0.297770379730671,-0.5236772588076826
0.0018499762467125,0.5677926426470291
-0.2049236722634022,-0.2655418685930144
1.5039076323247556,0.2935418938778432
-0.0176714127834053,0.15629268141010752
0.0628220679751424,-0.010086599104983406
1.362848425786223,1.0949838314992233
-0.1382052403808204,-0.2274246260658071
0.0937902720823626,-0.029833534068594757
0.7780410434382407,0.771691313148796
-0.2471810297154698,-0.7659587586594596
-0.1439154616654012,0.06634086184024801
-0.1144155182720175,0.04907460526221682
0.466321439469914,0.1367366515041668
-0.0962729527548932,0.10663917597848399
-0.1642108264720436,-0.6615949904472265
-0.1093239042932663,-0.3410252680799716
-0.0049438111250024,0.06759778197890493
-0.1148483713914811,-0.03681402450151629
-0.1498458360597489,-0.20585993895669286
0.2809112423380454,-0.0008965404757454998
0.2805672531040344,0.40379296933437614
-0.1358317146661453,0.03866803849721178
-0.0697857817360548,0.03371033572919913
-0.118793927905586,0.00034662219713267606
-0.4038337268840282,0.9691796095847763
-0.1263720107308459,0.014392427194048159
0.8802798036247866,0.15595834112798782
0.9007798420256654,0.4375853277182736
-0.0672058624809732,0.07359161167660572
-0.1236200968587588,0.013814037477425045
1.9967295415843545,0.8858130749365737
-0.0967889366059095,0.0037056493706211988
-0.3365838316348996,-0.7520100420657166
0.0607581325710771,0.11766030359466367
1.3368377945195675,0.4860714745566771
0.0404627677644347,-0.1525892657416712
0.2413524804267932,0.07914546148748791
-0.0974769150739313,0.020394055945659677
-0.2741039204307219,-1.1084079127095559
-0.1153643552424975,0.08529389477364785
-1.1903077789109215,-0.47297828429442934
0.1531765734420023,-0.11151106322778515
0.1505393226479188,0.402435733735654
-0.1284359461349112,0.07058396043055865
-0.1318895980443805,-0.3171162613260564
-0.1183547683168321,0.0473305950740168
-0.2690128797673608,-0.5985521388936047
-0.0764935717992671,0.0712000356222375
-0.0754891232359554,0.11927439730586042
-0.0470824922913362,0.020479451118043397
-0.1311878600069983,-0.03841143258230003
-0.2139287370944172,-0.50002555464459
-0.1538911494517169,0.05416300927449318
-0.1401315800912814,0.036056116840949566
0.2295811688389407,0.14615947660161827
0.1914740414952145,0.39484773404706075
0.2361926419166299,0.13249606224379654
-0.149533952487579,0.020983982765631938
-0.1304998815389766,0.01540527297763574
-0.1145043821574702,0.04857320346005615
0.137467731755505,0.13647697748680743
-0.0950689904358551,0.4994935877890474
0.1470994303078099,1.7054853386190592
-0.2849510476098653,-0.9201430454618673
-0.5409306360990676,0.469979641136025
-0.1315318492410092,0.11710526856626885
-0.1932779167459636,-0.6299784537622958
-0.4329810813125507,-0.641051317330775
-0.1809401695527731,-0.292543821826666
-0.1438552635494493,0.10320941294508099
0.6286843579230531,0.21649358109737898
-0.1615001913080378,-0.2670246625517302
-0.1593777777341906,-0.08908049239152008
-0.0519224208138694,-0.2549011088886839
0.8403409336099523,0.40174127969988105
-0.2203796818629015,-0.4980931923764565
-0.1987955040594983,-0.836290566508929
-0.9389089803879644,-0.8243373264535635
-0.1073287667360032,-0.03874959237752793
-0.1958578360010452,-0.2575286026402578
0.0961924635665386,-0.024304583028353317
-0.1330041231625758,-0.3181247624764363
-0.2018312090496443,-0.8766076989155095
-0.1349717415811181,0.08830632611839531
-0.1330041231625758,-0.2282827606755679
-0.1060766459242035,-0.09909533763833317
-0.2702025092016484,-0.0846404458346669
-0.2060714496742185,-0.22368418000679052
-0.1573310417918258,-0.01682280282643275
-0.0479424653763634,0.07145600954155473
-0.2084977204047753,0.28895637869206464
-0.0728816848421528,0.23277268297430098
1.4279863418016026,0.6028252571445876
-0.0522767297249006,-0.1792511719937569
-0.1064527408200554,-0.05058009097267456
-0.1769384281304464,-0.19204885153072454
-0.0620460239708098,0.03376648325224887
-0.2747001684363408,-0.5390602750328768
2.587015067147038,1.0984027985216553
-0.1506312781440738,-0.21816478386607796
0.4828329227024366,0.4190859809336143
1.4328165239625057,0.70772709864905
-0.0594661047157282,-0.009781763605492468
0.2640041714864102,0.16547186216803828
-0.1268765282740619,0.06535730872962922
-0.1302797284292096,-0.06886896710924789
-0.1395536781781431,0.042390838419307
-0.4050720881264673,-0.5665924599682948
-0.1840475389666714,-0.47854550985005
0.0528635796505272,0.43828813320160265
-0.1022927643500837,-0.02246988721240382
-0.3642405660493749,-0.9474581244167782
-0.5644423002437118,0.2138382054492234
-0.4393678147573528,-0.8368564750332819
0.1041007760564489,0.11611183043830117
-0.21085576660392,0.30081723066374166
-2.000193164889206,-0.8846712764428952
-0.2785528478572627,-0.48516836603357383
0.0229193168298794,0.02449747318474104
0.5719261343112566,0.16393672429072356
0.0045055731332765,-0.3898879108199682
-0.0404159809362052,-0.2147133899399859
-0.212025329999557,-0.7576938725515494
0.5911895314158663,0.19885721914889015
-0.3308736103503188,-0.40070490669870706
-0.1394573611926201,-0.22601395105226685
-0.1440874562824066,-0.11133218786424964
-0.001486719323193,-0.034900473202331986
0.9387906523838684,0.6910702307773516
0.0395339968326053,-0.17490484870780593
-0.2176667534373355,-0.4441243848238229
-1.5863311177198565,-0.2523128191004626
0.9338028084907106,0.11582376370967068
0.0189634406387542,0.21075249789169914
0.1054182548227107,0.039499370704348634
-0.1480433324735318,-0.003251094785239342
-0.1317038438580146,-0.1546772579597155
0.0421139160876869,-0.18839081804313396
-0.0042558326569807,0.1409316178065838
-0.4112638943386633,-0.68985222842517
-0.046222519206309,0.07731345843452456
-2.247003720345848,-0.2772425998254282
-0.1592229825788857,-0.10485938169544115
-0.1342516574512553,0.06480573746752555
-1.3922569784140335,0.5153102241836476
-0.2242942793459454,-0.5717431814986071
-0.0973049204569258,0.1267012399550712
-0.1118602515787066,0.010615511733629596
-0.0589501208647119,0.021792500168343894
-0.1792431559983194,-0.945721784118377
-0.2478346092600904,-0.9630246290427784
0.2873730800989399,-0.028160171904130074
-0.063249986289848,0.0776659637927116
-0.1240787491707733,0.052146828258733145
-0.0557395546806102,0.06042376869149826
-0.4843501402581766,-0.8224204277539557
-0.1390996123892487,-0.11621318689114751
0.0228803313833582,-0.05969644660187704
1.0122323538451932,0.7964693929773394
0.561262468056919,0.6092447343385617
1.6541162645095102,0.8204440569453424
0.0766882739981213,0.11953600161078587
0.1825303214109314,0.8145135749337897
-0.1940518925224881,-0.87672055540409
0.0095037367034548,0.1437832187666887
0.5065681798491879,-0.04516106059346221
-0.1080259182502652,-0.052729777716118795
0.2809112423380454,0.14810600690342196
9.140009975054454,3.1986438807256588
-0.1556110956217714,0.12690236961079682
-0.1481579955515355,-0.1055099787907619
-0.1599981049861902,-0.2780102874087027
-0.1590544278542204,-0.25647754633295466
-0.0806214426073978,0.03950217287654011
-0.1871979070348212,-0.5650851184337167
-0.1440576438821257,-0.2587776053994592
0.022403332978863,0.012197694569575201
0.0556602121230357,0.1361044881604327
0.2593087184421616,0.13448413243822632
0.3431732936940161,0.03801122884667601
-0.1361757039001562,0.019039743064089898
-0.2959587030982137,-0.8910434872193385
-0.5991049487242088,-0.4217784649147825
-0.0909411196277244,0.010522245027988986
-0.1541204756077242,0.14468690049649394
0.2228917248682089,-0.08812034392152128
1.010306014134732,0.3146531361582523
0.224726334116267,-0.0674424877800481
0.1640695658523471,0.013253027098316945
0.0783015835056323,0.09624615357271796
-0.1302848882677197,-0.28959565990511293
-0.1211605738355809,-0.05346461089423624
-0.3031824770124423,-0.6231532218286286
-0.0699577763530603,0.06663018947253141
-0.5463599328425394,-0.8852202178093861
-0.3423972496896835,-0.9092414810826001
-0.1362789006703595,5.97584776898738e-05
-0.2869461851671284,-0.5219854550297511
-0.7229640055837292,-0.5086618018251394
-0.1649332038634664,0.769642420501458
-0.1422815128038495,-0.16940874519541
-0.1528591817496843,0.07607350302252536
0.1071966791625469,0.1646002680807117
-0.3019836745319144,-0.5623680216720502
-0.1404755693252923,0.0628850234650078
-0.1004980578531709,0.10992482467868475
-0.1395582647012633,-0.005509851060054114
-0.1206388568306644,-0.003133763346633789
-0.2360013796101159,-0.8851537373369033
-0.124196278825727,-0.29080365778304057
0.0268018086510823,0.06565532367814855
-0.0798188010613724,0.06713216900146624
-0.072193706374131,0.06593641026597499
-0.1580190202598476,0.034926213809987096
0.0081277797674112,0.1325093942643643
-0.0393840132341725,-0.07257415652299114
-0.0816534103094305,0.07572226703827156
-0.1341691000350927,0.2883141292735234
0.0347198675026229,-0.04625338825778976
-0.1394436016232596,0.05462008853716855
-2.006685961681161,0.15482148086433659
-0.084829577570131,-0.4431030221410758
-0.1492472947925699,0.07805156551083911
-0.1377236554532052,-0.2793137217318477
-0.0337357100117138,-0.06198486969813207
-0.0466811715183235,-0.03355180813802776
-0.1453143512170455,-0.6186165402017612
-0.1438810627420001,-0.235639817872479
-3.5908079826864028,3.3139275774770707
-0.1827346467235299,-0.10332286805410396
-0.5417562102606936,-0.0980205558592752
-0.040030712994113,0.1102849112344404
-0.6058930029420238,-0.5565275259894157
-0.2454473239760549,-1.1852422811172154
0.3131774324882667,0.9247123527480952
-0.1115804736683777,0.11550230413829002
-0.1345176757922237,-0.2735395738013865
-0.0775255395012998,0.003753570172368638
-0.2545802381390439,-0.05616166900072726
1.27878617138789,0.6513704115449441
0.9888410859324528,0.4755056016812985
-0.0455345407382872,-0.02305834112062919
-0.067990157934518,-0.16548047771120922
-0.1829616796179771,-0.5815917529309991
0.3655325939047238,0.31000897200807165
0.4467140531312933,0.294956712093334
0.1639549027743435,0.11980327422869133
0.3215019719513301,0.12304901030372456
-0.0557395546806102,0.030326053825933445
-0.1497632786435863,0.023078134916505663
0.0874746297459227,0.046286324048111914
-0.2827082378041143,0.31223632877815966
-0.6324031065764628,-0.24238111193164463
-0.1308438707729874,0.08011452853463977
0.3512570406932719,0.5399402219863081
-0.0305710090588136,0.12847703303516833
-0.1832712699285869,-0.5613527975863397
-0.1561270794727877,0.07254920613298924
-0.2617317743141303,-0.7629342814613764
0.3310511130874723,0.13157867455546596
0.1069673530065397,0.12642342823721248
3.202239812175512,0.9759164760872613
0.1634389189233271,0.09944980100381345
-0.2028236179897657,-0.08126985833383388
-0.0219712782085414,0.03928780788794362
-0.105904651307198,0.021125496220660553
-0.1357743831271435,-0.030635025946733445
1.6392043312151383,0.3705212028808688
0.3015505963786986,0.07426282532460454
-0.0565421962266356,0.08281153777187711
-0.8203358914244112,-0.4042734482631537
-0.1884276685464101,-0.4757051262865564
-0.4404943794987385,-0.49980709203674106
0.0447471536740403,-0.02580525800212119
-0.1473897529289111,-0.11515353703774506
1.0958217377098387,1.0495450634766583
-0.1976723792104527,-0.12313071259017849
-0.1357743831271435,-0.533879711772776
-0.1793004875373212,-0.47658343706764345
-0.4267176106766025,-0.048999978045926075
-0.0563702016096302,0.02436959064533612
0.3361387138584934,0.08845971189342891
-0.1181162691145846,0.3149168279919806
-0.2071406828766024,-0.23532487786191486
-0.2146843667784612,-0.185197138412867
-0.1307292076949838,-0.04414623017501883
0.0155235482986453,0.4300433438995857
-0.1435714724313903,0.015795782718265372
-0.0207466765354626,-0.010448379465951646
-0.1119244629023886,0.01736163573062565
0.0488905039977014,0.0998737421562616
0.1569031234771202,0.013925751971980649
-0.1389276177722433,0.07746924146541184
0.4143291866953383,0.31074227095118
-0.2029440142216695,0.0450824483194416
-0.0665178840129514,0.06121926753543288
-0.860359038801578,-0.6753687091883029
-0.0678938409489949,-0.10743329349830838
-0.057216415125297,0.011880618649343852
0.9975536452514806,0.5327392029417432
0.0246392629999338,0.0766657406364381
-0.1795527463089292,-0.2638857932524534
-0.199641717575165,-0.10146630071514812
-0.3031824770124423,-0.8705470237955978
-0.1296399084539493,-0.17445594535261513
1.4810552808786324,0.9228794171922085
-1.204537466891172,-0.9674214693434936
0.1984226240222344,-0.19870605671197444
0.3180620796112213,0.16176404416351486
-0.0814240841534232,0.08100723518528516
6.927471221896422,1.7442303050188974
0.5827531954517493,0.8450508664142905
-0.4018385893267649,-0.873668224991273
-0.1366916877511725,0.016225657108127768
-0.1575030364088313,0.035381879008553156
-0.2135492023062252,-0.8307436473303751
-0.1041503062137425,-0.07219285384881564
-0.1236200968587588,0.03648891585019346
-0.1932091188991614,-0.03611586496377985
-0.1036687212861273,0.023750218734254966
-0.0775255395012998,0.028180573148956757
-0.1908527926461868,-0.8791925999398676
-0.1522858663596661,-0.47342741379214714
-0.1531894114143347,-0.4711706803465658
-0.2044266078202565,-0.2356579847218373
-0.1301650653512059,-0.2159411209153268
-0.0255831651656557,0.02942856340635274
-0.1277410878822092,-0.40154286383158866
0.0401187785304238,0.04807647548236529
0.8753246387088598,0.06807185758701931
-0.1197215522066354,0.01885512934493301
0.4054353450499868,0.2539354607285719
-0.4445620521909172,-0.6620723416660412
0.7050499678734702,0.4846609575992875
-0.1527903839028821,-0.1199512450339198
-0.033838906781917,0.18579145052689805
1.6370887974259711,1.312952509200378
-0.083029367245474,0.09792184532074377
4.55222556105124,2.2350487295185197
-0.1439154616654012,0.08266582960619995
0.2141773309399331,0.5116520757530073
-0.1410488847153105,0.11159860327884485
-0.1544071333027332,0.030201334988959154
-0.1995350809126216,-0.5334359301702267
-0.0814728159615747,0.7089103104125636
0.3720683893509307,0.21147551351785177
2.2051870173949526,2.5719171584939553
0.0003536230787651,0.3317827803464918
0.2592399205953594,0.026213177851437133
-0.1392716070062542,0.08535267653123951
-0.1115804736683777,0.06054448600428528
-0.2410580213500759,-0.8381666874465279
0.0206833868088086,0.027271363133232328
-0.1642108264720436,0.13312373411972345
-0.1240787491707733,-0.0992438151523716
1.202802389487225,0.5175346134882222
0.1840209414249786,0.12601346854000692
-0.2524440649958364,-0.6264925142567785
0.1329029946201806,-0.0767631469404344
-0.1833882262681506,-0.08293378991982545
-0.1256840322628241,-4.765273355223504e-05
-0.1268306630428604,-0.15464087278437091
-0.0185331058146026,-0.08877490484238423
-0.2478002103366893,-0.6136002774557489
0.0648860033792077,-0.143447320726938
-0.1330127228934261,-0.11948918085534355
-0.1430554885803739,0.11925099956281293
-0.3769337687843767,-0.8552250373976092
-0.1053886674561817,0.001752334544470012
0.1128931408777672,0.059831321037266176
0.1825303214109314,-0.0719167546613507
-0.0248951866976339,0.06675102984035786
-0.0634219809068534,0.30930067974308356
-0.3364347696334948,-0.48571504350918415
0.0111204861033059,-0.06111330790813483
-0.1146763767744757,-0.030409170367792546
0.4936685835737796,0.1458749771736813
-0.1265440053478513,0.06631859655077443
-0.147699343239521,0.10099408876421481
-0.1465039806513331,-0.5734916216808634
-0.3904181467576035,-0.7431681663247298
0.0136316075115854,0.05964170215294625
-0.1076675961315039,-0.29179136303249326
-0.0192193643364543,0.08812923109478557
-0.0627340024388316,-0.07171276344641994
0.0553116363659047,0.03057100768104131
-1.064370453762585,-0.4170229000677588
0.0163835213836725,0.08694494249944074
0.0107650305614947,0.07562761932423398
-0.0403747022281239,0.048417208565254104
-0.1955138467670344,-0.8522073433582561
0.0566302617629464,0.1351298834558386
-0.1146763767744757,0.09793466117836519
-0.1580190202598476,0.045190361022473945
4.36736574669379,0.7449410067530486
-0.08922117345767,-0.000454462902338984
-0.3716156952265684,0.2588786527145806
-0.1339397738790854,0.04461929771205277
-0.4878358978294869,-0.4449877675595468
-0.2911944522071629,-0.013716157944301179
0.7470166544227986,0.13973376691166947
-0.1532891682921979,-0.07449714584259043
-0.8624401736673439,-0.9585598324084621
0.2271113261387425,0.3976678669754121
-0.1285460226897947,0.05510975800405694
0.1636109135403325,0.1527987749198313
-0.1332517954110637,-0.0031791293051318045
0.0072334077589829,-0.1876943959662562
-0.0334398792704644,-0.07566457888068415
-0.085555968169284,-0.11903199170180107
0.6383160564753578,0.6280395951753741
0.3702521261953532,0.27702315174310677
-0.0279910898037319,0.052516388993179335
-0.1218772180731036,-0.2572408598780479
0.7495965736778802,0.3181610869265802
0.4921206320207306,0.3143914410969988
2.3845774029316305,1.162951069834095
-0.3054184070335131,-0.889619942302199
-0.1183455952705918,0.08481438888019749
-0.2008456798942031,-0.5489522468912308
0.6576941166579714,0.10287110267772306
0.0684978903363221,-0.050191607966004026
-0.101604785882062,0.13660601544844872
-0.040030712994113,0.08554681109597181
0.4130317739677273,-0.19125093647531166
0.0958450344401876,0.1411347212440109
-0.4175932962444636,-0.030224646628299337
0.1030688083544163,0.21517436611115714
-0.8393240971418123,-0.35193606375850506
-0.1142521233858623,-0.20397545707911152
-0.1642108264720436,0.017924416915826635
0.0798495350586813,0.005098411708957418
0.3450652344810759,0.2365268159455986
-0.1330041231625758,-0.2582118662149468
-0.1750464873433865,-0.6466288909842861
0.3534190130290303,0.10269419825427539
0.3641566369686802,0.12733169627726387
-0.2632797258671793,-0.7529528430756284
0.0875892928239263,0.15037176703486693
-0.1704370316076406,-0.5465269363195148
-0.1421955154953467,0.01388590906355159
1.271256247055392,0.5869476763732528
0.0237964893766071,-0.1079129085670274
0.0811681604557231,0.089279664261317
-0.1234481022417533,0.09598777893856045
0.4343992385537036,0.40960869774377023
1.0186305535977955,0.3736555381177772
0.7495965736778802,0.8662542866441927
0.0546695231290843,0.12571343937977053
-0.2051455453193392,-0.49512821499382675
-0.2008571462020035,-0.5271731636816506
-0.049318422312407,0.02059908846379664
-0.147890257264397,-0.15452901620944887
0.2522500593602582,0.11031817871090382
0.2755220776718748,0.37211478462368863
1.7280051519750488,0.8268272846353932
-0.2057991248639599,-0.9124006398777623
-0.4795801562132256,-0.6693164491617832
-0.1188042475826064,0.08637526291724892
-0.225578505819586,-0.5342794961795656
0.4152390382192971,0.6694553821034933
0.0124276451925473,0.10339418953750112
0.166878811263436,0.07917201531770268
0.6214605840088244,0.7794057885153906
-0.1420235208783413,0.07309243758506392
0.4277946452606945,0.29396785384325835
-0.1486040349249696,-0.24313705408638597
-0.1926243372013429,-0.5116197716462326
-0.8473734452176671,-0.47444696365063765
-0.1831302343426424,-0.6379382232047911
-0.3415556226971369,-0.3871616640956093
-0.1193202314336227,0.02145278775207124
-0.0451905515042763,0.2902975005254696
-0.0940800213880738,-0.22052771824621253
-0.0981648935419531,-0.003520675896553631
-0.1600829556639129,0.06587217956692568
-0.1599109610469075,0.019998492050732695
-0.086125270351572,0.12116622709794792
2.883705781481429,1.0445282546833348
0.2017937185155411,0.20496465825317295
-0.0205746819184572,0.0707785826930751
-0.2817175488101629,-0.5626521652516908
0.5757100158853763,1.0520802933273246
-0.0864692595855829,0.05188067694745826
-0.196607732531189,-0.10486423827241198
0.6943863016191326,0.21639093761236072
-0.181823075253401,-0.5134974970558703
2.5588079499581453,1.3085371173822882
-0.3613854554070846,-0.32441945519704396
0.1178603454168845,0.04983809574655739
-0.3481762688210665,-1.0351849804852435
0.2416964696608041,0.2068012345695424
-0.1802453113000711,-0.8331315093829643
-0.0615988379665957,-0.09021826794240315
0.2926928736029182,0.0015414139707355598
-0.058069508425644,-0.00874007073268629
0.0462951052270893,0.12880903255581003
0.2926068762944156,0.2675624710766083
-0.1017194489600656,-0.021965848444400703
-0.2830625467151454,-1.0311440838637915
-0.1519877423568567,-0.3245937364371685
-0.1395582647012633,-0.10941819705355854
-0.351321477050706,-0.11622805941401176
1.8739253850424675,0.7167670790375468
-0.173039310162933,-0.5162845160250162
0.0848373789518392,-0.14277027261651495
-0.0321189606118626,0.14066684646727884
-0.1437434670483957,-0.10276126760295029
-0.1154985110437617,-0.00095858617830228
-0.1471833593885046,0.058635249278408456
0.0636820410601696,0.5952051899900336
-0.1513112301966353,0.1075231933355481
-0.9605459032072492,-0.6450695754452517
0.2810832369550508,0.4053616856208744
-0.1121996542895973,-0.2685305710172562
1.0686465882229783,0.3381889540264196
-0.0986235458539676,0.05328667697616698
-0.2901108861200286,0.013284328638052942
-0.2795618829436947,-0.7932448632652416
-0.2835750906738217,-0.3740591130811031
-0.1288349736463639,-0.10983588095727229
-0.0270554390872223,-0.17533829254870037
-0.1773271359648787,-1.014154860877376
-0.0961009581378877,0.030971542210703716
-0.7944937002193433,-0.13585379442230774
0.0029266625491666,0.6304382052509253
-0.1409915531763086,0.061640461962647795
-0.3332815349883949,-0.599893469597925
0.1257720977991349,0.06686513823392451
-0.1022927643500837,0.021792693986802746
2.6449428541544715,0.7908455337292769
-0.0940370227338224,0.20874687833624295
0.1107776070886003,-0.2323339842826732
0.358652809224506,0.0790183090655883
0.088621260525959,0.027431625689963428
-0.1208681829866717,0.07401038355874284
2.0419641258567864,0.598301966127635
-0.2076497869429385,-0.8914215499554664
-0.1370356769851834,0.02338819209156872
1.6726916831460978,0.5253958637335345
-0.0857812811175611,0.1888017778425583
-0.7720398029692825,-0.8270102854544058
-0.1463233863034774,-0.046754783807815246
-0.0795894749053651,0.2693082274130569
0.0444685223944914,0.03296776646172669
0.0741616730743113,-0.03616803886951245
-0.158285038600816,0.019050155791924595
-0.0575741639286683,0.04952149340095847
-1.3395050827476838,-0.4818736135550301
-0.2049735507023338,-0.6314219086446471
-0.2013616637452195,-0.589233835965175
-0.1225651965411254,-0.275023367925569
-0.0123051807328355,-0.5273549309208401
-0.1530380561513699,-0.4994602571026953
-0.275181753363956,-0.8002083129886854
-0.1483873217075427,0.09624441222842667
-0.1499788452302331,0.0338536595088007
-0.0610140562687772,-0.0945167496807546
0.8772509784193208,0.33042862583284727
0.0679819064853057,0.0375894845466666
-0.2723094432599651,-0.5704061252034363
-0.1919879571184228,-0.03094332614931415
-0.0733976686931691,-0.10230132221153046
0.1198967616822289,0.2126148284008565
0.1881648650640297,-0.1935076439058358
-0.0681948315287545,-0.13942660199120047
-0.1401384598759616,-0.2756370397957556
-0.0584341370136955,0.07813969670977355
-0.1693700916668169,-0.3211791380350382
0.1384744735803769,-0.02235964346470378
-0.0594833041774287,-0.14184031595912058
-0.0975250735666928,0.26154569213908896
0.0553689679049065,0.07961020887946943
-0.0720217117571256,0.05674244381734737
-0.110548505966345,0.07667572618494331
3.734310893035752,2.7867285347612345
2.626688492136294,1.3058955184599845
-0.1235054337807552,-0.00391100336099913
-0.1642108264720436,0.3239856625827599
-0.1565398665536008,-0.38596532576738274
-0.3427412389236944,-0.1019205963535669
0.2020689099027498,0.03882581675236376
0.7191535264679166,0.4430071591548169
-1.173888026140802,-0.7637836194552937
-0.1869141159167622,-0.6288867290079302
-0.1569870525578149,0.07666063223481648
0.0428706924025109,1.0968093745689702
-0.1704026326842395,-0.728016662437488
0.1207911336906572,-0.17704049967905516
-0.1272319838158731,0.05362998880806941
0.7810715885898765,0.1740829416004406
-0.2261134090784729,-0.232850223955693
-0.4333480031621623,-0.5398670603671315
-0.0883476701294384,0.06177769483643059
-0.1645874946832855,-0.24301473379538302
-0.2541640111658907,-0.6498099616369899
0.2100494601318024,0.02720806139906571
0.3755082816910395,0.0780801275047181
-0.1524051159607899,0.2102449172922809
-0.3760760889609096,-0.4120887435346824
0.5308767523859572,-0.0375348536592917
-0.1246004661756898,-0.058012134984976635
-0.0771815502672889,0.07205903934425847
0.6359081318372818,0.38015307030256457
-0.1537535537581126,-0.0970578126882268
-0.3029072856252336,-0.6921634296719966
-0.0775255395012998,-0.0003630174290944893
-0.0486304438443852,0.06512888993268903
-0.2993297975915204,-0.5271048595087741
0.2141773309399331,0.6001640476358534
-0.1107136207986703,0.07017292799586705
0.015007564447629,0.11577318316056551
0.8309500275214552,0.5953304058212496
0.1520872742009678,0.18602610567464378
1.1393535752739168,0.4018850411604939
0.2429004319798423,0.30312044138148203
-0.2299127701681232,-0.685441873408375
-0.0782135179693216,0.11478356811651944
-0.1530655752900908,-0.2645656880565495
-0.1197072193218849,-0.45634100254696763
0.0531903694228375,-0.223290051242011
-0.1625424786870908,-0.13161477106590333
-0.0956423058258732,0.044482093413378464
-0.1066115491830904,-0.2497635805714406
-0.1542236723779275,-0.20834488698151515
-0.0706618076520026,-0.3625673778981787
-1.7545647857667814,0.058266865461996824
4.847523118987888,3.407462164324316
-0.2271608562960361,-0.6206838998093966
-0.135315730815129,-0.042472292288506554
0.1534058995980095,0.15650564066320244
-0.0268444590236956,-0.2068644446635769
-0.1143323875404648,0.007617255098909384
-0.1642108264720436,0.07784471663040393
-0.3318711791289503,-0.8632975456655846
-0.2278488347640578,-0.7537627075998508
-0.3468691097318251,-0.5823565881232294
0.2539149672528709,0.47203580868366835
-0.1107778321223523,0.00949843367167575
-0.2061087151745697,-0.7076955651612507
4.94299733088761,3.9930478997588756
-0.0618740293538044,0.008799169644008918
-0.2478690081834915,-0.5870228364499878
-0.2067794941808909,0.05004939244182905
0.9430905178090048,0.2643738522429123
0.2131453632379004,0.07945560436013263
-0.1082552444062725,-0.2676052282320563
-0.1007448127970347,0.10211003810682848
2.63697950338712,1.0359585911617548
-0.0617054746291391,-0.28533445738641
-0.1377236554532052,-0.035478602985521177
-0.3831255749965727,-0.49011418084924374
-0.4092859562431007,0.05909843897437599
-0.1246016128064699,-0.11714223725916759
-0.0795894749053651,0.06375517075275486
0.6236965140298952,0.26436565598109074
0.4526765331874821,0.07897877815490201
0.091717163632057,0.08252852812602346
-0.0775736979940613,-0.22459646506102515
-0.0558542177586139,-0.10026542217283846
-0.1370356769851834,0.03719053836023838
-0.1236200968587588,0.019548924473981932
-0.0344718469724971,-0.2118702914207046
-0.1372076716021888,0.05952061438511524
0.0584878036266052,-0.14712250949840344
5.811570146765101,2.5293614414994523
-0.2412644148904824,-0.47307288314903956
-0.2529600488468527,-0.5649873615209335
-0.0945530065848388,0.05647330335490328
-1.0940825238502758,-0.2433353435662868
-0.3816120223669247,-0.4822119919648
2.54663073107416,1.3415812179957576
-0.025782678921382,-0.380113629273708
-0.0522423308014995,0.05417769937475502
-0.1050446782221708,0.08502099583309528
-0.3551248513480864,-0.7866543805461624
-0.3754660813859302,-0.5668849737089426
0.4073754443298082,-0.039143213381618525
-0.1434820352305475,0.06282614157981631
-0.1899016624141467,-0.547626983434279
-0.1560840808185363,-0.4499030820430128
-0.1642503852339548,-0.5529220262218627
-1.2973113633039084,-0.18439288384115451
0.0707338203573928,-0.4010465083869631
1.0152422596427884,0.1889080795398377
-0.0651419270769078,-0.05377974395927546
-0.1271173207378695,0.0013445468021672582
-0.0513823577164723,0.04714284836225791
-0.1425395047293576,0.11648933737351286
-0.3912437209192297,-0.6104224943831654
5.677758334734866,2.268052134652728
0.0359909077222931,-0.0017355093405189079
-1.5645393997452668,1.967457725257933
0.725861316531129,1.1120448240119973
-0.1373796662191943,0.045519692208066696
-0.1514327730593191,-0.28366109960253166
2.038008249665661,0.7652324709680661
-0.1301558923049657,0.1885561133047733
-0.0433834613949391,-0.07755935725490525
0.2767833715299147,0.18862011396561013
0.0862133358878828,0.10618921474073367
0.0163835213836725,0.06624835511391941
0.0041145720372842,0.1488793531891947
-0.2145708503312376,-0.5929657956524864
-0.1232531750091472,-0.16382580038053302
0.6072796278367255,0.34058455327569365
-0.0635939755238588,0.1729156930858496
-0.1434063575990651,-0.22839447419340414
-0.2321143012657928,-0.48558558127975876
-0.1180314184368619,0.12146327498796394
0.336601035389004,0.3045182614033296
0.3270057996955044,0.4384723745122362
-0.1181162691145846,-0.047817844277132864
-0.1501072678775972,0.06444420748968693
-0.1356597200491399,-0.011367521230911
-0.0208911520137472,-0.24334249826457915
-0.4320408440729209,-1.082962752602335
3.3246999794833867,1.1952842858641404
-0.1248240591777969,-0.054739808177641715
0.3545249384163754,0.17667361674943333
-0.1852801670552104,-0.6768331616797275
-0.1573276018994857,0.0029917068389758647
0.7851914329825468,1.1281842680920435
-0.2072765586240367,-0.6690842485944412
0.022403332978863,0.06300421042858895
-0.0314309821438408,0.05485978768117982
0.0654226265842647,0.26034977244762103
-0.0591221154817173,0.12524951232823656
-0.1256977918321845,-0.24137339168936084
-0.1458074024524611,-0.2534811663912842
-0.1526871871326788,0.07383757729041443
-0.1642108264720436,0.11377683141053324
-0.9686869817455068,0.8251635541219652
-0.2180795405181486,-0.8621237852985729
-0.8193039237223786,-0.5417315284753991
0.0322070261481733,0.17013741576049082
0.236037846761325,0.10963061352729234
1.6214372872784757,0.7004836484284496
-0.1495465654261594,-0.010107846018821219
-0.0951205888209567,-0.12863114312257382
-0.0913951854166188,-0.3471935058982848
-0.4277495783786351,-0.13048180935526899
0.0597605637924455,-0.06375194854452627
0.5464709309944509,0.24154992902202277
0.1051327437584816,0.12649308016214933
-0.0501371166893529,-0.05632059258243023
0.1106365715026558,0.3025039666485763
-0.1544071333027332,0.06442646681463424
0.1251987824091167,-0.031234697832731775
-0.4219533597855516,-0.451145105430985
-0.1349717415811181,0.004091969431048829
-0.6401887295729093,-0.6466389265348623
0.0458519324306052,-0.08996206327769278
-0.1779245306012776,-0.6488330365298207
-0.215121233105655,-0.5525325025685819
-0.1442594508994121,-0.03503787314268861
0.1794344183048334,0.04103073930452757
1.542491758072977,0.38900535938891895
-0.1573740404460772,-0.20039867579601212
-0.040030712994113,-0.07723509282023888
0.754106272535763,0.5677822183878054
0.0421827139344891,-0.060129513228059914
0.1106365715026558,0.107702496153562
-0.0967201387591074,-0.10923409695544453
3.2530556217697693,1.0150648539113292
-0.2166347857353029,-0.8494923856809921
-0.052414325418505,-0.011655227818952583
-0.152786944010542,-0.1934136414897341
-0.2314033901821703,-0.4886287611412983
-0.1889264529357259,-0.8524572703155028
-0.1815020186349909,-0.6463393063376406
-0.1591541847320835,-0.06453279723360347
0.0122659702525622,-0.1610670409936629
-0.1075901985538514,-0.07753809699820366
-0.101797419853108,-0.28003162466160597
-0.1992977283411541,-0.5874743383637336
0.1213002377569933,0.15695890840004914
-0.1970044667810815,-0.5014146097340021
-0.0754616040972345,0.19385448395683008
-0.2551443804828218,0.09896998815213853
-0.8052691629747345,-0.4295353318210894
-0.0919730873297571,0.13137588157504704
-0.0842333295645121,-0.008785368221765521
-0.1161004922032808,-0.680820029580945
4.924536575329025,1.885681524549504
0.2740314576578276,0.23667847802328157
-0.1220033474589076,0.3123459650757845
-0.2463743749617142,-0.8094263635478082
0.1390535221242953,-0.24419609759863614
-0.3905557424512079,-0.44571137804972927
-0.0584341370136955,-0.013158586169347945
-0.1126124413704104,0.01609815982908884
0.3662893702195477,-0.10340527836337551
0.0638540356771751,0.011187886186713049
-1.1129331338740724,-0.04419988635523242
-0.1514832248136407,0.07564297625497116
1.855556359946286,0.6230343066107443
-0.398109746030087,-0.7832968349978124
-0.1408195585593032,0.0269487337350345
-0.1896660297888493,-0.5485680149211402
0.2156220857227788,-0.05170204969375347
-0.276695305993604,-0.5991338959352714
-0.1401797385840429,0.04827521612218682
-0.1615735756779601,0.036061958698721246
-0.1610805244425445,-0.27619378977449394
-0.046222519206309,0.07208387520723097
5.772928689477878,2.9518531836282853
-0.1501072678775972,0.04661872435883178
-0.0329170156347679,-0.24568311550959004
-0.1552671063877605,0.03401511869454645
-0.1439154616654012,0.05811689814344014
0.8233822643732157,0.18351710416153832
0.3139342088030906,0.2522342015097848
0.1761063224657781,-0.08539714066061509
-0.3733287616119426,-0.6084829313624287
-0.1198075495151381,-0.18269262006450787
-0.0544782608225703,0.08241537763598328
-0.1509099094236226,0.018419129642291206
-0.1436861355093939,0.08493702189433469
0.0972209913762312,-0.09750811535074552
0.3196389262599271,0.22938789198851295
-0.2289496003128927,-0.7419788285540793
-0.1349717415811181,0.00016516310489405467
-0.0761495825652563,0.07078091018237759
-0.3035264662464532,-0.6009600848867925
-0.0162954558473617,0.02407490066364265
-0.1768237650524428,-0.7785345012007726
-0.1378383185312088,0.024885527081240186
-0.3148093131220103,-0.7204197056770082
-0.147699343239521,0.05022673005712915
0.0132876182775745,0.04595465014719204
-0.0305348901892425,0.20328817422286005
-0.2845726594524533,-0.7226511217298061
-0.1450391598298367,-0.49561495354784746
3.083922651202062,1.349092778960036
-0.1728999945231586,-0.16220549777991494
-0.1146763767744757,0.12674468299191444
-0.0904251357767081,0.014402071782255277
-0.6711133617104881,-0.9381992947870834
-0.1435714724313903,0.004646821619103549
-0.1441476543983585,-0.2009621862100366
0.5843097467356485,0.23456127621949324
-0.3000865739063443,-0.6580632412595452
-0.1100325221153287,0.05034187659038774
-0.618758200294031,-0.8212514743878809
-0.5471276021497737,-0.18418908409946777
-0.1702289181210641,-0.2813235496090428
-0.1009168074140402,-0.07855937604780706
-0.1497632786435863,0.07433791302934381
-0.1441447878214084,0.025947307559171517
-0.1336645824918767,0.12929876617478317
0.3108383056969926,0.032043330653771414
-0.3900053596767904,-0.5298652660234555
-0.4557761012196722,-0.6748586843298094
-0.0692697978850385,0.0813196342435416
-0.0776402025793034,-0.011305428894482442
-2.32446321606042,-0.7072363693664978
0.6118288854565196,0.29287622612939684
-0.0919730873297571,0.041219850662809
-0.3186963914663334,-0.03617041260971766
-0.0692697978850385,0.051614152655743144
-0.2211754436242466,-0.7584086316342153
-0.1103765113493396,0.09948380703735105
-0.0896798257696845,-0.2455589965589139
-0.0534462931205376,0.11297439096571654
0.0362202338783004,0.040375156629243646
1.5598632143905269,0.5915750947174613
-0.0948213181873672,-0.18035959025790882
-0.3553312448884929,-0.6475280087218911
0.0907448207305862,0.10327734114415271
-0.1144183848489675,0.10290690497276797
0.2201971425351236,0.1998883488589786
-0.1532719688304973,-0.526455962193236
-0.713699228881036,-0.8844569187142577
-0.0379667775900477,0.12062734937180913
-0.153925548375118,-0.2163847632690719
-0.1318758384750201,0.05872269988529882
-0.1569870525578149,0.047463607306516324
-0.1903333689028304,-0.07000676173886686
0.4185069359424005,0.22822940813027331
-0.1615506430623594,-0.21974929214846645
-0.1150203660084866,0.10643575372920966
-0.2531664423872592,0.9275210861574987
-0.0445025730362546,0.09890822607716046
-0.1124404467534049,0.06690129622030236
-0.246493051247448,-0.5426168413587875
1.406444016021671,0.7670983660505508
1.617653405704356,0.9075766428258584
-0.1618029018339673,0.055306795458362985
-0.985691516213445,-0.6624022576735015
0.195945901537356,0.19100852856824396
-0.1027640296006787,-0.4434274778325164
0.122332205459026,0.032333487781901725
-0.1211892396050819,-0.4161079442236857
-0.3789289063416398,-0.558258275046556
-0.0538900392324117,-0.19206254441462664
-0.1138164036894485,-0.13508693922722395
0.6941569754631254,0.7587607924857105
-0.6451077756192649,-0.6251209159818668
0.0256712307019665,0.06685344440175295
-0.2018982869502764,-0.975793490866828
-0.1340773695726898,-0.346226476024064
0.0717657880594254,0.07645384425607585
-0.0933490442658006,0.01345636636881687
-0.0816534103094305,0.05159619563978823
0.4370823545789885,0.5808833599948379
-0.0634219809068534,0.06785919624483278
0.2696742606936897,0.48216122058974054
1.5600595175800689,0.5716965137052572
-0.2018661812884354,-0.5122955293304705
-0.3745946419931026,-0.8208825434590723
-1.3355772990106696,0.5968820923120356
0.4476313577553223,0.1412421326909741
1.0399234871830696,0.29787848537359224
-0.51920771597128,-0.8513493145432316
-0.0392739366792891,0.031115717197281935
-0.1506232517286135,-0.06797206730820851
-0.1394436016232596,0.03252423767697021
0.0291180028267556,-0.13149394432927952
-0.1544071333027332,0.03777783512511023
0.3779162063291157,0.2544131320985889
0.5150303150058557,-0.2148292501404662
-0.211360284147136,-0.4622186736787415
-0.1600256241249111,-0.20916647041668013
-0.0119955904222256,0.051055747039110776
-0.2163251954246931,-0.7004567195075003
-0.3867787406617682,-1.0185690389013733
-0.6587297492860961,-0.8748799581053706
-0.0518410100284868,0.03759576067299688
-0.0647979378428969,0.18966704878008897
0.2423844481288259,0.21234262855018332
-3.244703214886348,-0.5449941650431417
-0.0117089327272166,-0.18130465816315605
0.2224330725561944,0.043943073746884574
1.657712098635704,0.5097056685781366
0.5187797976565743,0.12521590556253906
-0.1722085761627967,-0.051358101330074554
0.2258729648963033,0.261863001557734
-0.2661692354328708,-0.7198964392757435
0.0105357044054874,-0.05517235967077285
0.0999729052483183,0.3394930556255746
-0.0397211226835032,0.04251678361573372
0.3889238618174642,0.12395705411061086
-0.1565570660153013,-0.0675509892871958
-0.0051158057420079,0.026193877526750176
-0.0640239620663724,-0.12490397771543821
0.9663097911047396,1.6366831575413663
0.1175163561828736,-0.05964634182690815
0.1283520170542166,-0.002383143583458147
-0.1059390502305991,-0.1475575430820219
-0.1449474293674338,-0.093447078606519
1.4229554992541933,1.4518578478614619
0.0459665955086089,0.11802556283396673
1.7348161388084644,0.7179950951362698
0.0473425524446524,0.09143401948783952
1.5693401177875268,0.5539444738105409
-0.0850933026495393,0.05762527347943391
-0.1098605274983233,0.07904052761921834
-0.1478506985024857,0.03215414053000414
-0.141507537027325,0.015912295763845563
-0.1526871871326788,-0.528468383073779
1.279919615913956,0.8761913151920088
-0.0713337332891038,-0.006030838215932574
-0.5945413582196645,-0.8041068091023129
-0.2610323295383082,-0.6020573121496294
0.8870202726652301,0.6894228653789077
-0.1863981320657458,-0.07901187822437045
-0.0940370227338224,-0.08093857119440842
-0.1532031709836951,0.00677527105178638
0.0614461110390988,0.09627494249098745
0.113044496140732,0.0750400862530479
-0.1425532642987181,-0.4973208919885979
-0.1463233863034774,0.06831907925365585
-0.1347997469641127,0.004660710546214607
-0.2230329854879054,-0.6032753115389096
-0.1151350290864902,-0.164506097060016
-0.0487405203992687,0.10881627749171716
-0.1091725490303015,0.0525653506309954
-1.4381405557079658,-0.7612868384074926
-0.1257986953408278,-0.13051365299437329
-0.7026227755458855,0.33720979465527906
-0.1463921841502796,-0.4552681471633188
2.4378957342033183,0.9562499806938941
-2.43189105384202,-0.5687515213518588
-0.123849423014766,0.09017662660839731
-2.122174613846417,-0.8995974061738246
0.0576622294649791,0.22321513566790063
-0.0894504996136773,-0.03277066133958081
0.9307069053846124,0.3648571760865779
-0.0832013618624794,0.12038336588109105
-0.1267159999648568,0.027753424962199173
-0.0321189606118626,-0.03582224393217086
-0.1221002377598207,0.02398521214614826
1.8590191849019957,0.7104245992422957
-0.0971329258399204,0.021154416317511825
0.3524610030123101,0.12507726845128353
0.1391876779255595,0.1609866231319618
-0.1265440053478513,0.020004204957477345
-0.1642108264720436,0.1271928381921392
1.337302179985482,3.017354474554089
0.220369137152129,0.08873570357524169
0.53064742622995,1.3926147868286967
-0.1177310011724924,0.06281685354811115
-0.1255120376458187,0.00695527568261993
-0.2203498694626205,-0.7092126050653289
0.1958541710749531,-0.29373238064009305
0.0401187785304238,0.08247601155178247
0.1159684046298245,0.16411460605953265
0.5666287001074889,0.4618438351449271
-0.0905971303937135,0.037106578922120693
0.085525357419861,0.10945575716256084
0.2439323996818749,0.1653028028054217
1.0159302381108102,0.45509527712750575
-0.1466673755374883,0.07290376064157958
-0.2787145227972479,-0.31780996507314263
-0.4168365199296397,-0.6138321929812423
0.4546258055135437,0.05091267333884419
-0.3332815349883949,-0.5711628711609599
-0.0855657145309143,-0.24267882980258038
-0.1485455567551877,-0.27107244130330466
0.2595839098293703,0.2145237668865373
-0.3843639362390118,-0.3060006005630312
-0.083029367245474,0.05226679590600188
-0.0527583146525159,0.07414428664021411
-0.1870173126869654,0.16910793761684895
-0.1005728181800293,-0.5911577858737463
-0.1518272140476516,0.05662127535805266
-2.570140326990996,-0.3364733465514336
-2.752592216710371,0.037395636983891985
0.0597261648690444,0.02538514777204917
-0.058227743473289,-0.034019883246268645
0.1536352257540168,0.11449750792554403
-0.4092171583962985,-0.7358784781223636
-0.1237978246296644,-0.20148977378240368
0.3139342088030906,0.26942898809319943
-0.1325638169430419,0.04039376899723663
1.1415551063715863,2.1821545414692105
0.5638423873120006,0.34283964053475463
-0.0497398091240703,-0.17188971845672188
-0.0266151328676884,0.08074114497990059
0.8656929401565548,0.18193478209209785
0.0138036021285909,0.0441231063999215
0.1230201839270478,-0.004496408669226418
1.26867632780031,0.4689184522747055
-0.1110071582783596,-0.0420942689726297
-0.3216202999554259,-0.8763759678426591
-0.6255347882040454,-1.0120910061777946
0.7655920730593866,0.3637319348133679
0.2454803512349238,0.2068713194314119
0.1422835810316575,0.09281714443005262
-0.32554177722315,-0.662931075701442
0.8182224258630525,0.06102409031901255
-0.3205254968866473,-0.4894259062027466
-0.0885331949896482,0.0602675811465346
-0.1225881291567261,0.0056442989013337705
0.2095908078197879,-0.06632983027683254
0.0740127257359846,0.3845108774272088
-0.4445620521909172,-0.49854852906540775
0.0132153805384322,-0.0780160259812625
0.980700007394195,0.3668826756580882
-0.1403035747082869,0.04680946788185208
-0.1452914186014447,0.11614539395790091
0.0310030638291352,0.32104436663604907
-0.1779015979856769,-0.2001232723402149
0.2311474664844702,0.09300864223696781
-0.2381461524841738,-0.874161111051188
-0.1912397805344491,-1.0815550717864526
-0.0865839226635865,-0.11816993781857535
-0.1317038438580146,0.0705755755959672
-2.935044106429746,1.039547270306495
-0.1490753001755645,0.055200885368098966
-0.1646694787840581,0.658659850584266
0.0863000211748535,0.19017608099851885
1.0359676109919442,0.5606041450851699
-0.1501158676084474,-0.3061763607598843
-0.2113373515315352,-0.6126512387769572
-0.123688894705561,-0.47956943017011044
0.0586941971670117,0.03767103067662412
-0.0879277739377891,-0.07178028786830964
1.0653643576151248,1.036766259764444
-0.1751152851901887,-0.08324319631276972
-0.1661589521673252,-0.3574042735050723
-0.5911014658795555,-0.6015275171200679
0.5426870494203311,0.08321810113004433
0.0844417913327267,0.041004998951357
-0.1933123156693647,-0.497977657081938
-0.0630779916728425,-0.04013633560099161
-0.1642108264720436,0.028854773082576494
-0.1545791279197387,0.007609715990740902
-0.2578274965081067,-0.8633806315255687
-0.0973049204569258,0.07718230291728753
-0.1642108264720436,-0.3693103147715712
0.1444851121293272,0.01039465720082023
0.4147746527533824,0.08074474561678435
0.650355679665739,1.558432174005729
-0.411411809709288,-0.3018892895407736
0.5815578328635616,0.1515619351083942
-0.0816534103094305,0.056351141706671985
-1.2338625490906003,0.07439478807786479
-0.1436861355093939,0.033568676031931526
-0.0460505245893036,0.3630637763433574
-0.1409915531763086,0.050005604378065456
-0.7944937002193433,-0.17622357476424963
0.6713390229404033,0.09171259569616078
0.3844520017753227,0.14760277947571912
-0.1566889285550055,-0.515945119585173
-0.1150203660084866,0.03678562244107724
-0.0015039187848936,0.0781919577432055
0.2953587901665026,0.1846945422383555
-0.1431219931656161,-0.4119630240182413
-0.26740759667531,-0.6588766197577683
-0.0673801503595387,-0.3189136468031022
3.934764886001697,1.620354324278531
-0.197967636636312,-0.5081044293862069
-0.1366916877511725,0.037103808962356426
1.1484520905135047,0.9970395776893476
0.0504384555507504,-0.061897117926212414
-0.0866412542025883,0.08176266658374398
-0.1642108264720436,0.5658811067578688
-1.495861949174993,-0.9940114364492644
-0.1190106411230129,-0.22103307672721378
-0.0043590294271839,0.09441735600169099
-0.1954897675206536,-0.2565554603975022
-0.1770530912084501,-0.5961107909537213
-0.2505091255545251,-0.057025732455632
0.4382037594818639,-0.11408619705879255
-0.156643063323804,0.15105273087252785
0.065401987230224,-0.35511805050881395
-0.0733976686931691,0.07644660324145591
-0.2111653569145297,-0.5666804416474761
-0.073865494051424,-0.25377501979125944
-0.0669765363249659,0.036276348316085026
0.0060179791321444,-0.22867238695489528
-0.1187354497358042,-0.062309284937690744
0.11929822041505,0.23916332274503982
-0.3080671241353969,-0.7019490341389522
-0.0231752405275795,0.2135901243826001
-0.1215561614546935,-0.022494839092185144
-0.2903688780455367,-0.5447054013026938
-0.1497632786435863,0.042979453370406005
-0.7319077256680123,-0.4634826102694818
-0.043126616100211,0.05537595041759814
-1.2151839336838088,-0.8419673430610408
-0.1228306415667038,0.022764846529366098
-0.0692697978850385,0.8374630055812963
-0.034595683096741,-0.09381099892949726
-0.0833848227872853,-0.09414018349802991
-0.1642108264720436,0.10966812784919427
-0.0701871025090675,0.03183988782908286
-0.1134013233470753,-0.2177872250721376
0.536082456127322,0.2849081913670343
0.0469096993251887,0.0014221435785549408
0.0984043143412286,0.7033856886730535
0.0022799627892261,0.050803972619995884
-0.1596013707362977,-0.5365146977328535
-0.0279910898037319,0.19153736990910708
0.1495073549458861,0.056658760414132946
-0.1023432161044053,0.06237989308911771
-0.103152737435111,0.0445037178581851
-0.0529303092695213,0.10595569546438938
0.3696604647128544,0.09214744965225585
-0.0438145945682328,-0.023737112959052033
-4.759494205776694,-0.3701321605802946
0.0724537665274473,0.016724351086608955
-0.2438787330689652,-1.0258482499131392
1.035164969445919,0.3836429107307449
-0.1473553540055101,0.08290598176122801
-0.6765254589922594,-0.40680738287686613
-0.155095111770755,0.10663496489375879
-0.0931770496487952,0.05827433886816168
0.1128151699847248,0.020934397878198757
-0.5367511669058352,-0.9035142646961303
-0.0685818194170167,0.08434449428187332
-0.2549379869424153,-0.5665568765413083
-0.1232761076247479,0.04149220345171397
-0.4077552041517522,-0.7366366870997586
-0.1642108264720436,0.10523009265484307
-0.1452914186014447,0.27001746733463555
5.277698855580203,2.2646213007087628
-0.1506576506520146,-0.10046752545281085
-0.1290207278327297,-0.026736286601188
-0.0062165712908427,-0.10825485100373478
-0.0962729527548932,0.04046216304989061
-0.1285460226897947,0.09840506127584009
-0.0196132320093968,0.014408336008890216
0.7384169235725264,0.24368115392972267
-0.1129564306044213,0.06233328277704165
0.066949938783273,-0.007691525652275169
0.1048334731248921,0.010169655197101703
0.710066477536129,0.27324438770231624
-0.1249960537948023,0.03610198514878631
-0.1289244108472067,0.029273799561532053
-0.2239583165273947,-1.0182502989693616
1.0019126768248665,1.7613376415702522
-0.2857252527125458,-0.48436435361237157
-0.0026975614269113,0.09820099699351742
0.0794195485161677,-0.023096181129448817
-0.1478713378565264,-0.09003461561377951
0.6221485624768461,0.22423812013800698
-0.1529096335040059,-0.17971526567767937
-0.1535700928333068,-0.17437176842244317
-0.1837838138872631,-0.015975284545566605
-0.4749019026306775,-0.4537039997125094
-0.1606677373617314,-0.061119978965040254
1.4532609507705525,1.5735619085663035
-0.095412979669866,0.09524516548108089
-0.1112364844343668,0.014713437692363586
0.3775360982255337,-0.07130352261939708
1.2919987978662484,0.5058327502905308
-0.1284359461349112,0.08708933267734678
0.3882358833494424,0.13202213141884506
0.4374882618751213,0.4514473823997389
-0.1549643958618309,0.07797115246506939
-0.1048726836051654,0.038972269490536025
-0.1275186415108822,0.06317232554282462
-0.1266191096639437,-0.3112772057126717
-0.1286560992446782,0.04068106298457116
0.1921620199632362,-0.020572167354480808
-0.1382396393042215,-0.07335359520083098
-0.0646511691030523,-0.22819134657872991
-0.1425395047293576,0.08287413315756545
-0.1642108264720436,-0.018405927641967176
0.4685143708367333,0.23406542627234722
0.0324927665385584,0.4232028516786659
0.7366350593403498,0.6344379122637462
-0.0769476375881615,0.04014757843406331
-0.1064206351582144,-0.08030291799580028
-0.070645754821082,0.008363314445431584
0.6814293738047226,0.38717284200197605
0.0910291851640352,-0.03805373515275848
0.0088570369435143,-0.10068960752273928
-0.5162494085587864,-0.6519911275602579
-0.2467682426346567,-0.09557039459015279
-0.2699301843913898,-0.8345622227478914
-0.0971329258399204,0.1274226794386697
0.2799480724828148,0.41468752750652416
1.4023161452135402,0.35473919212666194
-0.0714214505437766,-0.11762046835022932
-0.1748515601107804,-0.49476219289723117
2.5196619751277063,0.8855807662094108
0.0752056803995343,0.09560421690532961
-0.0940370227338224,0.0602201801880776
-0.2692995374623698,-0.8966646267834105
-0.2196274920711976,-0.045429577499966615
15.991759532700325,5.871965855878422
-0.1626628749189946,0.07627480776613207
-0.4252986550863076,0.7237513133257084
-0.3602158920114475,-0.9207685351482853
-0.086125270351572,0.0596072159593893
-0.0899091519256918,0.07591452810130592
0.0225753275958685,0.07768593064560056
-0.1255120376458187,-0.024440005250492287
-0.8852466598822658,0.3819513871500505
1.876814894608159,1.0861685398928944
-0.1134724144554376,0.06875310379900051
-0.1575030364088313,0.026025594036672296
0.1023808298863945,0.19449870526589846
-0.1590509879618803,0.08310729958455632
0.0504384555507504,0.1776836129019606
-0.0966845932049262,0.03995423365063339
-0.1599109610469075,0.08910766530972108
-0.0878589760909869,0.41297555387338697
-0.1193775629726245,-0.21138094784464
-0.0795894749053651,0.41726909757144653
-0.043883392415035,-0.15470930475102174
-0.1121996542895973,-0.046415662688707233
-0.0806214426073978,-0.08654570218531937
-0.0362468314199932,0.08056733717568054
-0.1389849493112451,-0.04716144256073094
-0.1758605951972123,-0.5103748128362771
1.0300337967052566,0.392285005567274
-0.2149836374120506,-0.5388217559257236
-0.1155363498595029,0.07593841993052575
-0.1219001506887044,0.08270990978390802
-0.0163413210785632,0.09290952610828518
-0.1040127105201382,0.09677855251051681
-0.1901200955777436,-0.9263961497662371
-0.15430393653253,0.023925825814687135
-0.1607709341319347,0.041422124763014205
-0.1644172200124501,-0.07825908175493923
-0.1325770031970123,-0.13508390846679597
-0.181823075253401,-0.9579900796368923
-0.1552671063877605,-0.007035720773431828
0.1464114518397881,-0.03319821409858998
0.1742745797946701,0.05469575369751772
0.0403939699176325,-0.14976883660516221
-0.1512768312732342,-0.09092213608943653
-0.1219001506887044,0.06494807355586713
-0.1500642692233458,-0.2549504846108668
-0.0998848397120075,-0.13108250258897466
-0.0812406232286174,-0.02465367545472198
0.1243961408630913,0.20172162095576796
-0.0249416252442254,-0.2706955875482333
-0.9981783254080402,-0.7051891005412068
-0.1215561614546935,0.002319017982113543
1.4868343000100157,0.40216522249105124
0.7713814118677897,0.44253545656173554
-0.1498458360597489,-0.19181411936168596
-0.2953853877081955,-0.8387664059631642
2.0968304086815226,1.7341652652108372
-0.1266959339262061,-0.08471299923715145
-0.9479902961658518,-0.01312241409045015
-0.1297155860854317,0.07407615110158577
-0.1226018887260866,-0.27693595984157604
-0.1301558923049657,0.048160462402897196
-0.0589501208647119,1.7251629714226215
-0.141507537027325,0.0567857135591693
-0.1624908803019891,0.021879513864243777
0.883924369559132,0.4520082266252486
-0.1642108264720436,-0.020734885457488368
0.0910291851640352,-0.0017258629328381
-2.0857346876568634,-0.4076691498244462
0.318750058079243,-0.08537050872069749
-0.1122340532129984,-0.07402207976391059
-0.2078286613446242,0.16520043695316325
-0.0376227883560368,0.08784632547875024
0.053362364039843,0.08563962081817467
-0.1123922882606434,-0.3185810572092968
-0.1424707068825554,-0.36283715265585464
5.253542211621789,2.403338784872095
0.4091504287773044,-0.21688230088572807
0.2569695916508875,0.1017405459425848
-0.1518375337246719,0.07498376548386876
-0.2042511733109109,-0.7415555653643048
0.1314479201603145,0.12870228507935386
0.9389626470008738,0.3222815154003178
-0.0082690403871077,0.03874371028688791
-0.1862175377178901,-0.314429435790709
0.5210157276776451,0.8791464488970451
-0.181949204639205,-0.21041839331034332
-0.1559550848557823,-0.024313662364759882
-0.1940346930607875,-0.6025443373741517
-0.0426106322491947,0.04685810891166158
-0.0305710090588136,0.07859555881211469
-0.0988528720099749,0.039493053514890915
-0.1234481022417533,-0.027273663298512954
1.2546587665143665,0.7665909232303374
0.0445906385725653,0.5509397000460937
-0.2152588287992593,-1.1528170635427157
-0.1071086136262362,0.11701552660645931
0.6005919038121639,0.17365862630541704
-0.0359716400327845,-0.12208986501180008
-0.2353478000654952,-0.8733029904766012
0.2250129918112761,0.0038775276458649158
0.2755450102874754,-0.2075373836650235
-0.1122684521363995,0.05133773105157493
-0.0909617589817651,-0.26913314921601283
1.0865340283915448,0.43996738134757074
-0.0947250012018442,0.10263166619806571
0.0559193506793239,0.03623888254634328
-0.5559457661636428,-0.7373669890159075
-0.0899091519256918,0.06049917787089321
0.554153357220694,1.1471307356620657
2.4673068137112493,1.9033351540332781
-0.0114796065712093,0.12915680960044398
-0.1174282906465628,-0.007505775413816598
-0.0045998218909916,-0.03702900501166025
-0.2938947676941484,-0.9967463327874918
0.0315190476801516,0.1451752632781591
-0.1131284252214267,0.08918803243464724
-0.2125069149271722,-0.5033494801815767
-0.1642108264720436,-0.24027695794812842
-0.1642108264720436,0.06800783288028014
-0.1642108264720436,0.04029808627770439
-0.1642108264720436,0.15423262684745215
0.2075555381852235,-0.028066609677600902
-0.1678915112759601,-0.10391823669869116
0.7366969774024719,0.4838457512163741
-0.3357926563966745,-0.5431024644969874
-0.3952271162490757,-0.39284044364928333
-0.1432274831973794,-0.5199889299007651
-0.1492541745772502,-0.6703823711896223
-0.3472251385890263,-0.7235998662840623
0.1535664279072146,-0.23779005210173867
-0.1473553540055101,0.03021909423179111
0.460129633257718,1.1610249034634037
-0.1064206351582144,0.07353921741789193
0.0225753275958685,0.20064262829645413
-0.095412979669866,0.019726558779436354
-0.0293670467397755,-0.03716103242788875
-0.1077931522019178,-0.13804960822439896
0.1030688083544163,0.1364241992545297
0.3634686585006585,0.08163624038149586
-0.0716777225231147,0.055687088298477704
1.136453287378893,0.46684309453512274
0.2938177183981338,0.18428267799462883
-0.0482176567635721,-0.23304729231609478
-0.0389987452920804,0.1430218759145544
-0.1466811351068487,0.0483478887205439
-0.1435714724313903,-0.009652317017302351
-0.1741693147966588,-0.5763258149642821
-0.155725758699775,0.023575952370264316
-0.1163963229445301,-0.002075969605736784
-0.2139287370944172,-0.5009891126722844
-0.1760337364449978,-0.9287523214230929
-0.2058748024954423,-0.18929231523243217
-0.0609681910375757,-0.3459058454992403
-0.0389987452920804,0.07046802995041279
0.1820258038677154,-0.001667178180524656
-0.1524005294376698,0.04871951224307491
-0.1215699210240539,-0.03459350255726307
-0.1224161345397207,-0.04277751144502107
-0.126028021496835,0.011262402836694704
-0.0599820885667445,0.12473710896828263
-0.1373796662191943,0.08475264980344469
-0.3453784897177779,-0.08089876089984291
-0.0403747022281239,0.10549616903054598
0.5467633218433601,0.8430045830407322
-0.142424841651354,0.045556721603533835
-0.0793601487493579,0.063841977428518
0.0414947354664673,0.11787035181056038
-0.1513112301966353,0.10324914092074727
0.6097391508599034,0.39697259096570225
-0.0565421962266356,0.12225834348425063
-0.0999192386354086,0.02851961783664423
1.6239415289020749,0.9478881796224748
0.2940172321538602,-0.08682694934170397
0.0757216642505507,0.08276108377341695
0.3573697293816454,0.32946203180342587
-0.0766999653396737,-0.5706507125698476
0.2899466928847313,0.07592703190207498
0.0798495350586813,0.03232087603182695
-0.247662614643085,-0.8841060955236653
-0.1570099851734157,-0.5312330030453457
1.2072742495293665,0.22435220594065486
-0.1515176237370418,0.0453459153039255
1.2520341286588634,0.6591830673455927
-0.0928812189075458,0.048460064191934514
0.3940837003276274,0.2096379267465912
-0.2488665769621231,-0.4431995281007109
-0.1516552194306462,0.034429461383563724
-0.1578177865579512,-0.19292462001454364
-0.1537122750500313,-0.2907110922768969
-0.1263863436155964,-0.05403792601602583
-0.1345039162228633,-0.14482071561064405
-0.2230329854879054,-0.6024003757477473
-0.1063059720802108,-0.017107415979958712
2.6007746365074733,0.9479852507293142
-0.2769532979191121,-0.1762950287167081
-0.1702306380672341,-0.6288702765745461
-0.0823413887774522,0.052331125587894455
0.5223916846136887,0.22139605769424414
-0.1547511225367442,0.03548798814705522
-0.0961009581378877,-0.039796547596773854
-0.1445690412100219,-0.03670892260214657
0.0175301521637088,0.0775138767267595
-0.2811327671123444,-0.8797723159304209
0.0370228754243258,0.030449016072395772
0.6383733880143598,0.11318939772680403
-0.0434706053342219,-0.0018886930074273195
0.770063933101528,0.5624769365099703
0.8617329360946215,0.8265034229626064
-0.3824203970668503,0.2205207182106112
-0.0991968612439857,0.024239416102286915
0.0488905039977014,0.22348063952041042
-0.1573092558070051,-0.19891718893532817
-0.1562990740897931,0.024289684348237937
-0.1488459740195573,-0.14754726365021317
-0.3054757385725149,-0.5515691277949966
0.1889514537791346,-0.17803072329910735
-0.1185290561953976,-0.25477394680831905
-0.2823023305079814,-0.8753998516243291
-0.0316603082998481,0.02451043709061204
0.0052761090174609,-0.012127141120722322
-0.203528795919488,-0.7175622729702985
-0.3154284937432299,-0.43456960486409485
-0.1274039784328786,0.07154317334092927
-0.0733770293391285,-0.14793906808087234
0.2356044203264713,0.5235417848308763
0.0115676721075201,0.2662346992112534
-0.0068357519120623,0.007130954613495985
-0.1642108264720436,0.18058530189692096
-0.0857812811175611,0.01144015686369082
0.2427284373628368,0.06189759527218539
-0.1401315800912814,0.032445535144741626
-0.1360037092831507,0.049593527720381884
-1.166090936836555,-0.4847208399274041
-0.1497632786435863,0.040178255425195784
0.6654912059622181,0.16162396026856896
-0.8044435888131083,-0.8825811194134029
0.9838532420392948,0.8033904820657287
5.294898317280748,2.1992688783536214
-0.4196342990329283,-0.6380368171654673
-0.0979928989249476,0.08558749701842569
-1.1181703699618883,-1.0077580560108172
0.4025114365608942,1.152319959762689
-0.0598032141650588,0.1192347859926351
-0.1536159580645082,-0.4975149162079317
0.0896532282279917,0.32269696076279286
-0.2378245225503736,-0.6067265948670297
-0.0568861854606465,1.773285982473148
0.0628220679751424,0.08272437019150214
-0.1137590721504467,0.044988288727488744
0.1314479201603145,0.07292623624489761
-0.1302992211524702,-0.26735721734490253
4.022482140674473,1.4451020286145893
-0.1854922937495172,-0.20538061481948017
-0.138411633921227,0.06848557778576389
-0.1294679138369439,0.03539458230590172
-0.1564137371677968,0.08878889057893169
-0.1294679138369439,-0.016710046410947706
-0.0496624115464179,-0.020537487757719255
0.337832287520607,0.13170580012427566
-0.0972877209952253,-0.12642793338648367
0.1735820148035281,-0.03855133668332874
-0.3016918569983952,-0.42820839150146633
0.4123151297302045,0.3134963363197723
-0.255023984250918,-0.42463596069971865
0.0550823102098974,0.6328891291230216
-0.0341828960159279,0.0030029557430058043
1.2660964085452282,0.922709101605518
-0.1077965920942579,-0.04932600017337103
0.8660369293905658,0.5825461189049328
-0.1583630094938585,0.04341216574502491
-0.1732061449414283,-0.10734245481993854
-0.3850519147070336,-0.0874031870428725
-0.010963622720193,0.14266978792118695
0.7783196747177893,0.48123445667662446
-0.0730536794591583,0.07530356656697018
0.0370228754243258,-0.07625715255153917
-0.1026367535840946,0.04314651738350946
-0.0899091519256918,0.028480945949850435
-0.1424305748052542,-0.27739019799117776
0.8357658767976075,0.3090669849078572
0.0965731449855107,0.11882275411690041
-0.3144997228114005,-0.9123023955772226
0.964073861083669,0.30090382015673134
-0.2069572219517966,-0.5005171505653642
-0.1980593670987149,-0.514851969029429
-0.1590509879618803,0.0626190444238609
-0.1501084145083772,-0.017775963368546706
-0.0659761009693842,-0.21187114727917955
-0.0293670467397755,0.025164973030966223
-0.1690743755886455,0.3912467674936253
-0.3392325487367834,-0.548573344883335
0.2588959313613485,0.2632165567884796
0.1763385151987354,-0.051881084876348724
-0.4481166076090297,-0.7911208984927115
-0.639328756487882,-0.3865701320081779
0.1499660072579006,0.12182972386542956
-0.2857766217714914,-0.7791727096420129
0.97359089655797,0.23939355105577292
-0.1679717754305626,-0.576650489973689
0.4284826237287162,0.3112514736220027
-0.6105162182471301,0.011303619925818055
-0.1605318616142971,-0.0763201150913837
-0.1249960537948023,-0.040613088696398854
-5.543514467934309,-0.4495583910323296
-0.116740312178541,0.0738222380834257
-0.9679760706618844,0.43772239667970775
-0.084577318798523,-0.02914875229102012
0.0370171422704256,-0.10361004407794888
-0.1707173828333595,-0.15880879905137701
-0.8141819240279565,-0.39985337619779004
-0.0766586866315924,0.11544863237935027
-0.1296399084539493,-0.12898084770578275
0.0110516882565037,0.05593822656124365
0.6099369446694597,0.2093946885586091
-0.1504512571116081,0.1269171088730266
-0.1270599891988677,0.1636378443653012
-0.2572255153485877,-0.5977075862857819
-0.1117066030541817,-0.24168774811086202
-2.000193164889206,-0.8881241941101599
0.0612167848830916,0.1960313121978764
-0.1239640860927697,0.07320492000822748
-0.2959243041748126,0.11859950044273176
-1.1926010404709944,-0.8488553779394188
-0.491661058111688,-0.28379130809856973
-0.1174282906465628,-0.006758880989481596
1.100819671953861,0.5291614196290235
-0.2132464917802956,-0.5218756907526911
0.3517214261591866,0.09192590792829941
-0.1502219309556008,0.012121166773961474
-0.116740312178541,0.04264398439334626
-0.1298119030709548,-0.09627005684172396
-0.144603440133423,0.10699251259596604
-0.1221547027218724,-0.18619741293610306
-0.0221868447951882,0.11887803609563918
0.3629572611727623,0.163229093798412
-0.135315730815129,-0.4379655318433574
-0.1487313109415536,0.08779629583936924
-0.1425624373449583,-0.24056102583277167
-0.3100622616926601,-0.5959582071611517
-0.3939956347913167,-0.15719057044447657
0.1833042971874559,-0.13188566506144786
0.0672709954016832,0.077346397841557
-0.0396867237601021,-0.055721643458362904
-0.1163963229445301,-0.011341131826852261
0.0443704854627983,-0.05120188616828206
-0.1382969708432233,0.06398987053130348
-0.0747736256292127,-0.09033770497812219
-2.306575775891853,-0.6282053945927797
0.2577493005813122,0.15179972238142764
0.2929508655284264,0.8521794028883944
-1.1299949998810126,-0.9303131803942464
0.4463700638972824,0.26356945094345613
-0.1535058815096247,0.06297914877536662
-0.3404709099792226,-0.5341506306321467
0.1998071806891282,-0.12491617486381787
-0.1600829556639129,0.09253338983514342
0.0597261648690444,0.16436859734937542
-0.1356597200491399,0.15574797233672533
-0.1884620674698112,-0.6354682955159884
-0.3746634398399048,-0.6393791754510536
1.5861783907923597,0.8185076552836761
-1.0675919129390976,-0.054373235797017416
-0.1432274831973794,0.018282514508824073
-0.1793205535759718,-0.18891097263645223
-0.111147047233524,-0.21208632082980777
-0.0528764176228596,-0.28728020164868034
-1.968864345401664,-0.38078301365052364
-0.1559550848557823,0.004819553521143313
-0.0042558326569807,-0.0196123314745473
-0.1471833593885046,0.005552468834025555
-0.1329078061770528,0.09999179675653808
-0.3833078892905984,-0.38708714675060807
-0.0746360299356083,-0.10766629316550602
2.5216571126849696,0.8481155805530941
0.0508971078627649,0.09136999228822759
-0.1495104465565883,-0.1879539214671307
-0.1249960537948023,0.07674151813997429
0.4873047827445781,0.25977827409955945
-0.0919730873297571,0.10943516363779326
1.661340038423739,1.182626033551067
0.3314776597376458,0.25479900239525854
-0.0300550252077973,0.12517642461233275
-0.1552671063877605,0.014526842144758058
-0.147699343239521,0.028628590326366325
-0.1327358115600473,0.04616001368339633
-0.4821428760066067,-0.6165689932280289
-0.1154985110437617,0.0245432216216074
-0.0066637572950569,0.14534964529913014
-0.148903305558559,0.12926083779047726
-0.0004375521594598,-0.33306115621809046
-0.0604980724177608,0.03250481952477576
0.1488193764778644,0.1822851732276603
-0.1922459490439309,-0.10377449830655136
-0.1271115875839693,-0.11987742712918803
-0.0380814406680513,-0.21981542316263697
-0.4346207633280026,-0.9031636760673422
0.091717163632057,-0.09082515850199827
0.2661197052755772,0.37848542857692413
-0.1061454437710057,-0.1216402094221257
0.0101917151714765,0.32498244931849324
-0.1251680484118078,0.10413758707745674
-0.0569148512301474,0.06224487360783668
-0.2303255572489362,-0.49725136447980034
-0.0052878003590133,0.07277200338685902
0.5710661612262293,0.6679439607580472
-0.0933146453423996,-0.27094405527335386
-0.1642108264720436,1.010475041995572
1.0814085888047826,0.10670930497446887
-0.0926610657977789,-0.1706256326408223
-0.1610231929035427,-0.1639657300740195
0.073141744995469,-0.23867413490140468
-0.0619313608928062,0.10322217248807414
-0.2815455541931574,-0.7341900785200287
-0.182832110339833,-0.5267175530316772
-0.1540975429921235,-0.19396768163204203
-0.0782565166235729,0.022060192990393836
-0.1533912184316211,-0.018751046247441575
-0.1541938599776465,-0.17455077526332374
-0.3290734000256618,-0.8284355739306599
0.0096183997814584,0.005035824803803345
-0.2306007486361449,-0.927213661151602
-0.1390996123892487,0.05255825428665659
-0.0826853780114631,0.1902835616925017
0.2359633157606226,0.28254806503160096
0.3763682547760668,-0.08673685282321303
-0.0905971303937135,0.049052259580751566
0.4136429281734866,0.32511203907367736
-0.159170237563004,0.014968795106801484
-0.0744296363952018,0.10212160657309222
-0.416561328542431,-0.5432686620000904
0.4386303061320375,0.44519880861610805
-0.1785895764536987,-0.7281164288236937
0.2162412663439984,0.20831104811287096
-0.0851621004963415,0.12447152198525474
-0.1592573815022868,0.07567259267675996
0.0163835213836725,0.04131552375866964
-0.0988528720099749,0.07072165688786547
0.366138014956583,0.045657004981059006
-0.1459793970694665,0.02067377531186263
0.4762971272562297,0.17102439710780798
2.2653851333468578,1.0951134407070966
-0.155095111770755,0.07524636004903265
-0.1590234688231594,-0.15248916973478
0.0485373417174503,-0.0921271779807284
-0.095412979669866,0.09836668701629958
0.0717657880594254,0.009277584808559801
-0.1816373210670352,-1.0578910640598491
-0.1616825056020636,-0.1551627595504283
-0.078763900743739,-0.04227737896722137
-2.239291481719324,-0.433068602529289
-0.2735168454713433,-0.9484838162155489
-0.2229641876411032,-0.5062025019992784
-0.0050814068186068,-0.05070162132129517
0.3104943164629817,0.10443791496672275
-0.729178744411526,-0.7158256475051171
-0.1726729616287114,-0.8460868721047227
-0.0823413887774522,0.09706635266737268
0.1510553064989352,0.11619111520983855
-0.1315318492410092,-0.018065795715977287
-0.043126616100211,0.33536820450997434
0.0679819064853057,0.03074681067884833
0.0233149044489919,-0.19639399243452388
-1.4245415146567355,-0.7428107648149458
-0.1253400430288132,0.059290513226473905
-0.1315318492410092,0.022315667588148416
0.1539792149880277,0.2239673889977783
0.036334896956304,0.07267078735247581
-0.0936930334998115,0.05364817405260091
0.9368987115968088,0.28768358084671863
-0.3735856069066707,-0.006827085542070312
0.8398937476057383,0.321325835897769
-0.0391179948932041,-0.05632345752070299
0.972260804853128,0.10354496245170275
-0.1600829556639129,-0.006960964305214156
-0.0279910898037319,0.07054047340290912
0.317293836988597,-0.13234448828501144
-0.1379885271633936,-0.26820535553365626
-0.061702034736799,0.09545837771281335
-0.120087327425467,-0.10190000604239347
-0.1600049847708705,-0.16716237557566177
-0.2033224023790815,-0.8982099213211701
-0.1263720107308459,0.07626570051201698
-0.1002288289460184,-0.03742938710100891
-0.1395123994700618,-0.04917407487984924
-0.0971329258399204,0.12200328784541264
-0.1188696055370684,0.03439355002230326
-0.1786652540851811,-0.868629882883066
-0.3570821500896083,-0.9395311675777425
0.159863724151174,-0.003923784300451101
-0.1732577433265299,-0.8418468690110186
0.4327480902304513,0.12695002118380613
0.510334861961607,0.3019223988419408
-0.1444314455164175,-0.005957582210377441
-0.09680269617527,-0.17507612297382696
1.1890428201267893,0.6064349951798123
-0.3857398931750554,-0.5131216527288364
-0.5727324407833742,-1.0170146283232862
-0.1583630094938585,0.08592511094863237
0.3173741011431994,0.7033179860780289
-0.6992642939911591,-0.36156412173402197
0.7396208858915644,0.48079337710711123
0.0119976586500337,0.14590461977113023
0.3578272350628799,0.08198406205400699
-0.2062921760993755,-0.554977292883752
0.06274639034366,0.052097845239159245
0.791735254844214,0.2855852983089069
-0.4248686685437939,-0.589366350590224
-0.1526527882092777,-0.2180262416434765
-0.147699343239521,0.1051115508583641
0.0566990596097486,-0.08892505501019698
-3.439676312723719,-0.5172796991777898
-0.1573310417918258,0.03796030951752539
-2.111791872133188,-0.02780969913652774
-0.1492472947925699,0.025823917935353373
-0.2104567390924674,-0.4546983515320399
-0.1169123067955465,-0.02665123852601079
-0.0950689904358551,-0.009254754761277066
0.004171903576286,0.04914277964896153
1.2812319348417076,0.17994630138737464
-0.0045998218909916,0.08257431272092439
-0.2892509130350014,-0.9013249483528692
-0.0472544869083417,-0.516016816321013
-0.1265440053478513,0.009155659863692177
-0.1426541678073613,0.37317085728010196
-0.1098605274983233,0.058863287940618146
-0.0598032141650588,0.07086310702877166
-0.1370356769851834,0.09232219365393413
0.3052198148748147,0.24791554677653638
-0.5754086770239789,-0.6378815375457498
-0.1972337929370888,-0.5334574096615521
-0.141507537027325,0.014981751609543792
-0.8160704249226762,-0.22375705212196562
-0.172535365935107,-0.15157476049401097
1.4164197038079864,2.041168715926936
1.1076893662832143,0.6775190262718773
-0.2251485192770723,-0.5781014506363733
-0.1442732104687725,0.03476036056180035
-0.1824147367358998,-0.6049318105106637
1.776232442583375,0.92518406942786
-0.1632935218480145,-0.4949048005972158
-0.1241429604944553,0.11307393857861453
-0.0224872620595577,-0.0031211678835718487
-0.1246520645607915,0.0478032296342985
-0.4869931242061603,-0.8847977723002192
-0.0816809294481513,-0.19311043720527926
0.1571593954564583,-0.055661253460751584
-0.1298119030709548,0.062418782156178944
0.1758225313477191,0.13534389127169577
0.0967623390642167,0.0808586873844287
-0.0959862950598841,0.024607545629117322
0.3087743702929273,0.10005159702385952
0.8569212146892774,0.6238958810731455
-0.0385400929800658,0.039909377776919545
0.401651463475867,0.03195669620696703
0.0631660572091533,0.14938800467838498
-1.177654708253221,2.841848939339595
0.0339269723182278,0.17134031174436293
-0.0197353481874706,0.14024482899466295
-0.0083837034651113,0.028552957650340417
0.5719261343112566,0.2966974939123187
-0.1642108264720436,0.01430527657213021
-0.1280919569009003,0.09298087251733009
-0.1247667276387951,-0.10090236148979198
0.0062702379037524,-0.493713691653589
-0.1584662062640617,-0.21888339595411133
0.7778610224057748,0.1727939025547527
-0.0701871025090675,-0.008641021139929629
0.2685849614526552,0.14863827633769894
0.1201650732847574,0.0633275059287235
1.8736192346241975,0.7696464445299754
-0.0738104557739822,-0.2680854224784984
-0.1346552714858281,0.04162565758724295
-0.0192766958754561,0.011135020244325868
1.1484520905135047,1.0372679279206318
1.0003956843028785,0.34784660701096304
0.0339269723182278,0.7774715588602602
-0.2618315311919935,-0.4561810699086684
-0.0720217117571256,0.04590763062529948
-0.5282890317491674,-0.8336021444417131
-0.2243367046848067,-0.9954506488352027
0.1711786766885721,0.2536142217493747
0.0538783478908593,-0.007915649081805767
-0.0565421962266356,0.09823082601463459
1.488657442950273,0.5605998632159057
-0.1397875908572705,0.02202721598247772
-0.0658448117450701,0.0633562460833546
1.2009677802391672,0.3883360760542966
-0.0718497171401202,0.03892308528979748
-0.303363071360298,0.13829807427677765
-0.4165269296190299,-0.8115887399284318
-0.0238632189956013,0.10860187224388301
0.053362364039843,0.135512132427821
-0.0056317895930242,0.02897420094231861
-0.3922412896978612,-0.6684175703780727
-0.6777179550034971,-0.9641126189149397
0.4647734879168649,0.2809462631314953
-0.1642108264720436,0.5525150951993872
-0.1642968237805463,-0.5952640463500137
-0.1553817694657641,-0.0879293046321602
-0.0964449473718986,0.10738064414294568
0.9860891720603656,0.3781273090279083
0.4249280683106038,0.4981998130692805
-0.6962383353626433,-0.11756204558522967
-0.1069469386862511,0.3122607298888074
0.326489815844488,-0.06846823796753093
-0.0076097276885868,-0.08978489942620724
-0.1337104477230782,-0.6788585834921662
-0.0539141184787925,-0.023458105082150287
-0.1492656408850505,0.015620529425347841
-0.1235054337807552,0.004265983477044995
-0.1514832248136407,0.003451746580872772
-0.1595669718128966,0.07869497078624371
-0.0912851088617353,0.021963863114583856
1.1810450704360362,0.4832944888924755
0.1412516133296248,0.36358128993611144
0.020316464959197,0.11246504620475545
0.0693578634213493,-0.011560293238589946
0.113044496140732,0.23026188403354036
-0.0733976686931691,0.11798318542652717
-0.0891477890877477,-0.31791896451827806
-1.5379318324945246,-0.7315261470742207
0.3302736974186078,0.15562934230997755
-0.1499926047995935,0.06814865627217673
0.1058207222265034,0.09123718207295894
-0.0300550252077973,0.10534542948204967
0.1510553064989352,0.16656113970213587
-0.138411633921227,0.019308487916319582
0.0383988323603694,0.11264010386365397
-0.138411633921227,-0.015111210742606098
-0.1095165382643124,0.04930411491886066
-1.9206198553316371,-0.36008430858389107
-0.5834477054228133,-0.5779557414428796
0.6637712597921636,0.7614995046572802
-0.201568057285626,-0.8734522299080967
-0.0543062662055649,0.05876571913581321
-0.0819973995434413,0.10013318231287677
-0.2649996720372337,-0.7197720758759452
-0.1303966847687733,0.17128363381221612
0.0687845480313311,0.15312538363425215
-0.1157083444765084,-0.015934578856408532
-0.0842333295645121,0.017918772819178683
1.4912373622053547,0.49604476848714496
0.003793515418874,-0.015850574518643096
-0.1426083025761598,-0.6799246048794596
-1.6192852863380995,-0.26912288410273777
-0.1263720107308459,0.054273917201739026
-0.0857950406869215,-0.03625866794181832
0.0628220679751424,0.03756864458373426
1.6271117336827194,0.625178098581761
1.2361097203857192,0.6076443987980489
-0.0594661047157282,0.08409328097902152
-0.2104429795231069,-0.49885309592430455
-0.1702249049133339,-0.25568371800006173
-0.1401384598759616,-0.20722684991891066
0.3740405942925931,-0.10486365267959902
-0.3110942293946928,-0.4046949200477426
0.2267788032125319,0.8104656068514461
-0.1538911494517169,0.0741197856831517
-0.0784680700024896,0.03897837843974775
-0.1466673755374883,-0.08331475444822167
-0.1838182128106642,-0.5034741625007924
0.4799136007364642,0.3787088832094641
0.0906851959300243,0.05034202691121179
-0.0590877165583162,-0.1573341489013103
-0.0540425411261565,-0.14173897539776883
-0.1799655333897422,-0.4525565994563624
0.0813974866117304,0.13451623636561405
0.2412716429568006,0.20242823474980942
-0.1340395307569486,0.0323741700147604
-0.2168503523219497,-0.8637864516162553
-0.144603440133423,0.08785345092312363
-0.1337104477230782,0.08664729943543906
-0.0720905096039278,-0.09242839690630358
-0.0745672320888062,-0.23825844836733667
-0.1385262969992306,-0.05612613809892519
-0.350279762987043,-0.5165839998076239
-0.1595050537507746,-0.5799675034160442
-1.1320761347467785,-0.6835434384408473
-0.1550377802317532,0.07197770570252454
2.5425670715897115,1.0844597902827362
-0.1308421508268174,-0.24498566819951012
-0.1600829556639129,0.012426144248771642
0.1741025851776646,0.09909837608219402
-0.0991968612439857,-0.007229932949346176
0.0174154890857052,-0.0830309636296846
-0.1953074532266278,-0.729958702025987
-0.0190473697194488,-0.011923021734228705
0.1586230696471747,0.0963602473771333
-0.1504512571116081,0.09505518912569177
-0.1972165934753882,-0.8781598516768714
0.3754257242748769,0.9064491850231644
0.178631776758808,0.11753230852542712
-0.1539461877291587,0.09175383904578799
-0.1683386972801742,-0.5634162216436147
0.8615077378094222,0.7267718764790835
-0.0909411196277244,0.011299487540330624
-0.0214896932809262,0.9262977935160963
0.1562495439324996,1.1467291569261067
-0.129123924602933,-0.01567931587365777
-0.0441585838022437,0.0614074851339989
-0.113644409072443,0.04326746171075451
-0.1642108264720436,-0.20753436926635457
0.0229193168298794,0.02930166460383566
-0.1012607966480511,0.006708741832263755
-2.582111152334575,0.17510839784536075
-0.1239640860927697,0.03168708836678424
-0.0211113051235142,-0.03818089236559212
-0.0475296782955504,-0.360455960069649
0.1219882162250151,0.07120200062337825
-0.0905971303937135,0.022875850503995203
0.0302577538221117,0.13259560279296273
-0.1452914186014447,0.07226162804752678
-0.1730857487095245,-0.7065379025952853
0.2367086257676463,0.13446926063972142
0.3483331322041794,0.05759964645173841
-0.3588657342679548,-0.6070903231707101
0.2767833715299147,0.175357036634332
-0.1844717923552849,-0.0668638240226169
-0.0991968612439857,-0.04495247782934525
-8.644267822231853,1.5607608559364865
-0.0703017655870712,0.059826762409073884
-0.1439842595122034,-0.3169568574449455
-1.2523634367264858,-0.12601218707617412
-0.1146763767744757,-0.03268520429866473
0.2375685988526734,0.3194453278795253
0.2079855247277371,0.08567908692536871
-0.003223864954948,0.012788536540259625
-0.5972932720917515,-0.8064673653895094
-0.0537902823545485,0.05800147524360979
-0.3100622616926601,-0.7090251299801223
0.6338441964332163,0.9211265642201651
-0.4174969792589406,-0.032683273904254045
-0.0878452165216264,0.13161751548121303
0.0071646099121807,-0.3316913878944964
0.3531489814803318,0.14486905326101396
1.525183366448329,0.8982267053421938
1.5633031067306355,0.9937732055576188
-0.154871518768648,-0.1384611577628778
-0.0104476388691767,0.11060473456802206
0.4535938378115111,0.4128574066250256
-0.0215011595887265,-0.30624175568044804
0.3149661765051232,0.1019316670209976
-0.1169123067955465,-0.07165145140360339
-0.0603398373701158,-0.16617027134945228
-0.0465665084403199,0.06577354266440483
1.1255194749127788,0.5563472459040019
-0.0135435419752746,-0.09512749849473554
-0.0410626806961457,0.13443457331173084
-0.1360037092831507,0.08804922999694975
0.0841494004838174,0.08700872190708844
-0.1599109610469075,0.0305105151541016
-0.1135308926252194,-0.1143288238666279
-0.147068696310501,0.01864454826903708
0.4921206320207306,0.46547648678467335
-0.1267159999648568,0.048867210061505094
-0.1937251027501777,-0.5138047688942725
-0.1570409442044766,0.06547340486708142
-0.4346723617131042,-0.7663680091551182
0.0036559197252697,0.06175280855835171
-0.1525599111160948,-0.2130077621858526
-0.0991968612439857,0.15718231348038084
-0.0967889366059095,0.004649962184843488
-0.1532169305530556,0.06226355532612538
-0.0500064007804288,0.10587603781844568
-0.3525449320930047,-0.9576305095296903
-0.0357308475689769,-0.41266399156403266
0.2031696754515847,0.04801269223939821
-0.6813642408840125,-0.50757289417474
-0.224408942423949,-0.592888467304338
-0.2157920121119762,-0.8357596672863918
-0.0510383684824614,0.04972298108757179
0.1914556954027339,0.213271303528082
0.191302046878209,0.22913556210665953
-0.2826291202802918,0.10529034755376429
0.0783015835056323,0.11602368565475396
-0.1314171861630056,0.021854363897421153
-0.0403747022281239,0.17019722485553468
-0.1676851177355535,-0.5511632936034986
-0.1470750027797912,-0.28225480549814
-0.0916290980957462,0.052173557054848434
-1.275399249097415,-0.811251066007367
-0.1266013368868532,-0.012327129376586452
-0.0878452165216264,0.2757258938488362
-0.0833733564794849,0.03574850556348031
-0.2040447797705044,-0.7341273379871786
1.9899357542126397,2.0591616736653946
-0.138222439842521,-0.10082760590822065
-0.3052464124165077,-0.771773392222194
-0.2153505592616623,-0.5568677297731207
-0.1442594508994121,0.03627577712317368
0.0536272357500314,0.08315014170643698
0.0420967166259864,0.09485857188794711
-0.2067278957957893,-0.666258984704441
-0.0341828960159279,0.018695238095049922
-0.0733976686931691,0.06794560619774548
-0.199641717575165,-0.6810569434186625
-0.6980477187335407,-0.8427209088559521
1.5447276880940477,0.6081005025557247
-0.021799283591536,0.020019606321756887
0.1102925822686449,0.10364088861692966
-0.0933490442658006,0.07420735713802545
-0.1828894418788348,-0.8629940075382883
-0.1406131650188967,-0.03605895070358594
-0.1074526028602471,-0.026491855803326164
-0.0458785299722981,0.09618616081491749
-0.1067646243922253,0.027947022363530215
-0.1552671063877605,0.04578587068777932
1.4554968807916235,0.1991022891507463
-0.0323941519990713,0.07606564827486509
-0.0885331949896482,0.11046467822679523
-0.1351437361981236,-0.0945341703935127
-0.2159468072672811,-0.4844401219039304
-0.1463457456036881,0.07273651612957316
-0.0147475042943127,0.14333140209481593
-0.1236200968587588,0.10671872593375159
-0.1613213169063521,-0.19294344248783685
-0.1642108264720436,2.2742509540394864
-0.1523156787599471,0.0243524962098463
-0.1559229791939413,-0.017013555004021505
-0.1951698575330235,-0.22558294870514045
-0.2613304535411176,-0.8829316025914551
-0.0854716908069513,-0.17135149632690555
0.444650117727228,0.1409446825127466
-0.1554391010047659,0.07691408533710967
-2.37977668488937,-0.04716914584099391
-0.1465527124594847,0.03922376166208993
0.0009040058531826,-0.0436237350834965
-0.0902531411597027,-0.0006919288369082663
-0.1048726836051654,0.0641686348795488
-0.1882900728528057,-0.800248691686548
3.084939483377798,1.7437048266776
-0.1296399084539493,-0.014905574178425161
0.0019359735552152,0.06119105748945974
-0.021799283591536,0.11984222175273629
-1.3967242519330552,-0.42510710384247374
-0.2778098311117992,-1.0510870266652883
-0.8567299523827633,-0.33684947451997166
-0.0692697978850385,-0.021197166395704552
1.9361874363984384,0.7493410822035375
-0.0745586323579559,-0.06306931203841386
1.5670181904579534,0.5137088357305752
-0.076837561033278,0.09691579503983244
-0.0002426249268536,0.15369152294540092
-0.0816534103094305,-0.16882943218722113
-0.2699703164686911,-0.8642852444775628
0.368697294857624,-0.0806260817801716
-0.3102703751792366,-0.039980328803606746
-0.1093445436473069,0.09096308804464989
-0.0937790308083143,0.016414708816727762
-0.1126124413704104,0.08083622862082293
-0.1837838138872631,-0.7281040472216731
-0.1791313594972658,-0.2885583668011753
-0.8259910744315503,-0.2504838265686423
0.2603561656597247,0.15502049775725374
-0.1212121722206826,0.0840940280550167
0.9922809782725616,0.44817269512335195
0.2632531283254865,0.04171748695380547
-0.0460161256659025,0.011720956642549754
-0.2548175907105115,-0.9169074924470245
-0.1127099049867135,0.451601114221362
-0.0508594940807758,-0.1068301033991573
0.8770445848789142,0.39863469344051
-1.1858469265242684,-0.1911901731162317
-0.082112062621445,0.0068400825501819945
-0.2965606842577327,-0.6885499883922463
-0.5008386908750985,-0.869018417908573
-0.1243355944655014,-0.011408889361989784
-0.6167859953523684,-0.8446728823761611
2.539544552853536,1.2622903021877094
1.9251797809100897,1.4871124636119115
-0.0076957249970895,0.1046275644463669
-0.0537902823545485,-0.00443804301549558
-0.0509237054044578,-0.3016490464442073
0.0628220679751424,0.34217137434868383
2.311135701470306,1.9275577006812004
-0.1524154356378102,-0.21137291938828223
-0.799283750302945,-0.7633574739937473
-0.1604131853285633,-0.35046204926510094
-0.1470113647714992,-0.0113317294742207
-0.1278030059443312,0.04533220601046834
0.344910439325771,0.09635573028259928
-0.11955185085119,-0.3581357985605897
-0.1789335656877096,-0.07994718624273214
-0.2594958442930596,-0.19861340695766336
4.013538420590191,1.2758608805264664
-1.1510299415407783,0.4188600815431576
0.109948593034634,0.23817864148974977
-0.1133004198384321,0.03863308394428291
-0.0733976686931691,0.10682034252461917
-0.1555835764830505,-0.13679064875241093
-0.0438145945682328,-0.1335382635374075
-0.1514247466438589,-0.1603135998862663
-0.2681873056057346,-0.6107036718990786
0.0752056803995343,0.14195104104345846
-0.1576750310258367,0.04893468266324292
-0.3773006906339882,-0.48496538679948464
-0.1642108264720436,-0.03703215091109559
-0.0188180435634416,0.049935858079855795
-0.2320913686501921,-0.4887130841114131
-0.1399389461202353,-0.03593392159099472
-0.1360037092831507,0.06352380101666719
-0.13376777926208,-0.07460876220514934
0.5132759699124002,0.557222988080896
-0.1700563501886686,-0.41672745721546756
0.0494064878487177,0.026362996986561756
1.7445028756382108,0.9256419488817996
-0.1643725014120287,-0.08350275451800002
-0.1440301247434048,0.03747109535087748
-0.1515692221221435,-0.29790733182744783
-0.1642108264720436,-0.03528581150102882
-0.886072234043892,-0.4840188664430039
0.0556969043079969,0.12683455094866636
-0.3847767233198249,-0.7498219785405354
0.4033714096459215,-0.05674504272227052
-0.5543978146105938,0.48986064439400145
-0.4595565429014518,-0.8557715751322948
0.0612741164220934,0.10021660879191038
-0.1126124413704104,0.16152204460169656
-0.0391673000167457,0.38227174151001486
0.1997297831114758,0.18241755238199697
-0.1380676446872161,0.027373689195905528
-0.3703291754913676,-0.8893494393969038
-0.1246520645607915,0.08677934848252628
-0.1432274831973794,0.0382788758518468
-0.1268879945818622,0.08025552811119213
-0.1642108264720436,0.175228225862396
-0.1511306358487796,-0.11132067995273331
-0.2096174053614808,-0.9888467385703232
-0.0348571149145893,0.06052054861052621
-0.1511392355796298,0.04477366992985685
3.6568215849209,1.5596273416364361
0.1453794841377555,0.7125945460364798
-0.1012607966480511,0.030791301534640277
-0.1097229318047189,0.016406043116744977
-0.6998020638269962,0.26140586970913665
0.3682845077768109,0.24999450141020296
0.1543232042220386,0.08840878310826505
-0.1263032128840437,-0.06394754527985466
-0.0300550252077973,0.1372865088456011
0.2394605396397333,0.6979285785132311
-0.1509804272165948,0.02136532312987463
-0.0309149982928245,0.031552390127234715
-0.1735214684059383,-0.24600524796711198
-0.1343984261910999,-0.0355736522332953
0.0907815129155473,0.12729709107949655
-0.1513886277742877,0.07403239339501735
-0.098508882775964,0.015104684083370727
-0.3086863047566165,-0.7723590377296732
-0.0393840132341725,0.004551498069630802
-0.1317359495198557,0.05288262958668672
-0.1354189275853323,-0.2741062266218835
-0.2144332546376332,-0.700973962043282
0.4571713258452243,0.06740251082612103
0.1488193764778644,0.2520852513735726
-0.217460359896929,-0.8431006570726541
-0.0772962133452925,0.08292448347552342
-3.808501569430193,-0.7009153941064072
-0.4926517471056393,-0.20156889287800053
-0.1874874313067803,-0.46294490433314595
-0.1452914186014447,0.2695028984842041
-2.133291199258869,-0.23365376111901137
-0.1552671063877605,0.05894164767773589
-0.0581933445498879,-0.2110062840539283
0.3208139934833083,0.19772893930151775
0.1910612544144014,-0.12787416403541332
-0.1088285597962906,0.15440006508039883
-0.1642108264720436,0.25971835665585796
-0.0598032141650588,0.10024158241114062
-0.1494192894095754,0.05472188310316788
2.25280258048213,0.9619837408419861
-0.0201137363448826,-0.08993582823309546
-0.1134724144554376,0.05357783151893935
-0.1538911494517169,0.029399355572867013
-0.0008159403168718,0.08204040301817267
0.0765013731809753,0.003490764045369167
-0.1256840322628241,0.028252551981496142
-0.0455345407382872,1.0727902111622454
0.6951637172879973,0.3003281708257485
0.661191340537082,0.30883279576603695
0.0434898730237305,-0.10816828281108301
0.0593133777882313,0.315153161172478
-0.107641796938953,-0.17459523944380126
-0.1754019428851978,-0.4853116922997624
-0.1144470506184685,-0.07518099319416291
0.3190596483898528,0.14845638910965114
-0.4080131960772604,-0.5792890638850365
-0.3370654165625147,-0.8737323778734892
-0.1494192894095754,0.03318574506617367
0.033806576086324,0.1615311752939549
-0.0465665084403199,0.057492523964550034
0.0628220679751424,0.036490214789265944
-0.1520336075880581,-0.09619692404273705
-0.0785575072033325,0.11331013389588213
-0.1499352732605917,0.03811998214426018
-0.2789656349380758,-0.7773133262319861
0.0370228754243258,-0.007431935087975811
-0.1069366190092307,0.061395274861722506
-0.5259155060344923,-0.6148482110389889
-0.1706606246097477,-0.5934602609601205
-0.1322920654481733,-0.29198822487524595
-0.0270313598408416,-0.4851022637891538
-0.1012607966480511,-0.06794176880358924
-0.1267159999648568,0.07979510599080702
-0.0654859163109187,0.09546101010088878
1.6871392309745554,0.4095969025564715
-0.1160523337105193,0.04422338743784284
0.2478882758730001,0.2626016417759604
-0.1212121722206826,0.11883746099283937
-0.1043016614767073,-0.4658490611217564
-0.0541342715885594,0.013328502702755193
-0.1243080753267806,-0.02291556708714447
-0.3725651055124384,-0.7514464967293287
-0.0803462512201891,-0.39657354221431695
-0.1048726836051654,0.02100678522953102
0.2341287065125646,0.09487569164438686
-0.1686826865141851,-0.613143881253501
0.2643997591055227,0.2866354661333503
-0.129123924602933,0.050845995251206415
0.2367086257676463,0.030514522010438742
-0.1217625549951,-0.11271486330179056
-0.1199394120548423,-0.08037166475430324
-0.1287799353689221,0.08098578593457584
-0.1201802045186499,0.1313857935338054
-0.0672058624809732,-0.03951195218004338
0.1496363509086402,-0.12796403288872296
-0.2097550010550851,-0.5176939336727423
-0.139328938545256,-0.5738117920784689
-0.0964449473718986,0.08745467570768425
-0.0796204339364261,-0.17977776140653712
-0.1609429287489401,0.09896717073868191
-0.1163252318361679,-0.36520025769395204
0.3708070954928907,0.4297489175777611
-0.1630641956920073,0.07381149145561444
-0.1833882262681506,-0.11879361884485692
-0.1962018252350561,-0.598219334056877
1.4328165239625057,0.6921720882876864
-0.1806947905658453,-0.5586441716988046
-0.158191014876853,-0.24067197241808125
0.3469514421142357,0.15147129978231427
-0.1696630558311161,-0.10022231689105471
-0.2158092115736768,-0.8354326162225083
-0.5105391872742056,-0.9336946445018726
0.4491219777693696,0.15813563810683473
0.1173156957963672,-0.009426273762599538
-0.1121996542895973,-0.2635961718119052
-0.0606700670347663,-0.044363862541552196
-0.3996370582290953,-0.8556292190022196
0.3792921632651593,0.2772251136953242
-0.1624908803019891,0.012173966076100391
-0.0857812811175611,0.0448901656251248
-0.2828871122058,0.0666215237510222
0.1811543644748879,0.18191907967565157
-1.4527715644612291,-0.8718111582130811
-0.1585350041108639,0.02682964144640091
-0.1470113647714992,0.29958833110217564
10.719608537632451,4.722345537377502
-0.2748377641299451,-0.07891526851668194
-0.1404067714784901,-0.49673238594031077
-0.1167506318555614,-0.21471296870104511
-0.1022927643500837,-0.017008722380215217
-0.1478713378565264,0.004621495728561319
0.0003880220021662,0.12581762718088035
0.0499224716997341,0.039415583605572575
-0.2380532753909908,-0.5377681162905106
-0.1707236893026497,-0.26601954326709054
-0.1497632786435863,0.05455000807806181
-0.6003891751978495,-0.7366080342686356
-0.1276722900354071,-0.1441824421733981
0.4160990113043243,0.5243481580597683
0.2439323996818749,0.3775505280647967
-0.1360037092831507,0.44571932273863735
-0.1008548893519182,-0.2099716787227579
-0.1080259182502652,-0.5393542416593856
0.2441594325763221,0.11745972185219367
-0.1412220259630959,0.04364412923286575
-0.0192193643364543,0.07348656155716407
0.1309319363092982,0.09981351862877458
-0.1122684521363995,0.0235289942930709
0.404747366581965,0.17734190437074446
-0.6450802564805441,-0.3283107040562791
-0.159738966429902,0.03343362887027874
-0.1395983967785646,0.027705555752234372
-1.4348640582540122,0.5280403274844369
-0.0619313608928062,0.006023610977848794
-0.1435714724313903,-0.08408512686254419
-0.0596380993327336,0.08367519360596676
-0.0801387110490025,-0.0811569361177362
-0.1430554885803739,-0.11068443390977362
-0.1443259554846542,-0.2352429535682341
-0.0004719510828609,-0.014121394484222699
1.3331743091773516,0.612506822166852
0.0411507462324564,0.05942420640718075
-0.2412988138138835,-0.5921343982785674
0.0645420141451968,0.10082187955753213
-0.1583079712164167,0.17095589373735326
-0.0782135179693216,0.03057295173897428
-0.1882900728528057,-0.20094678974424895
0.1797784075388443,0.04447314106649173
-0.1497993975131574,-0.2525740091702928
0.0728782492422167,0.3068364112523378
-0.3302853887601601,-0.25814420029981777
0.13161991477732,0.11016537119120307
0.1028108164289081,-0.0020591544504175233
-0.8609954188844982,-0.7376720543548364
0.4253867206226183,2.6372132429847097
-0.1477096629165413,-0.21099509732201827
-0.0936930334998115,0.0077339195510484696
-0.1079318945263022,0.022749025619128838
-0.3883083461223368,-0.8679802000689947
1.1852417390909693,0.7676377097916552
-0.1293532507589403,0.03766730813853477
-0.6378152038582341,-0.3801308612702491
-0.1555422977749692,0.05616463609326245
-0.1307177413871834,0.07504720163017195
-0.1425395047293576,0.04599847125506639
-0.187258105150773,-0.49457299766096563
-0.1249960537948023,0.06326327082031935
-0.5046053729875177,-1.1901748044566025
1.002772649909894,0.6433375061458704
-0.5007698930282963,-0.8559124168719016
-0.1065238319284177,-0.19463597052694853
-0.0575053660818661,-0.3045836528052457
-0.1642108264720436,-0.03363412662286269
-0.0902531411597027,0.03155899691486324
-0.1490753001755645,0.2504030799536788
-0.1411635477933141,0.05260323343948158
-0.1022927643500837,-0.012412177300784942
-0.2573355919034712,-0.5655733642728255
-0.0151488250673255,0.012168332034216127
-0.3300480361886926,-0.8733131739253366
-0.1389276177722433,0.02911383943498825
0.3834200340732899,0.11583226992379994
-0.1026367535840946,0.00019237671969166842
-0.1040127105201382,0.030791070038971073
-0.0169834343153835,-0.14873338473505587
2.473498619923445,1.3188112574008408
-0.1350405394279203,-0.4515165451482166
-0.3373750068731246,-0.9435747699186633
-0.1407048954812995,-0.029454912439432213
0.0034839251082642,0.14222805942621658
-0.1232761076247479,0.03207920686042758
0.3682845077768109,0.11845905834371137
-2.9160559007123448,-0.3755755270411661
-0.1642108264720436,0.47911998151447743
-0.1614864317386773,-0.3402265419666584
-0.1107136207986703,-0.0001882456126807916
0.2236370348752325,0.07854276697359369
-0.189752027097352,-0.8681923947343536
-1.7531830956768375,2.869300252655516
-0.1203178002122543,-0.21653532303691608
0.0220020122058503,0.35935629260330093
-0.3422252550726781,-0.4140078909567379
-0.0965137452187008,-0.023987941390284734
0.0238366214539084,-0.04795789018547625
-0.128206619978904,0.027054823731367576
-0.2153964244928637,-0.7593960508694957
0.7324659098241378,3.2481633047080294
-0.1057326566901926,0.09467983968704813
-0.136169970746256,0.23089720893600962
-0.1329078061770528,0.08289341003901918
-0.1440301247434048,-0.017905518875802114
-0.1252448726740702,0.03799706165094118
1.5670181904579534,0.5534135947398727
0.079333551207665,0.019603271480296322
-1.1071541147426898,-0.5099249687705041
-0.1814016884417377,-0.21342587962450782
-0.2644148903394153,-0.726611822009954
-0.0730536794591583,0.02844298583263704
-0.1262000161138405,-0.2099019410186897
0.8812601729417177,0.4903524523006765
-0.1133004198384321,0.02668512612283406
-0.124480069943786,0.10133203153376744
-0.3116102132457091,0.3972833040086564
-0.1088285597962906,-0.11268861142615522
-0.0527583146525159,0.036156106908572065
-0.2188363168329726,-0.11544131560276927
0.0390868108283911,0.12340607771014533
-0.1852801670552104,-0.6923753930875436
0.3629526746496421,0.8776362727844075
-1.7544730553043784,-0.6222524884798385
-0.1048726836051654,0.080408225861448
-0.122519331309924,-0.33513967061079086
-0.1411635477933141,0.004423394675163207
0.2566600013402778,0.1823367036743237
-0.1525151925156734,-0.012027708590408352
-0.1067646243922253,0.045692673959972833
-0.00012796184885,0.017005555108760888
0.4143790651342699,0.36974235843887804
1.4071319944896925,0.634413950059066
-0.129818782855635,0.06738518979051838
-0.1158803390935138,-0.06331032816225146
-0.2119565321527548,-0.7942017669796149
-0.1642108264720436,0.10853168403288727
1.924147813208057,1.2019619534509665
-0.1478506985024857,-0.023111153787269863
-0.0727096902251474,0.0319032385794716
0.0082997743844166,0.13560695161094294
-0.7976326019796927,-0.9251356312019356
-0.1010028047225429,-0.129690304900639
0.1584510750301692,0.6465970893116253
-0.06015408318375,0.03065368046108493
0.6561002998737208,-0.06691371795061947
-0.1057326566901926,-0.0066908682636871095
-0.1251680484118078,0.09968346273986745
1.533522238796143,0.7237580658482317
-0.1943901486025988,-0.29804235209128616
-0.2078974591914263,-0.6128849683807699
0.2361926419166299,0.23153278836563107
0.3335415951417111,0.02864801057912248
-0.1560468153181852,-0.4536261553427646
1.1463881551094393,0.37418023960703845
-0.1505888528052124,-0.4757705458662785
-0.0145755096773073,0.12653956671749206
-0.3055044043420158,-0.04720317427905675
-0.0438145945682328,0.13989648371343139
-0.1318758384750201,0.016023870122930127
-0.1186609187351018,0.12332591949984706
0.7073615755260234,0.5868323808795601
-0.2047740369466075,-0.5640261484901125
-0.1389276177722433,-0.004256509432741376
0.6680711252172997,0.12735548050944084
-0.1330568681784575,-0.10453902626901362
-0.1038407159031327,0.08450025588475929
-0.2182326157272835,-0.3130395116059398
-0.2353478000654952,-0.8301293310504386
-0.9330267644863782,-0.732775711713937
-0.0754616040972345,0.011866879770759217
-0.0584513364753961,0.13209299442270794
-0.0701871025090675,-0.013361017836943767
-0.1053370690710801,-0.09634943340199417
0.1457062739100658,0.3299766542816693
-0.1325638169430419,0.018473784152853334
0.1238371583578236,0.06793296405915433
0.0320923630701697,0.05168432933713033
3.7304352809992296,1.3853306241914871
-0.1573092558070051,-0.2610934528482247
0.2594692467513667,0.13521736624443742
-0.1141603929234594,0.10227804708294785
0.9852291989753386,0.6541352742477388
-0.7181710889231775,-0.3835655317297329
-0.1533751656007006,0.05124108090667764
-0.1528591817496843,-0.10812203578115029
-0.0696137871190494,0.004795705430396112
0.0385708269773748,1.7449408345906328
-0.1644688183975517,-0.11356096933340076
0.0788748988956505,0.01138699932756515
0.0091115889766823,-0.14951683774408459
-0.4940965018884851,-0.43165771504894
-0.1304477098384849,0.04519491157237895
0.0081277797674112,0.8924441364147196
-0.0992656590907879,-0.5070731761997759
-0.3598719027774366,-1.0158953565881381
-0.5302153714596284,-0.658592043553981
-0.0111356173371984,0.19529988900022877
-0.1483873217075427,-0.5467576496812864
-0.3132785610306619,-0.3700063204542131
-0.105617993612189,0.023358623936278217
-0.1235616186889769,-0.17436771759378134
0.3430872963855134,1.0616307057003798
-0.1313942535474049,-0.543492762923769
-0.1064206351582144,-0.052041345983290854
0.3554674689175652,-0.02566747790846087
-0.1236200968587588,0.11244935174760068
-0.0961009581378877,-0.05789170869157004
-0.1330041231625758,-0.2889449235025252
-0.1701733065282323,-0.5644922900125198
0.0688281200009725,-0.06144038814742475
-0.3089958950672263,-0.878616641011896
-0.1009168074140402,0.526168223809946
-0.1602067917881568,-0.22368396498318327
-0.1179373947128989,0.07917858816932136
-0.1434063575990651,-0.27038208269775704
-0.0916290980957462,0.05287281963879651
-0.1642108264720436,1.9296485562959875e-05
0.2289688680024013,0.10139859190940417
-0.0670355878101378,-0.2177336708496913
-0.0531023038865268,0.06148430869573616
-0.1378956500702106,0.01840859365466549
1.7112184773553174,0.49401382244941017
-0.00012796184885,0.1693099534893155
-0.1781767893728856,-0.07229922423251262
0.5134479645294057,0.6997489073791796
0.2354186661401054,0.07456348659429507
0.0697018526553601,0.19877243558972596
-0.1799655333897422,-0.49285436278287864
-0.1130022958356227,-0.6145628490051909
-0.1890296497059291,-0.20414259062274126
-0.1977497767881051,-0.7029528808790401
-1.6198012701891158,-0.4059853390166066
0.2330967388105319,0.24174066778777276
-0.5760806026610801,-0.46575932083512905
0.0586941971670117,0.08695166906458904
-1.793894221522026,0.4048158197132219
0.1187203185019117,0.21461640149046968
0.5250353565401403,0.06016621134210074
1.9358434471644277,0.7939933759155928
-0.1253675621675341,-0.06586465162616024
1.1505160259175702,0.2869421327998777
0.0476865416786633,0.15456312974380448
-0.0133715473582692,0.07286290045734384
-0.1188042475826064,0.030518729518668096
0.0490624986147069,0.07136169848767662
-0.1363476985171617,0.02722271724895354
-0.1036687212861273,0.0228965373231488
-0.1610094333341822,-0.012192143035223042
-0.3075855392077816,-0.9231414411020438
0.2767833715299147,0.1814352281754334
-0.0736315813722966,-0.4099855841887592
-0.1418515262613359,0.07167455414960405
-0.1387556231552379,-0.015630074133201544
0.1594830427322019,0.24423419387285233
-0.0247661907348799,-0.16606917468574312
-0.0486132443826847,0.0620323824580272
-0.1599539597011588,-0.3402666880661013
-0.7189966630848037,-0.8117525137326909
0.7910472763761923,0.43983044379320824
-0.2469975687906639,-0.7486877607017433
0.065401987230224,0.1712231033085483
2.452859265882792,0.5994591747283123
-1.3337742221090625,1.6300735038695928
14.726395135391275,4.6675675015954745
1.6955239685535706,1.2110676038215733
-0.1004008235630238,0.15193904300780736
-0.1318586390133196,-0.08809264480918114
-0.0259271543996666,0.287203677446471
-0.1715061501469465,0.5810629184217125
-0.1876020943847839,0.10872097904134168
0.0977369752272475,0.3320519472813964
-0.1311878600069983,0.06769298170687418
-0.1738218856703078,-0.8674270539130652
2.161844373909581,0.8232590849846292
-0.0912851088617353,-0.043719426463368787
-0.1392578474368938,0.017011879696992922
-0.1315318492410092,0.06693088082104179
-0.1917299651929146,-0.23608208550553478
0.5265195554218194,0.24817651532518764
0.341969331374978,-0.10037799996302582
-0.2524440649958364,-0.7280065548975986
0.1565247353197083,-0.20242901032768879
-0.1057326566901926,-0.00910335886035437
-0.152188402743363,-0.12070198325339979
-0.1718577071441056,-0.11718603236667405
-0.1327358115600473,0.12682891828323475
0.1720959813126011,0.03432121213901356
-0.0331509283138953,0.753277226741683
-0.1379111295857411,-0.28673408331776845
0.4652894717678812,0.2984858236222577
-0.138411633921227,0.061877480975738745
-0.5925003554311997,-0.6099490156467372
-0.1510016398860255,-0.5401307357514539
0.954442162531364,0.0743318994345947
-0.0500064007804288,0.10252107863439236
1.202802389487225,0.49016045179970635
-0.0907347260873179,-0.24043870626651082
-0.1990500560926663,-0.9586520556082659
-0.0231752405275795,0.13900248695844647
0.0511264340187722,0.08187069343737297
-0.1897806928668529,-0.2580814184190067
-0.1577896941038403,0.058306136914762115
-0.1048726836051654,0.09745285563165318
-0.1532031709836951,0.07970927599846803
-0.155725758699775,0.05262919085416883
-0.2214334355497548,-0.8675284720736209
-0.1907461559836435,-0.3991110952191388
-0.1658161095640944,-0.23907221674684792
-0.1575603679478331,0.056549809961753746
-0.0211113051235142,-0.002650043907693189
-0.135315730815129,0.020297743159760212
1.5055129154168063,0.6704902892285048
-0.0651419270769078,0.17755734268465095
-0.0346415483279424,0.04813207647599168
0.1491977646352763,-0.014867165661929704
-0.1554872594975274,-0.571421581736369
-0.7060420285319536,0.8371495847933965
3.792353343121189,1.8885276991701887
-0.076837561033278,0.03185532539859839
2.8130159938921917,0.9546780650305171
-0.1323918223260364,0.04265358786366923
-0.1002288289460184,0.1047173256915725
-0.1206961883696662,0.1334688506054118
-0.0253217333478074,0.03415713271417147
-0.0766747394625129,0.04907325372756736
1.9901788399380071,1.0143740273263953
-0.1580190202598476,0.07590667512401317
-0.1609429287489401,0.032130709793777405
0.0421827139344891,0.0817665101294981
0.1078846576305687,0.001181730869240484
0.1728986228586265,0.3421304347542874
-0.1504696032040886,-0.2567619693621956
-0.1817772100221996,-0.17831591415170042
-0.1339397738790854,0.03565309607435916
-0.3314927909715384,-0.758678447672887
-0.1394436016232596,0.05706192321825956
-0.0760005205638515,-0.3456521614949298
4.919262073740858,3.6103935444310884
0.008058981920609,-0.022079542516503396
-0.1401315800912814,-0.03462678537807454
-0.1380676446872161,0.06282032409915958
1.9781541229477664,1.186506631476806
-0.4145919901777186,0.5152402348956674
0.1042039728266522,-0.0351502694298456
1.8803089079210855,0.7688032796489831
-0.1435714724313903,0.018118104177971002
-0.4771034337283473,-0.4822770974497239
-0.0606700670347663,0.48205990517936437
6.83167022022439,1.4027376818413897
0.2905429408903502,0.36454611442987184
1.774856485647332,2.680255868836901
-0.0259271543996666,-0.05133331460513284
2.170100115525842,1.2750244491174318
-0.1268306630428604,0.03675531665260517
-0.0026975614269113,0.06269253588439344
-0.5983252397937842,-0.3056420407621947
0.8000225288069263,0.37666976387582873
-0.0754616040972345,0.023302056219889684
-0.4841208141021693,-0.6108563391693863
0.2774713499979365,0.11542571785867295
-0.1188042475826064,0.09896764574490952
-0.1456354078354556,0.051675624426212076
-0.1398907876274738,-0.10619307008698023
-0.1520565402036588,0.04482390425227382
-0.2043228377346632,-0.9494668119003439
-0.1155432296441831,0.07738368837409254
-0.1057326566901926,0.040667012367484
-0.1542351386857278,-0.10335586817881937
0.0475076672769777,-0.07952749309077517
-0.1033247320521164,0.08048790693017749
-0.4965044265265613,-0.861412019564016
-0.2450912951188536,-0.3881980239025683
-0.0816534103094305,-0.08603513496915774
0.23082640986606,0.023441383245309658
-0.1311878600069983,-0.04132132137499849
0.1786088441432073,-0.14771584575331578
-1.470681937245396,-0.08292143130725221
-0.4547028548095582,-0.9817216545478347
-0.0200105395746793,-0.1743119411541849
1.5144566355010896,0.8853921438140724
-0.0966169419889041,0.06212101343367641
-0.2790000338614769,-0.20119328946904713
-0.1492472947925699,0.07737208125412254
-0.1515978878916443,0.030271187880798765
-0.086125270351572,0.1313125644865605
-0.1270599891988677,0.034083887636911524
-0.0891477890877477,-0.2927266523980284
-0.0245511974636231,-0.09080030067568169
0.1660188381784088,0.11555063344643429
-0.1171095272897127,0.031029416727428587
0.0304182821313167,-0.05813724829609309
0.5361512539741242,0.6324091871418175
-0.1374691034200371,-0.22336001960959778
-0.8193039237223786,-0.5411378425160029
-0.1532668089919872,-0.03744708940276605
-0.7831506552278343,0.15987341789007625
-0.2085166398126459,-0.7729392644844926
-0.2021184400600434,-0.5368326781929814
-0.179452989431066,-0.819652397901888
0.518513206000216,0.46669951089427153
1.583942460771289,0.7044357351431811
-0.2051799442427403,-0.8232155942433409
-0.3748251147798899,-0.6135021153233388
0.122332205459026,0.019779947914472004
-0.1090808185678986,-0.35000998756090995
1.1745952722983322,0.4882514189833076
-0.4470284549987753,-0.5856548034158823
-0.1390101751884059,-0.2913432920153165
-0.316219668981455,-0.7310696586164013
-0.0984400849291618,-0.11975403219694614
-0.1472143184195656,0.07153669659698966
0.0370228754243258,0.1245783736446065
-0.1224734660787225,0.02559839268931413
-0.1642108264720436,0.07421668901551068
-0.1642108264720436,0.0959355315454537
0.3225339396533628,0.33016065143788303
-0.1753732771156969,-0.04995694399034367
-0.1519418771256552,-0.27342876242021863
-0.1412782108713177,0.013506619580204125
-0.0403747022281239,0.08656562046657196
-0.6654031404259073,-0.8188632233139305
-0.018703380485438,-0.05811234151049925
-0.0027652126429335,-0.002978720610845975
0.3153101657391342,0.2672515089947854
-0.055510228524603,0.10691378801828136
-0.1996761164985661,-0.7628072894818271
-0.1498664754137895,-0.18349548658519738
0.051814412486794,0.020537996942994872
0.479909014213344,0.2015668353249628
-0.1547511225367442,0.039328226266256004
-0.1656326486392886,-0.508740123979756
-0.5622751680694431,-0.8706703762082335
-0.1863671730346849,-0.2321906654179502
0.6922191694448641,0.31740762365890557
-0.1875332965379818,-0.3365871076226666
-0.2430806780460599,-0.3271862210318216
-0.0197353481874706,-0.0005525608636903351
-0.3382951780741037,-0.2597209235823347
-0.3007573529126656,-0.11286574325538962
-2.2914402495953747,-0.6710899116309693
-0.1442594508994121,-0.08188268994135756
0.0318630369141625,-0.04327748519769284
0.1391876779255595,0.10862251470317918
0.042148315011088,0.09142497444574155
-0.1304998815389766,-0.03155834379416808
-0.012511574273242,0.054080683458444544
-0.1601288208951144,-0.2986562146501171
-1.1350860405443737,-0.7112546517066689
-0.1064980327358669,0.14679091927923094
-0.1098605274983233,0.05958146560738758
-0.144603440133423,0.046720634161274914
1.1236848656647207,0.4522815059213991
-1.0382186722469078,-0.07566346542179783
-0.0847493134155285,0.14368737848516375
-0.055510228524603,0.05569522808298232
0.1175163561828736,0.14811919741019527
0.3930207735945338,1.4638153221397967
-0.1724665680883049,-0.36032614333173923
0.0639686987551787,0.05533177258788894
-0.1315318492410092,0.02658531007572492
-0.1000086758362514,-0.17964274983688133
-0.0454198776602836,0.06185123710772162
-0.1776780049835698,-0.8789725850704715
0.4058481321307999,-0.14504418737179195
0.2560580201807587,-0.31696934786531517
0.1166575297286264,-0.14126737485019908
-0.0527720742218763,-0.20267023867949885
-0.00012796184885,-0.01919667625795394
-0.196798073240675,-0.6295170478583687
0.4914326535527087,0.2658745406562877
-0.1979905692519128,-0.3603910053849322
0.0674154708799678,-0.025465722187680555
-0.004771816507997,-0.3229808723796999
-0.1494192894095754,0.04914239613656537
-0.1234928208421748,-0.25225605225546466
-0.1590509879618803,0.04551382865828257
-0.1298119030709548,0.06388609861134478
-0.757076271289809,0.7447433819350372
-0.1270341900063168,-0.15520417757032035
-0.1508456980999405,0.001321931984027462
-0.0828917715518697,0.03163542121638322
-0.1404755693252923,0.11426473901976525
-0.1408195585593032,-0.06803175021282595
-0.0919730873297571,0.10820075913166355
-1.2542267117440449,1.550585386042366
-0.2371021451589507,-0.7121662909722987
0.6146667966371093,0.7130937875733575
0.1283520170542166,0.21692751137826433
0.1298999686072655,0.16432509321444938
-0.294513948315368,0.025641256202816536
4.122583007771642,1.7274670580912026
0.2315487872574829,0.35954579109923956
-0.012480615242181,-0.36024376022025373
0.0767284060754225,0.07550222785646854
-0.1349946741967188,-0.2777208382617434
1.1271247580048298,0.32954723492236454
-0.0961009581378877,0.03045421294426947
-0.1569870525578149,0.07620908821722025
0.3806681202012029,0.10387524837034501
-0.0283350790377428,0.05952484714799631
-0.1410488847153105,-0.5578620698328313
3.1719687595825525,2.507222356163736
-0.1008308101055375,-0.05446491912969428
-0.237996517167379,-0.5801496630229112
0.2287968733853958,2.0788889499093166
-0.1604527440904746,-0.528840196104409
0.3061371194988438,-0.00657525817857553
-0.2993779560842819,-0.233554125142506
-0.5116743517464416,-0.22136078714337587
-0.1642108264720436,0.0329907114610248
-1.883076870331689,1.1776265761863591
1.3290491902830932,0.9510686506387581
-0.1564710687067986,0.04392883111429068
0.0138036021285909,0.061159920217977164
-0.1401315800912814,0.02872924796017428
-0.1377116158300148,-0.14235708488598528
-0.1201802045186499,0.0032820423841668084
-0.043126616100211,0.14429958855487807
4.748987402905469,2.3689806415444945
-0.1176897224644111,0.003385835506907603
0.1503174495919818,0.15691970148961126
-0.2107181709103156,-0.6035313378632151
-0.0380814406680513,0.39140742542508067
-0.1022927643500837,-0.03705788515531307
-0.0712167769495401,0.07579403636220466
-0.2184149300213092,-0.582250212884131
0.5170254525631188,0.31293395398611434
0.3036145317827639,0.4049201960192726
0.0277351661060318,-0.03059077117162131
-0.1501760657243993,-0.4893052402745706
0.3118702733990253,1.4561751833344028
-0.1530311763666897,0.043181411388717554
0.1563412743949025,0.13429352166520087
-0.0790734910543488,0.008021653145129738
1.201632826091588,0.19022622316651247
-0.1218772180731036,-0.2655771641553528
-15.931989335063124,0.7966357570771813
-0.1329078061770528,0.00403330947498224
-0.0035678541889589,-0.08538470027271813
-0.075289609480229,-0.0626766511070065
-0.0606700670347663,0.06767700867103849
-0.1298119030709548,0.09065803073607565
-0.1183914605017933,-0.24158799385910895
-0.1530311763666897,0.12435771231333886
-2.5681532158491933,0.1104017114969501
-0.2311236122718415,-0.6021388370329337
-0.1642108264720436,0.04605806418531535
-0.0298486316673907,-0.14002263539990592
-0.3082047198290013,-0.4625075369943388
-0.1642108264720436,0.1474790313840005
-0.210890165527321,-0.7649546597464977
-0.3297040469546818,-0.7401900757441238
-0.170763821379951,-0.13914750782130073
0.1243273430162892,0.11546391613107582
-0.0674351886369804,0.01720843107904243
-0.0955849742868714,0.056488576647303244
-0.1604269448979238,0.10567185183913783
-0.2371950222521336,-0.3691255281283268
-0.1627202064579964,0.039295021953331837
-0.3350014811584494,-0.6590462488753361
-0.2129816200701073,-0.24251698751016743
0.0786599056243937,0.09998369491063425
-0.0806214426073978,0.0866191068817462
-0.0936930334998115,0.03365565276371046
-0.109695412665998,0.0019280299386402744
-0.116740312178541,0.06952965850713236
-0.4237507035332585,-1.0178000033416006
1.470426013547696,0.30538125091169055
-0.4360311191874472,-0.873556317857263
-1.4094518535914575,-0.4036614840831015
0.7666240407614193,0.12899555772534138
3.579252012651444,1.5667384380408218
0.2128013740038896,-0.024115760083958403
-0.2941928916969578,-0.27019135106333037
-0.147699343239521,0.1068848938934478
0.0659007716195398,-0.1845228929230664
-0.0403747022281239,0.06895676210794408
-0.1970961972434844,-0.5622527525999427
3.173814835138411,2.203037653776376
-0.0214552943575251,0.022904591158971435
-0.101604785882062,0.06633007651656195
-0.0026975614269113,0.1049009489587718
-0.21085576660392,-0.5471607646240279
-0.1600829556639129,0.04451860633694712
-0.149533952487579,0.04631026180841571
-0.1838594915187455,-0.8598983332518775
-0.1181128292222445,-0.061391132933027004
-0.1335957846450745,0.03604284971937521
-0.1022927643500837,0.015238312346729434
0.1663628274124196,0.49884736939674246
-0.2229297887177022,-0.496727670472428
-0.006319768061046,0.08608109463086974
-0.1255120376458187,-0.04636110425960967
-0.1337104477230782,0.02937056371123408
-0.1435714724313903,0.04993457414031371
-0.1288945984469257,-0.0986586413913145
0.1357477855854506,0.00013157190851995765
-0.1408487976441941,0.0473030592348238
0.1379837156065214,0.04746395708156744
-0.1848501805126969,-0.473549884594204
-0.1124404467534049,0.10171950641731509
-0.1678915112759601,-0.08707309160498172
0.159139053498191,0.06450009875041615
2.128133428976513,0.9832262039628578
0.1878048229990983,-0.105896162069061
2.2653851333468578,0.8863775972579128
-0.1642108264720436,0.058380782502802465
-0.1449474293674338,0.08616447260438967
-0.9002789894085417,-0.8959414916084519
-0.0801627902953833,0.04874250150131824
2.880479162466407,0.9835330543723902
-0.3359577712289997,-0.32692423178534746
-0.2939033674249986,-0.686932115711942
0.7628401591872994,0.9242925271554661
-1.4223858487902674,-1.0524508497621003
0.8925241004094041,0.2971208382555215
0.1309319363092982,0.13344804092890428
-0.1587069987278694,0.027192170319680374
0.3854839694773553,0.19658577332157878
-0.7118416870173772,-0.13173177930507288
-0.8940871831963456,-0.6699706989394527
1.2058982925933228,1.717761789052088
-0.1018134726840286,-0.030035367468021018
-0.0279085323875693,0.10867189018798024
1.1469041389604555,0.2450304569036164
-0.1208681829866717,0.052877938294377584
-0.0395147291430967,0.04095798073045167
1.361531634998429,0.5522895886563969
-0.0500064007804288,0.008857847940026843
-0.1317038438580146,-0.007201893091772972
-0.1021207697330783,0.08189540901064288
0.45703373015162,0.7763001765265534
-0.144603440133423,0.011278868888520234
-0.0802774533733869,0.10877048505419448
0.195945901537356,0.47907798314474415
-0.8680127992583203,-0.7270797847613357
-0.1613442495219528,-0.21127233747584473
-0.7142152127320524,-0.3855763099798707
-0.0002827570041549,0.08448697896359547
-0.0141168573652928,-0.007706714231398373
1.3183827721148835,0.5011759445130076
-0.286395802392711,-0.761866264488685
-0.1308438707729874,0.059001479196096364
-0.1301558923049657,0.028930133354176137
-0.0707833505146864,0.05523665693091782
-0.4397462029147648,-0.8742813360340411
-0.01560747737934,0.35253157577821503
-0.0336669121649116,0.09609986621631605
-0.0876904213663215,-0.08806569959838406
-0.4642795150844213,-0.9687554334213285
-0.0846185975066043,0.10112528293572795
-0.1715567165643461,-0.5883251176857417
-0.2126445106207766,-0.32027207266352575
-0.1435714724313903,-0.047607748377532864
-0.0393840132341725,-0.04693441950963408
-0.0703017655870712,0.04952504182927341
-0.11449578242662,-0.0021616890034780664
0.4673534071719466,0.17593598383870404
-0.1366916877511725,-0.0745676123014869
-0.4032145462628085,-0.833354497904138
-0.1737049293307441,-0.49101884242955796
-0.2768329016872083,-0.8484091055099662
-0.0646603421492926,-0.13898188613015988
-0.1047866862966627,-0.22027315686809734
0.0445012013717225,0.07082501365900751
-0.1573310417918258,0.005055815567406655
0.4095632158581174,0.235847548849141
0.073774685186049,0.061357877243432744
-0.2218290231688673,-1.012309196641264
7.0868293943904765,2.81457869175359
-0.4577024409301331,-0.5645083731127758
-0.097184524225022,-0.43190432694466246
-0.0517263469504832,0.021193244535553338
-0.1240672828629729,-0.13714976716736085
-0.1630641956920073,0.03870063154311323
-0.0772675475757916,-0.0896013637269806
-0.0568861854606465,-0.09522880699099673
-0.0389987452920804,0.0004642266700288014
-0.1763192475092268,-0.4413818138978326
-0.144603440133423,0.017347405629943503
0.122332205459026,0.2728144663944086
-0.3536342313340392,-0.8349677913227637
-0.1380676446872161,0.03525248782807471
-0.092602587627997,0.06761424078323611
-0.0673434581745775,0.15418382614750817
-1.2170036367317263,-1.0526107012685086
0.0796775404416759,0.07528619850914026
-0.0473232847551438,-0.09406693764432275
-0.1510303056555264,-0.00425895033226574
0.0182754621707324,0.08571005817670638
-0.4588376054023691,-0.6726090840842384
-0.0353077408111435,-0.3775777249885285
-0.1378612511468095,-0.6201534467076277
-0.1011461335700474,0.13875905222947996
-0.1482864181988995,-0.16650805675424796
-0.5484468008622054,-0.47256534649877957
-0.1458074024524611,0.0934106790665109
-1.4383469492483725,-0.6157519124728339
0.0973929859932366,0.06268679659894688
-0.3538348917205456,-0.10531523396860637
5.050321971899006,1.6190911192066333
0.7053767576457805,0.05948111275773018
-0.2445323126135859,-0.9115491842031923
-1.7085848914873258,-0.9126730009270603
0.3691201722893014,0.2693489722437802
0.0607581325710771,0.12142552586316549
0.1732426120926374,0.1667299324407835
-0.1732405438648294,-0.6453878886311492
1.9160090279313595,1.3201792285900937
0.0722817719104418,1.8160588203822627
-0.1567187409552864,-0.07946753110985633
-0.1642108264720436,0.6011903567787388
-0.1490409012521634,-0.21645640443194675
-0.1344213588067007,-0.32797014908562827
-0.4117110803428774,-0.7407579706367461
-0.1652943925591779,0.5174474562576004
-0.0791308225933506,-0.028768377036097813
-0.2738057964279125,0.44054065578748175
0.0972209913762312,0.12224988223286076
-0.1136014104181917,-0.14239995311854622
0.0545663263588811,-0.11536465717920624
-0.0930050550317898,0.062459265326349926
-0.1305526265548582,0.07045216044321273
-0.1892532427080362,-0.4951366991151675
-0.197809401588667,-0.9603896917381388
-0.1926931350481451,-0.8780932727936828
0.0404627677644347,-0.0013237806839145883
-0.1562990740897931,0.01230339402529499
-0.1460631011164092,0.0005905270354356965
-0.2212786403944499,-0.558561670950907
-0.147699343239521,-0.47514103558949755
-0.021799283591536,-0.02150743257965966
0.5746780481833437,0.22692608113790252
-0.1655867834080871,-0.5097280339404289
-0.1615781622010803,-0.2306238142240553
-0.1642108264720436,0.01477925619690517
-0.1493963567939747,-0.510466171634281
-0.0750488170164214,-0.02821202044387102
-0.1806076466265626,-0.49718043692688474
1.5178965278411982,0.7640672393761514
-0.5124655269846665,-0.5701892309747885
-0.1977497767881051,-0.7673658287320065
0.6699630660043596,0.7195322276393994
-0.0575741639286683,0.0118340481684528
-0.3362742413242897,-0.13053937672285376
-0.1057326566901926,0.28853195601215476
-0.1550377802317532,0.0559155792990931
-0.0848639764935321,0.02344295842799382
-0.0008572190249531,0.0173895690310319
-0.1674443252717459,-0.49716026016831216
-0.1129564306044213,0.08630467785634632
0.9109275244289864,0.7964744880337187
-0.0962729527548932,0.03701678872728783
-0.1231694709622045,0.37812241506133565
-0.2360753372954282,-0.20304626286788313
0.0894382349567348,0.4067943558845615
-0.1272319838158731,-0.003461847590533196
-0.0958739252434406,-0.28290357136824035
0.1586230696471747,0.06753376838230687
-0.1459793970694665,0.030194848079495608
-1.5318690222450826,0.9818456632554448
-0.1519304108178549,-0.09406130040334323
0.412865512504622,0.2507097915348387
-0.0961009581378877,-0.049620064361073205
-0.1110071582783596,0.0316977022394181
-0.1631788587700109,0.04922753272135962
0.0229193168298794,0.11751704277775316
-0.1557486913153757,-0.0070170889748583515
-0.7162906144439181,0.1587561481579216
-0.5241955598644379,-0.9054613988305761
-0.069410833470983,-0.15499487447130023
0.0421827139344891,-0.06917372090330591
-4.585504451213986,-0.5983258339350643
0.1149364369277919,-0.005753977347601573
-0.0286790682717537,0.08144741069496245
-0.1642108264720436,-0.23962256179691255
1.0998492783247162,0.8019344171683757
-0.1433685187833239,0.1327843435031699
-0.240998396549514,-0.9018733011052525
-0.1124060478300038,-0.39524871761187697
-0.2253549128174789,-0.848234698722948
-0.1301558923049657,0.1160743455389594
0.0327746083842913,0.037575487287800906
-0.0806214426073978,0.12625279977311277
-0.0730536794591583,-0.04208865771728845
-0.1533751656007006,0.023514854679152458
0.1213002377569933,0.04161495725923171
-0.1529738448276879,0.006225481037493187
-1.4069579316448788,-0.1564050614995132
-0.1257986953408278,-0.008987887572961543
-0.6029690944529311,0.8645133559455538
0.3708070954928907,0.36072931119568113
1.6118055887261706,0.7852907423695212
-0.1289519299859276,-0.0022919909368391625
-0.2708474890154189,-0.5068207173047862
-0.0544920203919307,-0.19636935503299865
-0.333407664374199,-0.9821461840002437
0.2558000282552506,0.10878522338147562
-0.1219001506887044,0.014400196176243815
-0.2003400157202071,-0.5920970214227906
-0.2786216457040649,-0.7081226628148555
0.420983658427279,0.935013888694509
-0.3073619462056746,-0.8780069520599438
0.3061371194988438,0.02086472896288704
0.0421827139344891,-0.06775502223974722
-0.1550377802317532,0.012414577675724792
0.0968770021422203,0.12944772979043476
-0.0823413887774522,0.2516770046348041
-0.1590509879618803,0.04088697100941179
-0.1341691000350927,0.27711224596177125
-0.1522056022050636,-0.034885745206426066
0.2107374385998242,0.11083415414645956
0.0504384555507504,0.07718620962204503
-0.0379667775900477,0.1363945178026914
-0.2384941549259148,-0.2734790614133578
0.3815854248252319,0.5229289194275267
1.2134316568181611,0.6704707619747992
-0.2065215022553828,-0.7396495756779582
-0.56280835138216,-0.5711841771103633
0.2701329130057042,0.20285079615289148
-0.0942663488898297,0.07086429880037329
0.5392471570802222,0.20542268410136055
-0.0362468314199932,0.05108494524359127
-0.4592159935597811,-0.8104091388846414
0.2356766580656136,0.07426368144603451
-0.0809826313031092,0.008316572359948156
-0.5016734380829649,-0.8287055200644106
-0.0790734910543488,0.06274258346243247
-0.1532031709836951,-0.22357988624744563
-0.0950689904358551,-0.013449629824852514
-0.2054895345533501,-0.6312254104037897
0.1278360332032002,0.14458539668142573
-0.1787959699941052,-0.8619905599344568
-0.4302280208096836,-0.3692484746738167
0.0869013143559045,0.1741523622301216
-0.1569870525578149,0.1178649436471377
0.0509773720173675,0.417036704415459
0.570550177375213,0.06722600145660182
-1.1932431537078143,-0.587657938455574
-0.3759935315447469,-0.1613306664958858
0.2619058371589438,0.30946982455090477
-0.0692697978850385,0.12021384828909198
0.0752056803995343,0.245923426773748
-0.1274039784328786,0.03354575904672632
-0.0283350790377428,0.005682154346589599
-0.1053886674561817,-0.006952019894023609
0.3876093642912306,0.18208455507543525
-0.4198980241123366,-0.8483138276926993
-0.328826874407954,-0.8588382075152765
-0.1188042475826064,-0.3172714890258032
-0.2097034026699835,-0.5997797098634219
0.5770515738980189,1.926880526850491
-0.1607709341319347,0.03889685645799935
-0.1306122513554201,0.05108397627461526
-0.1490753001755645,0.08778974850950527
-0.2561419492614534,-0.8484945265347826
0.1400476510105867,0.2664586877327239
-0.147699343239521,-0.05010715495436882
-0.0713337332891038,0.15473871617173207
-0.986757882838879,-0.10595251455267404
0.1271480547351784,0.10619515405651442
-0.0238632189956013,-0.010271059869676663
-0.0223152674425523,1.107326088392014
-0.1157083444765084,0.07235484449314841
-0.1390996123892487,-0.2706816146236269
-0.1481579955515355,-0.04209407947121166
-0.0489744330783961,0.09123311526222683
0.0008764867144617,-0.16020576813506918
0.0989409375462856,-0.030274853494822257
-0.1274452571409599,0.09689659335053247
-0.0961009581378877,-0.019158990634226332
-0.0859532757345666,0.23038585212484775
-0.141507537027325,0.0922426496464166
0.5922214991178989,0.24003560374662725
0.245136362000913,0.04221741841876867
0.9181230912260264,0.46860023370588366
-0.0875872245961183,0.05575235666909926
-0.2121973246165624,-0.5533503653326494
-0.0278397345407671,0.019400992205427244
-0.1556110956217714,0.07503292741634612
-0.1176002852635682,0.09248084049370905
0.1608589996682455,0.4405766426900207
1.1422602843013088,1.820380898313417
-0.6342377158245208,-0.9148562114649977
-0.0020772341749117,0.028212252964310923
-0.1443248088538742,0.03893181860272551
-0.1871721078422704,-0.1232863952688204
-0.2363797677675279,-0.6845538849261278
0.0108796936394983,0.1565335089504971
-0.5990407374005269,-0.8496569869333374
-0.3503777999187362,0.38756821219528903
0.4635007277510247,0.019918597485437367
-0.0747793587831129,-0.1709125271694939
-0.3912437209192297,-0.7541075731483431
0.0511722992499736,-0.08130574489519732
1.2107141418694756,0.8591834454021433
-0.1547511225367442,0.06070170370927625
-0.1642108264720436,-0.4993906681804146
-0.8944541050459572,0.1428842392675352
-0.1956686419223393,-1.0380454293282682
0.3331976059077003,0.7364363618882738
0.8290580867343954,0.24993963377168288
-0.1707810208416515,-0.13702383509257465
-0.1820982666406098,-0.11487415602267326
-0.100404263455364,0.09458576816300185
0.2064375731746881,0.030303043693981534
-0.1187469160436045,-0.17856237356255017
-0.1424271349129141,0.04916844414570987
1.0029446445268992,0.6746273697789958
-0.0678938409489949,0.04857771020263823
-0.0118235958052202,0.0590599824106078
-0.1115804736683777,0.03965819833975912
0.3115262841650144,0.021274785635162295
0.0095725345502569,0.07196325485694266
-0.1528591817496843,0.09432872632803943
1.2289455712720525,0.42701744813512593
-0.0709897440550929,0.03990658684188481
-0.030743003675819,0.019049224493295033
-0.1349717415811181,0.0881724636032738
-0.1356597200491399,0.020410885681362283
-0.1188455262906877,-0.18526188789168613
-0.1547373629673837,-0.21648563463191905
-0.9482769538608607,-0.362949134565349
1.2040235512679636,1.3150151455885652
-0.1183685278861925,-0.27750837895586095
-5.878903971094925,-0.11473724496843349
-0.0826853780114631,0.10792301530199072
-0.1095165382643124,-0.01833507877259164
-0.3293256587972697,-0.8951070994212984
-0.3112662240116982,-0.7000129730441836
-0.0938306291934159,-0.11959893918957262
-0.0226248577531621,-0.0526038550817744
-0.3412964841408487,0.0691793466046712
-0.0795894749053651,0.08384600664219294
0.0823606564669608,-0.31887075257497477
-0.1170843014125519,0.04101957014858792
-0.1504529770577781,0.20328619038583912
0.4081872589220739,0.25039611997659045
0.2274209164493523,0.05825378094681733
-0.0857812811175611,0.059875167238450204
-0.1580190202598476,-0.008063986952582657
0.0014773212432007,0.09129224643334422
-0.1066499613142216,-0.10029902114201528
-1.741470262258767,-0.7340997898519214
-0.2129351815235158,-0.57361897692366
-0.1378383185312088,0.1186711877380186
-0.0402027076111185,-0.07042462529521125
-1.0446598706537615,0.14407201907300649
0.0021079681722207,-0.06775785440510106
0.230000835704434,0.3708947274367171
0.3724123785849415,0.4558942689382444
-0.0028959285518576,-0.06095373847766747
-0.1385767487535522,-0.14264349683901428
-0.1715061501469465,0.5649687539537619
-0.1624908803019891,0.004894750813919289
-0.1781423904494845,-0.6388205942649691
-0.0513995571781729,-0.11280015249321437
-0.057216415125297,-0.017118332814268174
-0.1590509879618803,0.0755389589641593
-0.1133004198384321,-0.21831313690662196
0.6434758949855213,0.2910832402421427
-0.3488642472890882,0.19409370103470344
-0.1717235513428414,-0.919571656869103
-0.1427458982697642,-0.24564547419948074
-0.1394780005466607,-0.089802964981544
-0.1642108264720436,0.017740682264955322
-0.3479010774338577,-0.783696609674726
0.0136316075115854,0.09339995867122447
-0.3243446946887922,-0.9361939475086246
-0.1233907707027515,-0.13798490876042616
-0.3517537568547797,0.5852008997162921
1.8728934173404348,0.9759024437324949
-0.4298393129752513,0.29314023303945735
-0.1043566997541491,0.045380336871680284
-0.231770312031782,0.008010070021457573
-0.0889230494548606,-0.14375517671009314
-0.1022927643500837,0.0809713979632454
0.041136986663096,0.2130039259999467
-0.115602854444745,0.16384371753532279
0.2137186786279186,0.09526532398605453
-0.1144791562803095,-0.1741413652080601
-0.5550743267708153,-0.4698078308310761
-0.0806214426073978,-0.1571780759295507
-0.0763789087212635,0.09342955495918762
-0.13313655901767,-0.19987033174402835
-0.1259248247266317,-0.13961209626250606
-0.0672058624809732,0.043327466091644916
-0.1418515262613359,0.3695815398058547
-0.1107136207986703,0.06096996025347396
-0.1584988852412928,-0.24754931250524376
0.0472278893666488,0.04856481518448221
-0.3146201190433043,-0.6023822527900629
-0.1200655414406463,-0.023038476144658173
-0.1224161345397207,0.011727009919698918
-0.0482864546103743,0.03432099086480166
-0.3246302057530212,-0.9702969460981393
-0.095412979669866,0.08018147523114033
0.7880889689636985,0.22342650202978104
-0.035386858334966,-0.14819031646545983
-0.161286917982951,-0.06692658413279913
1.0727744590311097,0.47851002962304534
1.3531256847499833,0.34442041868379303
-0.1492472947925699,0.05565434462113567
-0.1341117684960909,0.24640868178726277
-0.3618326414112987,0.07174250010199779
-0.4300715057082086,-0.2949474832661605
-0.33407271022662,-0.40780137540637346
-0.0422136686731461,0.7116206615948737
-0.1077965920942579,0.8544739878639613
-0.1280919569009003,-0.14384057075095702
1.56628434675873,0.7461975586881895
-0.1624507482246879,-0.19505108402600912
-0.07374165792718,0.06183302992735341
-0.40894770016299,-0.674535826384291
-0.0584341370136955,-0.00724818688118585
-0.1463233863034774,0.04076729108855861
-0.132219827709031,-0.006142741016091545
0.3201260150152866,0.17675446876115186
0.1870021814530729,0.17202490301749976
-0.1237576925523631,-0.5375456025888167
-0.1347378289019907,-0.4256173270870314
-0.1206434433537846,0.02839227818129534
0.7659360622933975,0.21982195295125556
-0.1294679138369439,0.053838629149609706
-0.1681552363553684,-0.23947144485407995
-0.1421267176485446,-0.010212152575197704
-0.0981648935419531,0.22557656697006917
-0.0972877209952253,-0.09576816748766456
-0.1323918223260364,0.05180797036083714
-0.0261564805556739,0.03180197762210304
-0.1496188031653017,-0.1155826888201876
-0.109062472475418,0.04087334428221707
-0.0053118796053941,-0.048834549260600796
0.3135902195690797,0.2120382862926532
-0.6629264179410289,-0.7332554857429766
1.877606069846384,0.8226821577349186
-4.827518076802347,-0.25246243930965756
-1.0065716627179058,-0.8681095529142397
0.0469985632106416,0.0010307988540413995
-0.2945827461621701,-1.0378925128550214
-0.1904686713348747,-0.5732873714717039
0.1857982191340348,0.20836536747362
-0.1163430046132585,-0.13954443586474372
0.2114254170678459,0.009765240137209093
-0.08922117345767,0.11101847371404627
-0.1168435089487443,0.12936229254574638
-0.0357411672459972,0.3871364528339395
-0.2250969208919707,-0.6099577777293532
-0.1091725490303015,0.03832113663790073
-0.1157771423233105,-0.635568654927909
-0.1587069987278694,0.039632686478516345
-0.0905971303937135,0.07445328372443438
0.5915335206498772,0.4592396061962659
-0.1449955878601954,-0.2689890375930854
-0.4310535949713096,-0.49676724881068823
-0.1430210896569729,-0.38096068739980404
0.5532543986891455,0.4834211902570361
-0.1456354078354556,0.09034880689036423
-0.1424363079591543,-0.09081484557246502
0.2506287234372869,0.10591750296220531
-0.0470480933679351,0.11997947842617734
-0.2738057964279125,0.41571636513176025
0.2461683297029457,0.1864792954664546
-0.0559688808366175,0.16301118213253127
-0.1359119788207479,-0.48287556743682947
-0.1607709341319347,0.08954992773380599
0.0219355076206083,-0.17140039646323496
-0.1851804101773473,-1.0325887569290548
-0.3117822078627145,-0.6167167623464891
-0.4684807702624743,-1.0312384777201558
-0.1273420603707566,-0.34196251537327654
-0.0859532757345666,0.049311792402243836
0.0769256265695888,0.03825966929771791
-0.083029367245474,0.009115444686805543
-0.1569870525578149,0.02787436792718794
-0.1553817694657641,-0.017444635884446023
-0.0630779916728425,-0.005434576314259452
0.3698324593298599,0.6754993197070733
-0.0275697029920686,-0.1281788856580331
-0.5596608498909603,-0.6958855301885577
0.2339567118955592,0.2317412487990712
0.1778864667517844,0.3312856185323627
0.0039999089592805,0.060679269321839945
-0.058924321672161,0.005510413672672861
0.1969090713925865,-0.18581566376016517
-0.1614864317386773,-0.3182324592963503
2.15771650310145,0.6734676188530774
-0.0298165260055497,-0.09703325109525571
-0.1069366190092307,0.024085816288044154
-0.0645686116868897,0.14132370252568785
0.3016916319646431,0.3305909605952352
0.8209743397351393,0.3956039248691331
-0.8065591226022751,-0.3263515717401356
-0.173639571376282,-0.16472438529064454
-0.0878452165216264,0.08504850534993824
0.3366374982478092,0.5769427584259293
-0.2214506350114553,-0.8506030971555698
0.0259005568579737,0.19128017129029395
-0.1337104477230782,0.07763403660343546
0.0406347623814401,0.07032070868099463
-5.5306263379667016,0.005710186187974621
-0.2108213676805189,-0.49377265143571497
-0.0752036121717263,-0.0034258480064735183
-0.2222762091730815,-0.5085295400191499
-1.304122350137324,-0.4903819320692469
0.0015747848595038,0.57610177684278
-0.1330224692550564,0.09591480837798072
-0.1456354078354556,0.046647731173152594
-0.0801054587563815,0.10445102968806658
-0.1439383942810019,-0.1739375973293062
-0.1048726836051654,-0.02010584463062033
-0.7511596564648216,-0.2246682928879845
-2.4384612482116284,1.6294842163252925
0.1433614139648917,-0.2950583739547925
0.129253268847325,0.09448745872666367
0.0765816373355779,0.12775545446297235
-0.1571017156358186,0.02435119770136277
0.1820143375599151,-0.03728603117235546
-0.2374719335855124,-0.2398985914420192
-0.129123924602933,0.595036782714721
-0.1982657606391215,-0.6864078744748148
-0.0947250012018442,0.031742389674975065
-0.1508181789612197,-0.23137310478166234
-0.1863757727655351,-0.5927074575848384
-0.1554391010047659,0.02605991018518508
-0.2256702362819889,-0.8190684029748349
-0.146151391686472,0.08340267542809177
-0.097562912382434,-0.10781370434968396
-0.501045084415505,-0.695945577758151
0.9760102875038468,0.9458493753824728
-0.1524154356378102,-0.21002933026008475
-0.0207673158895033,-0.03277834157438914
-0.8594732665240001,-0.030273243318936157
2.553304122213971,0.9066191803988458
-0.9946375295592882,-0.7812112415416216
-0.4339155853982802,-0.5391658400849213
-0.1080717834814666,-0.2637776357568807
-0.1157083444765084,0.00400437413381189
4.767218832308045,1.9957704199306867
3.4150745509888973,1.6344785950236165
-0.0378108358039628,-0.16967063803269736
0.484552868872491,0.09509930633079194
-0.1613213169063521,-0.5207583046692665
-0.012511574273242,-0.06930796478965137
1.115635517588866,1.269502989953512
-0.2660316397392664,-0.7210319888846782
0.1578502405014302,0.12958393544638228
-0.2639677043352011,-0.663151961477402
-0.2105203771007594,0.318243559409818
-0.2141064648653229,-0.8591092137091404
-0.526001503342995,-0.6184879680901925
0.0186767829437451,0.04653164767905723
-0.1950150623777186,-0.9081468620764325
-0.174272511566862,-0.6533529099606762
-0.1224734660787225,-0.044441659403030825
-0.1580878181066498,-0.4673547795742122
-0.1642108264720436,1.1162910687605974
-0.0486396168906255,-0.07536327459916864
0.5348440948848828,0.003988500458038273
0.1820258038677154,0.034024513532926674
-0.1326784800210455,-0.05397757325816312
-0.0604980724177608,0.009342068005191662
1.5103287646929588,0.7732401370526777
0.4259852618897972,0.31347893816011635
0.1732426120926374,0.008913563681139977
0.0022799627892261,0.15055167288825727
-0.0959289635208823,0.08459614698712148
-0.0020199026359099,-0.05881377210565736
-0.7911312054568869,-0.46908294601818623
-0.1004719146713861,0.08599563282738931
0.3075738478662292,0.17460038779113085
-0.0197353481874706,0.012506151591221835
-0.154808454075746,-0.00696018258604604
1.2174386727420765,0.5049425628489163
-0.0142315204432964,0.07001678626210656
-0.0128555635072529,0.08502567454434692
-0.1694910612141107,-0.8381279903265197
-0.0782135179693216,0.03012959511371737
-0.2828871122058,0.037535959450048735
-0.0175578963361817,-0.13723566401098175
0.3682845077768109,0.21148305081221153
-0.1379529816092125,0.09300546118935055
0.0668352757052694,0.03578470576065528
-0.875110443786745,0.2236358818666473
-0.1227612704045116,-0.11521223338638484
0.0958450344401876,1.1032123905900075
2.578415336296766,1.0560482734948704
0.0215204272782351,-0.20409457215001908
-0.004141169578977,0.02036422738965883
-0.1409915531763086,0.07166908115470882
-0.0445025730362546,0.08415199696761788
-0.2017056529792303,-0.7323201863687478
-0.1324262212494375,-0.2756521496249357
-0.1203521991356554,0.2061853666005996
0.183562289112964,0.05050834590759835
-0.15777822779604,-0.1813410013924887
-0.2890789184179959,-0.4947143115691393
-0.1533751656007006,0.06157215945790769
-0.2383061074779888,-0.25852446936011275
0.0030367391040501,-0.09953069659366512
0.1389468854617519,-0.23685976844192924
-0.1366916877511725,0.036316961893017995
-0.1642108264720436,0.12407039627398148
-0.2133783543199998,-0.15491751888129243
-0.0727096902251474,0.07407336904389558
-0.3411932873706454,-0.825678620747368
0.1572471127111311,-0.34047538664126875
-0.206211911944773,-0.7394900045324263
-0.1005728181800293,0.08890235368647115
-0.069475044794665,-0.40149036134601973
0.3362935090137983,0.3278134923444411
-0.1767641402518809,-0.14801188953558186
-0.0844053241815176,-0.11394466856133409
-0.0751176148632236,0.13704197451474703
-0.7421127396103353,-0.6429721645664059
-0.0857812811175611,-0.010165404795615313
0.0628220679751424,0.02194077802944555
-0.0266701711451301,-0.156020034187239
-0.1626800743806951,-0.058695103381422496
-0.1426083025761598,-0.6918014149123953
-0.1332517954110637,0.05140250223433968
0.2827171858166025,0.16105100770031058
-0.1201802045186499,0.03381609686077971
-0.1332517954110637,0.028345383924161145
-0.0042558326569807,0.20522895477061115
-0.0728472859187517,0.39627831048051004
0.45703373015162,0.3717240549205807
0.0750336857825289,-0.018642561824293382
-0.1510102396168757,0.03240389228901124
-0.0857812811175611,0.04441862938847626
-0.1545791279197387,0.025626781649774055
0.2551120497872288,0.21311492189842463
-0.1855725579041197,-0.7351902698739025
-0.0465665084403199,0.1056913231109291
-0.1502792624946026,-0.12475909715069128
-0.4463278635921731,-0.4631638828592319
0.2478882758730001,0.2876547417462346
-0.1532031709836951,0.010627967565632529
-0.1069520985247612,-0.025572056043606968
0.3483331322041794,0.14215777377269068
-0.1615735756779601,-0.6847286190411589
-0.1642108264720436,0.008292487176671588
1.676131575486207,0.9415029034701492
-0.1409915531763086,0.0639177896623048
1.7452046136755932,0.8889095745388749
-4.375363721418295,0.5247300657720902
-0.1423829896278827,-0.352849397959033
0.0041375046528849,-0.1909593914867363
0.0466098553762092,0.003378795221472976
-0.0281630844207374,0.09740148605301382
-0.1583630094938585,-0.19267686972282244
-0.0361780335731911,-0.08600242391598897
-0.0190473697194488,0.7951526563757809
0.2564192088764701,0.2685390754117571
-0.0739136525441855,-0.04994578913814396
-0.6913399286703282,-0.9857030841424156
-0.2075637896344358,-0.6194491190758081
-1.6075043430516944,-0.03280629894110018
-0.0950689904358551,0.043024538846959705
-0.2593238496760541,-0.5780677893035624
-0.0823413887774522,0.0577716580110915
-0.0069274823744652,0.0857798256120659
0.0194794244897705,-0.0719559585998117
-0.1577896941038403,0.03148667278916727
-0.138411633921227,0.08388079082662922
-0.2840050772163353,-0.6742352053322761
-0.1962981422205792,-0.5456398188756366
-1.0382186722469078,-0.06503375808791147
-0.2429121233213946,-0.4069382241416494
0.859501133944359,0.3166965130009078
0.3077424025908946,0.10638251044943137
-0.2029096152982685,-0.8394076343867927
-0.1642108264720436,0.1459449251178881
-0.1569870525578149,-0.11789783145636343
-0.072193706374131,0.0018124804961192412
-0.3227898633510629,-0.6157210339272543
-0.2133978470432604,0.035625968468906415
-0.0736269948491764,-0.12434065665680222
-0.0747736256292127,-0.044702846073257724
0.0366788861903149,-0.015504076513139835
-0.063979243465951,-0.16955094546775468
1.7408474167114554,0.5809289088370727
-0.1153643552424975,0.06561967848924369
-0.0233472351445849,0.03230272091902341
-0.1047694868349621,-0.09569400240667258
1.845116286694056,1.6404586646703363
-0.0687538140340222,0.04869460740848688
-0.1554391010047659,0.1303090656674642
1.865669643426206,0.5800339113436037
-0.2059797192118156,-0.544778631710894
0.5679702581201314,0.2744218817873361
-0.1091312703222202,-0.184599873511416
0.272655500721784,-0.027446051795830192
-0.1872672781970134,-0.9391881837033571
-0.1067646243922253,0.032425606326672206
2.1058910851053696,0.6826440580591885
0.065115329535215,0.07629761622889217
-0.1795871452323303,-0.8708456669678872
-0.25192808114482,-0.8244712904956694
0.0530633227324095,0.2801293095290427
0.2412662537921345,0.33356490150164786
0.0263592091699883,-0.021283364522359793
0.5959365828452166,0.5706593550794206
-8.60556903340563,-0.2735297012104257
-0.0362468314199932,0.03340470535659206
-0.6302474407099945,-0.8358759308712185
-0.0419226537811729,-0.20454997508559133
0.4862728150425454,0.14154207418489
-0.1733609400967332,-0.2414436206594306
-0.2419179944351032,-0.3839978153501781
0.2323950007731497,0.13976841089019876
0.1694587305185177,-0.07891488007052226
-0.144603440133423,0.11238463290592282
-0.1074526028602471,0.002158719407495284
-0.1389849493112451,-0.05549175321497352
-0.1334237900280691,0.018684763020295307
-0.1354877254321344,0.0473204273961317
-0.0673503379592577,-0.21043040799207757
-0.4337607902429754,-0.8381373020835602
-0.115065084608908,-0.013138266568520122
6.378464404415045,2.5153053131731684
0.1758569302711202,-0.21164446899955144
-0.4346207633280026,-0.8595683201774101
-0.0618912288155049,0.007353466071878111
-0.2850003527334068,0.9011371636317741
-4.646665737021122,0.677649491123834
-0.1346277523471072,-0.08837538048550286
-0.0905008134081905,-0.16774544933156516
0.0888362537972158,0.21491149272303495
-0.0780415233523161,0.04421049118410663
0.2892816470323103,0.09076885132790996
-0.1195954228208314,-0.13785284490003802
-0.2261271686478334,-0.5127373499681408
0.7356650097004391,0.2485288281997861
3.049336597657671,1.5093009299339326
0.645081178077572,0.25651996495592017
-0.0424386376321892,0.051910831207312956
-0.1642108264720436,0.1124519446913334
-0.2132292923185951,-0.7206762795155215
-0.0749456202462181,0.3174890594077246
-0.0403747022281239,-0.135927670967218
1.5376759087968246,0.7986549953855735
-0.0870884402068025,-0.0011167525865478992
-0.1349717415811181,0.017198402155861173
-0.0661738947789405,0.06324515437895273
-0.1840762047361724,-0.6294702058773228
-0.0305710090588136,0.13487145336308604
-0.2508961134427873,-0.6915036318335309
-0.6393975543346841,0.11476575468466751
-0.1642108264720436,0.034985449254553234
-0.1152955573956953,-0.11023853967654701
0.0411507462324564,0.08722364682652958
-0.1642108264720436,0.1660475690903206
-0.1126124413704104,0.010720664534241801
0.9389626470008738,0.7587946963444052
-0.1301558923049657,-0.026236719757859753
-0.1603122818199202,0.04344760450292811
0.1174131594126703,0.052453608363483194
0.1520872742009678,0.20206621182342088
-0.1101563582395726,-0.2505878881278939
-0.0857812811175611,0.09570141287699402
-0.0223152674425523,0.08544316665170032
0.0725569632976505,0.03887886915532122
-0.1385721622304321,-0.3237839575460465
-0.1504512571116081,0.003874425514617384
0.305449141030822,0.101002330020943
0.037252201580333,-0.06652206536392093
-0.4412941544678138,-0.6161695624272869
-0.036934809888015,0.06880578717252292
0.0476303567704416,0.3306774511831023
-0.2271350571034852,-0.5784873280832316
-0.1193632300878741,-0.20333617078193839
-0.1645118170518031,1.566113168922963
-0.1843685955850816,-0.35827700001290963
0.2152092986419658,0.1067677039062202
-0.1552671063877605,0.04057855893258277
-0.0403747022281239,-0.19340510046599393
-0.0692697978850385,0.08581477928135514
0.1041007760564489,0.13363546270429094
0.1293266532172474,0.09040949131167941
0.2932948547624373,0.26801920792574857
-0.0805067795293942,0.14574559707171506
-0.1550377802317532,0.10168754259433155
-0.0087276926991222,0.1011466137147636
0.2520161466811307,0.3955985988666117
-0.116740312178541,0.06720893469327038
-0.1394436016232596,0.011839830673399665
-0.0684442237234124,-0.1856503836190886
-0.1126124413704104,0.05144804496218177
-0.139959585474276,0.09905166362082479
0.4077073939406287,-0.0001414144555532612
-0.5432869623520421,0.46401955170703124
0.1601022233534215,-0.0648248984142877
-0.1330041231625758,-0.2921204553843886
-0.175820463119911,-0.8905912805011448
0.1761063224657781,-0.08121971258742151
-0.2097206021316841,-0.007989805384152567
-0.1123601825988024,-0.49707477683451906
-0.3267801384655892,-0.23255035151215314
-0.0811374264584141,0.13719418558616633
-0.033838906781917,-0.03739685261846611
0.1426275702656684,-0.12958573759613884
-0.1330798007940582,0.095983420571391
-0.1533751656007006,0.044308019046325316
1.2180789513696486,2.5572363381368355
-0.1343818000447894,0.03237078573304387
-0.1787501047629038,-0.6363211737007755
-0.7297635261093445,-0.1711774509481206
0.0009040058531826,0.49333746440710324
-0.1642108264720436,0.06812701688233064
0.7548917146200879,3.01270889334875
-0.0633073178288498,0.02649991428541887
0.0958450344401876,0.5296259197657225
1.0439653606826975,0.7428604828640029
-0.0922826776403669,-0.03370494617963144
-4.095732579829284,-0.7889595388281068
0.0095037367034548,0.41340185157151105
-0.1325638169430419,0.03960315517948287
-0.1183547683168321,0.09777575505579858
0.0168651063112878,-0.1586631946716615
-0.6576289837372612,-0.9204825020843875
-2.6504962120559394,-0.7763045439703737
-0.3025976953146238,-0.85030438454757
-1.661613161583139,-0.9154934107101582
-0.0376526007563177,0.13262662020760807
-0.8262181073259975,-0.8332581757088969
-0.1871205094571687,-0.1102266812731525
1.8739253850424675,0.3886533194831131
-0.0651419270769078,0.10225048817110616
-0.0635939755238588,0.06407270938671875
-0.1642108264720436,0.08504259258415786
0.1514474542257076,0.1607707715833785
-0.1092069479537026,0.130812938369884
-0.1088285597962906,0.09917147489811723
-0.1200082099016445,0.10136988900829008
-0.2622477581651466,-0.7601984446789067
-0.1642108264720436,0.027519420745920474
-0.148903305558559,0.09758185221783125
-0.1440874562824066,-0.05641113821068161
0.2901077945093265,0.28314706999100914
0.5584864749384512,0.18321543038973226
-0.0387269937972118,-0.38252696432412836
0.5144799322314383,0.3579828065764582
-0.4598695731044018,-0.7704432284064991
-0.1201802045186499,-0.17765563477097918
-0.2354853957590996,-1.015320689515867
-0.0335637153947083,0.045614665508015094
0.3780882009461212,0.21555613909235571
-0.5814697673272506,-0.7019626269158284
-2.283872486447135,0.17253838946591116
1.277104064033577,0.4655989492383853
5.153862731336283,1.838725362593971
0.4115440205306301,0.19322846762583396
-0.1989537391071433,-0.824879802041784
-0.4725111774543019,-0.5743968384917383
0.331133670503635,0.03304383350995704
0.0958450344401876,0.14169570916309207
0.0357845141818866,-0.08246880025066317
-0.0510383684824614,-0.09580880913342064
-0.1642108264720436,-0.09195915240990266
0.0246163303843331,-0.04163817452180466
-0.122519331309924,-0.3188718962046262
-0.0159514666133509,0.2675444423772811
-0.1208280509093704,-0.01871736789104883
0.0139113854219143,-0.11421060133961905
0.4358783922599504,0.2664028959317615
0.2383597740908985,-0.09209748207168883
0.4637415202148323,0.16944921624451975
-0.1430554885803739,0.040105370771088465
-0.3854647017878467,-0.5540595015360936
-0.1162243283275247,-0.11850101706659288
0.156043150392093,0.01119372011326722
-0.0412346753131511,0.20793620246403832
-0.1642108264720436,0.04970816730267894
-0.1746996315324256,-0.597039140361514
0.6613449890616069,1.1171586063209833
0.3331976059077003,0.16146750907754256
-0.1372650031411907,0.023144912851964586
-0.1026367535840946,0.04934781681673068
-0.2486257844983155,-0.30910636891463733
-0.2066504982181369,-0.28969910509346186
-0.3697329274857487,-0.5933448701837774
-0.0966845932049262,0.04332459036598905
-0.0161578601537574,-0.15616079611330586
-1.0490715325799511,1.3525550559743822
-0.0720217117571256,0.06083344354633088
-0.2619381678545369,-1.087871007177601
0.1391876779255595,0.10844636058287688
-0.0872053965463662,-0.22622699996436418
-1.061025158461829,-0.9523143641559557
-0.3024257006976184,-0.6130869841021716
-0.7637840613530212,-0.2871137343080201
-0.1471833593885046,0.07007781425994186
3.0118417711504843,2.499866601801596
-0.0929362571849876,-0.006849645345609036
1.952870914247966,0.7607061159993775
0.0146635752136181,0.083144979268544
-0.0742576417781964,-0.043934763476449715
0.1581070857961583,-0.059483100203002244
-0.0498344061634233,-0.011845425229421114
-0.0673778570979786,-0.06499363268291378
0.2302301618604412,0.12332662062910671
-0.0795894749053651,0.29426539917854033
-0.3576703716797669,-0.48781026854072307
-0.0575741639286683,0.01534318148146796
0.0481578069292582,-0.37376653266980375
-0.0238632189956013,0.11862698115027495
-0.0418607357190509,-0.11714413895808143
-0.2218634220922684,-0.7306204130895382
0.0245704651531316,-0.5872015688465393
0.1343718286494071,0.11234236570424577
-0.0544782608225703,-0.13347690797399142
-0.0574021693116629,-0.07561207775556905
-0.1060766459242035,0.0629331054281013
0.6038672546353376,0.39939633869094787
-0.2085235195973261,-0.19254635777730478
-1.1167858132949944,0.3333177260755495
0.012608239540403,-0.12420438074977741
-0.1188042475826064,0.05257520243827812
1.841590397045444,1.8848277951978734
-0.0936930334998115,0.05827739788928426
-0.1642108264720436,0.11236610046016646
-0.1202490023654521,0.08000421031899138
0.0854221606496577,0.4308635886269915
2.281437964267366,2.5260513041856374
-0.0952065861294594,-0.05448183826972803
-4.7650238327134185,0.8682209766731839
-0.147636278546619,-0.3806628056074577
-0.1817886763299999,-0.7490267657405006
5.984252742238567,2.17889186564755
-0.0128555635072529,0.20305405015382083
-0.2722922437982646,-0.8879856567768903
-0.1341117684960909,0.051439228174101286
-0.1301558923049657,0.02762036134873925
-0.1105943711975465,-0.31843461582026256
-0.1252253799508096,-0.012770874936346557
-0.1115804736683777,-0.01324097779075669
-0.1309585338509911,-0.34615731558973234
0.5158558891674818,-0.019597481484695603
-0.027647100569721,0.12362241164666216
-2.41672112862214,0.3546436433098673
1.431727224721471,0.44936062788290126
0.492292626637736,0.24062461858281692
-0.1323849425413562,-0.24281260175379132
0.811858625033851,0.23517253601177435
-0.0345268852499388,-0.009595732306361675
-0.2912804495156656,-0.7556095277544771
-0.1847125848190925,-0.9586628283835604
0.5653903388650497,0.014081666448491292
0.3909877972215295,0.10339916611807051
0.5223916846136887,0.11100349602222084
-0.152629855593677,0.019673552996362108
1.7138660478264212,1.1961020797528088
-0.1064206351582144,-0.158444525006555
-0.3470651835952112,-0.5366283170898144
-0.1642108264720436,0.395735748378995
-0.1206961883696662,0.01812657024130592
1.4984370568732026,0.9754189404062804
0.1096046038006231,0.12460686869596499
0.0123703136535455,0.11494797807475599
-0.3957385135769719,-0.31287846318091556
-0.1112364844343668,0.08359411316947699
-0.7100185440771195,-0.9038611241288611
-0.1129564306044213,0.06260481332044168
-0.0660821643165376,-0.3687677253264497
0.0638540356771751,0.1775748828587434
-0.2989170105107073,-0.5216757031163686
-0.6335755365490499,-0.5622696350625123
-0.1642108264720436,0.11263479769588536
3.0003525307345207,1.4212594766225246
0.3945343262241818,0.33731081359422793
-0.0310181950630278,0.028544671490198466
-0.107576438984491,-0.1133882831411882
-0.0624760105133234,0.3425228120651181
-0.0991968612439857,-0.026344713657564158
-0.1332517954110637,0.04190687426884784
-0.08922117345767,0.05111664537095533
1.302100615038368,0.9783384129637888
0.0046878874273023,0.028060946701004737
-0.1186609187351018,0.12919140867572992
-0.1642108264720436,0.016301478090789044
-0.1205241937526608,-0.009266159029999686
-0.0600967516447481,0.029843356922815527
-0.3705699679551753,0.5883951424270862
0.1041007760564489,0.08357490821190666
-0.116740312178541,0.026938019091161662
-0.1091725490303015,0.037175743248547964
-0.1880424006043179,-0.3588833167670447
-0.0763330434900621,-0.23219720611117278
0.3126098502521486,0.010817836668408146
-0.7123003393293916,-0.44429190507465316
-0.3401613196686128,-0.4772833733281627
-0.0341932156929482,0.0012558631885436558
-0.1828068844626722,-1.0708673677961174
-0.1107136207986703,0.06070364472071924
-0.0661738947789405,-0.09131692800966701
-0.0353249402728441,-0.18481623096927635
0.1773704829007681,0.006353396740992577
-0.733320374789017,-0.6278978156786947
-0.5401480605916927,-0.5851113054576401
2.1799382076185534,2.136772170074838
3.7864367282962017,1.6911941557511323
1.3981882744054093,1.3444022945335723
-0.0738333883895829,0.04887686913075325
-0.1169123067955465,-0.027795902423941775
0.1740452536386628,0.1951067531081651
-0.1272319838158731,0.03384383597732545
-0.1413928739493213,0.03583582533213533
-0.2166519851970034,-0.2757803169877393
1.0505699539757067,0.41874619893632337
-0.1507952463456189,0.014427042909572682
-0.0496624115464179,0.128439007777856
0.3733801349632922,0.16185115777467118
0.0675003215576904,-0.058532219998417054
-0.1583131310549269,-0.1875694414955848
-3.570220227030851,0.016394267470926094
0.1195802915869389,-0.05950008723956775
0.0426986977855055,0.12862380635674486
-0.3071899515886692,-0.49502059526557574
-0.1234481022417533,-0.10804659035419395
-0.2577586986613046,-0.8611825829999612
-0.5464516633049422,-0.7522740220840284
-0.116011628317828,-0.02157743202251785
-0.2249531333921542,-0.11628823602771318
-0.3351046779286527,-0.4802581356902205
-0.091938688406356,-0.11882483006136926
0.1400476510105867,0.18990137976394292
0.2248925955793722,-0.03138015268924393
-0.1128704332959185,0.1102679904713452
-0.3342447048436255,-0.5520515822450124
-0.4372924130454871,-0.4142658531377839
1.7159529158460871,0.9779998544624774
3.4420003082811,1.6336939689292853
0.1133426201435415,-0.3391830017745482
0.0678672434073021,0.03397900017472429
-0.1803095226237531,-0.695070972691219
-0.057216415125297,-0.01748451667180593
-0.0324142180377219,-0.15777576710852273
0.1411415367747414,0.1567901198537301
-0.0709897440550929,0.034923305800914926
-0.1909043910312885,-0.7606119997977313
0.2871030485502414,0.8292501567015613
-0.041578664547162,0.0823330659256224
-0.1645548157060544,-0.30507056982179015
-0.1580190202598476,0.0662042216391891
0.4933245943397686,0.35133062026890494
-0.202737620681263,-0.6164989072985114
-0.1616309072169619,0.03749117595280003
-0.3542018135701572,-1.0800231498542288
-0.1972337929370888,-0.2560506450863316
-0.0716433235997136,-0.07262870285387175
0.5674542742691151,-0.030934465716234018
-0.1181162691145846,-0.003624594567768459
-1.3737113721777263,-0.880104576830748
-0.1043566997541491,0.04642634216028297
-0.1283166965337875,-0.12160889549303291
-0.158314851001097,-0.20075052064533633
-0.3399549261282062,-0.30511844530571913
-0.0935783704218079,-0.011209191164896687
-0.2488287381463819,-0.9833009417192397
-0.1103191798103378,0.006556888746114445
0.3349175520777548,0.41568868253110275
-0.0919289420447257,-0.009813237785446377
-0.0819973995434413,0.007409638281876553
-0.5999970274710771,-0.34145806307143894
-0.1014901228040583,0.0804166645998935
-0.2281928239980687,-0.5752000335076468
-0.1022927643500837,0.05804905240834587
-0.8141440852122154,2.0203210592263514
0.4432741607911844,-0.016724349174412317
0.1007468810248428,0.08812006814474196
0.6646312328771908,0.30002775801197923
0.6871109293198024,0.4112155148293507
-0.0242072082296122,-0.07668455779844385
-0.113644409072443,0.020450764412410304
-0.2696779256197818,-0.4481463543533204
-0.1075351602764097,-0.08780176665627863
-0.2081038527318329,-0.3480855133625499
-0.0090716819331331,0.06796585144359257
4.194734749605425,1.0531836626569655
-0.1552671063877605,-0.648243360441494
0.8569212146892774,0.4411871898655156
-0.1571934460982215,-0.14139657454835292
0.123880157012075,0.533311580459136
-0.0840613349475067,0.05996183904781973
-0.1518272140476516,-0.07436419346100942
-0.5962613043897188,-0.9340985593789383
-0.6063900673851694,0.09778826302641788
-0.4080647944623621,0.6057838194779184
-0.2405764364224607,0.08430404633105906
-0.1497632786435863,0.30270821520630853
-0.0923600752180194,0.23012672588676364
0.2883712221929614,0.20017442796218826
-0.084577318798523,0.06304208896098848
-0.0279910898037319,0.07616634170887351
-0.1064206351582144,-0.12218186963886632
-0.0744296363952018,0.013662070372953874
0.1753065474967027,-0.05310914984520702
-0.2443671977812607,0.31186259661690907
-0.1602549502809183,0.06514831207930322
0.4650601456118741,0.12643046641711886
-0.2442382018185066,-0.6224215645472057
0.0099165237842678,-0.02304490210557822
-0.0954359122854667,-0.24707906374670707
-0.8282820427300628,-0.6676381690567901
1.0611648223832422,0.962159055794746
-0.1360037092831507,-0.004803491619486441
-0.4423158024928262,-0.03600274230589682
-0.484361606565977,0.3891170182868922
-0.2588422647484388,-0.8614616100379517
-0.1121996542895973,-0.2991673263354795
0.169974714369534,0.05083183444735829
-0.1535471602177061,0.10473638327377632
0.3964916249657037,0.4159362088122828
-0.0650272639989042,0.020840462894495558
0.2114254170678459,-0.09734381011814075
-0.1341117684960909,0.25395092200442615
-0.1112364844343668,0.11562891014333809
-0.1208681829866717,0.07009678708776859
0.3958036464976819,0.15915480545642746
-0.0606700670347663,0.06172959146937262
0.4487779885353587,0.04989324076542514
-0.1593949771958911,-0.4953114095082453
0.9343187923417272,0.45835490991431416
-0.0971329258399204,0.08602723152948558
2.7734572319809394,1.0994793906509084
0.0003306904631644,-0.07568834657912307
0.2124573847698787,1.6008165158700234
-0.1298119030709548,0.05719073656586888
-0.0764935717992671,0.02096717731849959
-0.110548505966345,-0.06496184005677007
-0.0901843433129005,-0.2714283404555813
-0.101604785882062,0.033979222580061245
-0.0703017655870712,0.03643755246181186
-0.1571590471748204,0.045186747488840474
-0.5930450050517171,-0.9790291822652601
-0.1019487751160728,0.09962283744764919
-0.1808771048598711,-0.004092234119328186
-0.0703378844566423,-0.21002350964477579
-0.3507905869995492,-0.5346314779956155
0.0101917151714765,0.06135112783536505
0.1498261183027362,0.010719496031939502
-0.1293532507589403,0.025781033361238354
0.4193669090274278,0.9876590683567915
0.0050238502458529,0.024064492038513435
0.9148788140969918,0.5220593600261996
-0.1024234802590079,-0.12989122187971208
-0.2281584250746676,-0.7474883413642667
-0.0426106322491947,-0.05539717014824548
1.043156985982772,1.3179286878901357
0.0132876182775745,0.13067816161444845
0.0380548431263585,-0.022937810318828813
-0.1342837631130963,-0.04389561042362264
-0.1661600987981053,-0.48966004009992453
-0.1085310091088712,0.03131000116323188
0.2056807968598641,0.1934031968663688
-0.1501072678775972,0.050099010987026786
-0.0080397142311004,0.09815078925878679
-0.2059023216341632,-0.7076789204404536
-0.2911944522071629,-1.0604627182118123
-0.0807934372244032,-0.0015082836581853387
-0.0864692595855829,0.10885947561303977
3.630334413902061,1.297800618235594
0.2475442866389892,-0.06985054971519272
-0.2433145907251874,-0.12042349359547899
-0.0959862950598841,-0.060301902567452
-0.0454198776602836,0.03615050416311812
0.3106663110799871,0.31897470961958524
-0.1366916877511725,0.05091026494334094
0.5521765657559115,0.4257616205552064
-0.1408843431983752,0.08013407429074038
-0.1018197791533188,-0.5045326734033502
-0.1538911494517169,0.07744601480883734
0.1974474145438135,0.12552580280794112
-0.1642108264720436,0.14523020588164678
-3.614285247907645,-0.4673394735785483
-0.1622621274613719,-0.36193155974220387
0.1199242808209498,0.17623287837778384
-0.1569870525578149,-0.006285701946626473
-0.2661692354328708,-0.9894776020322074
0.0263592091699883,0.012972840862734814
-0.0658299055449296,0.051439083656708705
-0.1174282906465628,0.006620503965878939
-0.0765279707226682,-0.3587045502126577
0.1729674207054287,0.07984249299947616
-0.4633094654445107,-0.9329597748815052
0.0504384555507504,-0.043303399141191884
-0.1891982044305945,-1.0528496060729096
-0.1625596781487913,-0.5023060598781428
-0.1145502473886717,-0.08345621923249208
-0.370879558265785,-0.4790709071855082
-0.1109337739084372,-0.0015318652234943206
0.1360917748194615,0.145507331429791
-0.123849423014766,0.07471714059024875
-0.1514488258902396,-0.07425940953320376
-0.1516620992153264,-0.23382065275038588
-0.657147398809646,-0.41175864267008155
-0.2671094726725005,-0.6139366225363561
-0.1544071333027332,0.049632276867501705
-0.0630779916728425,0.1661876156874429
-0.0157313135035839,0.009773062970313239
-0.4116766814194764,-0.6742163041640975
-0.279827327969273,-1.1604791935807923
2.36276160571066,0.94329777498166
-0.1748744927263811,-0.642698835511324
0.2635397860204955,-0.04019437664476475
0.542274262339518,0.22148219206134767
-0.1401315800912814,0.08963181089100589
-0.7096401559197075,-0.7143604902698589
-0.1212855565906049,0.10056881874751067
-0.1642108264720436,0.03749966066108864
0.0101917151714765,0.11099950739594533
-0.3344149795144609,-0.6449443285757542
-2.030765208061924,1.5866042567181111
0.1890661168571382,0.20093609018505298
0.3331976059077003,0.2517975334039825
-0.1307406740027842,-0.11300028924264122
-0.2934647811516347,-0.6185231451166794
-1.9328658720624248,-0.8697382906397727
-0.0549942446735866,0.024987929623425303
-0.2136076804760071,-0.8640948165904497
0.3951156680296602,0.27894952382988913
0.2267788032125319,0.7910592925273396
-0.0309723298318263,0.013604183936554666
-0.2090584228562131,-1.0858030912926437
-0.046222519206309,-0.03154089369370401
-0.0326349444628789,0.3808057510333174
-0.0565421962266356,0.09049539020782049
0.5313354046979718,0.2615450536048927
-0.1044598965243523,-0.18588470502682836
-0.6793691033267494,-0.8389823478785516
-0.605397658445048,-0.1221460731655559
-0.7002836487546114,1.3849140695952973
5.220711305812399,1.6566996926372577
4.04984992413238,2.556706496463911
-0.0041939145948587,0.11046157599446782
-0.1485593163245482,0.048435871581947544
1.899208593742268,0.8259311583739563
0.070045841889371,0.09652849188766727
0.0734857342294799,0.07329900073748735
0.3086453743301732,-0.10496623924822565
-0.1642108264720436,-0.007673582404204585
-0.1642108264720436,0.126987932576131
-0.0871572380536047,0.09551066851585244
-0.2033224023790815,-0.47473597011398727
-0.1767836329751415,-0.17854182432020693
-0.1129564306044213,0.05379280251700808
-0.2217946242454662,0.0924362977897121
0.5237676415497322,0.12550550405162222
-0.1404755693252923,0.057561061611188936
-0.1502792624946026,0.027523514068491316
-1.207289380763259,-0.8431089477527344
-0.108587767332483,0.08492376302350985
-0.1262344150372416,-0.17472612722199754
0.0304870799781189,0.044938678424988325
-0.1277479676668894,-0.0014949422828669581
-0.1517790555548901,-0.23127758420594863
-0.128871092515935,-0.2238250164295859
-0.0475296782955504,-0.3487579894396
-0.1986097498731324,-0.7546060893287082
-0.1292385876809366,-0.020096994765016526
-0.2108282474651991,-0.9792590087132096
0.2152092986419658,0.1409195549557949
-0.1257986953408278,-0.12245740643718922
0.1477186109290295,-0.027953905070330805
-0.1557991430696973,-0.22708564790064462
-0.1521712032816625,0.05136923976402318
-0.2517216876044135,-0.6834188913911333
0.2100494601318024,0.15813776799468804
0.0803655189096976,0.09764403168436273
-1.6743235637798417,-0.5953778264934109
-0.2068654914893937,-0.6445634619911658
-0.1200655414406463,-0.003967530073074169
-0.5903274901030311,-1.0062218882478258
-0.021799283591536,0.14239631234677952
-0.3465595194212152,-0.9793329263805131
-0.1646408130145572,-0.6341734755663119
-0.0682607627986066,-0.16693666508798022
0.0027844803324421,-0.009612882293433978
0.0136316075115854,0.23050674611829092
1.2560175239887093,0.11450425732202801
-0.029415205232537,0.07297103525101489
1.0522933400381012,0.5704027521879838
-0.1987955040594983,-0.9356652897666597
-0.1538085920355543,-0.24408481140728328
0.3531489814803318,0.1813076083636344
0.8357658767976075,0.29997741448306625
0.460129633257718,0.24604661112094012
-0.0817359677255931,-0.1477537505373201
-0.2175291577437312,0.004640031421164266
0.1278360332032002,0.13174734719408682
0.0077837905334003,0.2198520381624774
-0.1511736345030309,-0.10859249368020629
-0.7456902276440487,0.9922001242065327
-0.1642108264720436,-0.6375943144069726
0.0263592091699883,0.00311186680173179
0.2465123189369565,0.4344930434925452
-0.1398615485425829,-0.16969279590961567
-0.1574600377545799,-0.034732914699253506
-0.1133967368239552,-0.3276268142505596
-0.5463140676113379,-0.8895756794055474
-0.0967201387591074,-0.041085773219245975
0.583915879062706,0.05844034321270334
-0.1527445186716806,0.04790742288927221
-0.1378509314697892,-0.4380531979600846
-0.3039851185584677,0.5391669204781337
-0.0527583146525159,0.14206142863651394
-0.0295390413567809,0.10428557728582175
-0.092317076563768,0.0971810537274369
0.3414533475239616,0.05459356021517333
-0.1468737690778948,0.07895884771445275
-0.5977576575576662,-0.43709557210736727
-0.4269457902018296,-0.7035141744029626
3.992813069241034,1.5421834975797266
-1.0932110844574483,-0.551324158348047
-0.0874324294408134,-0.02595219911737596
-0.1587069987278694,0.06453526590425893
-0.1364623615951653,-0.013048481478841939
-0.1474700170835137,0.027154363203915698
-0.1404807291638025,-0.2712396640203119
-0.2882992094875712,-0.23054955249605635
-0.3044724366399832,-0.6430971132300857
-2.0325023536936784,0.5222891584296978
-0.1022927643500837,0.016598531852982996
-0.0823413887774522,0.22960668605699974
-0.3686780271681154,-0.742178928712988
-0.0961009581378877,0.03807846677124945
-0.2824571256632863,-0.5409064872128788
-0.1918159625014173,-0.8386867847697558
2.911396914819305,1.1841105046780531
-0.1506232517286135,0.09975911846727448
-0.1063059720802108,0.01698574257937733
-0.0945530065848388,-0.010829855415817498
-0.0748080245526138,0.011188154138482405
0.3239098965894064,0.25466422162188057
0.0042063024996871,-0.1988113799183385
-0.072193706374131,0.08167541511696103
-0.1155363498595029,0.08782120241642208
1.1174242616057228,0.21972656910939148
-0.1729481530159201,-0.07384081460383671
0.37773274540431,-0.2214564631158113
-0.1423331111889511,-0.029005169963368254
-0.3502402042251318,-0.5230314322050029
-0.1404526367096916,-0.20559871895589743
-1.7164966438695763,-0.7859762930032789
-0.0950689904358551,0.039177742564219624
-0.0627340024388316,0.05005236267436169
-0.1611149233659456,0.011860925764943214
-0.5936394184480879,0.08436872989105348
-0.1542351386857278,0.08797922464431213
-0.1032559342053142,-0.1410077105691622
-0.1227257248503305,-0.5001185596129674
-0.1411635477933141,0.04762409853277919
0.756665552436804,0.5924909500217735
-0.1524693272844719,-0.2613135594235269
-0.1411635477933141,-0.12650756177415046
-0.1383428360744248,-0.33066640673390363
-0.060440740878759,0.106912588754841
-0.1131284252214267,0.043817152825112914
-0.169026675748196,-0.5748605596762809
-0.2400260536480433,-0.728645102521743
-0.2487977791153209,-0.9072237269703466
-0.0921794808701636,-0.11749073135862936
-0.2069801545673973,-0.8715994964197498
-0.207094817645401,-0.9905467953009887
-0.6907436806647094,-0.7122572040961916
-0.1562990740897931,0.08229593182884587
0.0404283688410336,0.07655326788873046
-0.1043566997541491,0.09329310229442356
0.1778864667517844,0.2813299711701374
1.4123778303083585,0.5223893727790923
0.0469985632106416,0.09285104346935469
-0.0821693941604468,0.0846813458254404
-0.0326022654856479,0.08296561879736711
-0.2992151345135168,-0.9992529239492075
0.8705087894327072,0.6437712940176067
0.0052612028173205,0.050619419596992725
0.1069673530065397,0.1386858790569517
-0.1642108264720436,0.08688075193285258
0.3729788141902795,0.4172377048983653
0.0278211634145345,0.1350713319160905
-0.1239640860927697,0.12364400332122105
0.0417515807611954,0.12642035887514702
0.3940785404891173,0.6827046601631189
0.097152193529429,0.11106540048370889
-0.0775255395012998,0.11581623982792894
-0.0983254218511582,0.057257761758024654
-0.1417368631833322,0.04180294943794426
-0.0634907787536556,-0.1322647571918323
0.3921917595405676,0.16901290014840645
-0.0624760105133234,-0.09602149248216547
-0.1767320345900399,-0.5423772009777
0.1407700284020096,0.014943509748271973
-0.1213130757293258,-0.019667710690967212
-0.0987359156704111,-0.16196674975882008
2.081866877002049,2.8015031669623793
-0.1005590586106689,-0.1980242440763934
0.0055478605123295,0.12241032342105707
1.2595606130990216,0.5591146475517283
-0.105491864226385,-0.12380818111377503
0.2042016431536173,0.12575430977053592
0.1241668147070841,0.07945298896579447
-0.2825431229717891,-0.25515608227476083
-0.0967889366059095,-0.017114114550095982
1.8398704508753896,1.4047104703125306
-0.1323918223260364,0.06049916539338001
0.8354218875635969,0.9709488253816526
-0.1227601237737316,0.06823178376173955
0.084894710490841,0.10959018228348932
-0.5114094800362532,0.0396931230009614
-0.1364508952873649,-0.12317003850984573
-0.1623412449851944,-0.5353789368182498
-0.4315592591453056,-0.8375259893955036
-0.1225651965411254,-0.17880504765582894
-0.1723840106721423,-0.8782590083815802
-0.1131284252214267,0.2517716227311272
-0.1796215441557313,-0.8675317408874713
-0.0879552930765099,-0.37771974801825414
-0.1097515975742198,-0.028999382418132304
0.0108796936394983,0.17821235701092586
-0.3148093131220103,-0.6823331838267902
-0.1533178340616988,-0.021129173020898173
-0.2291387943915987,-0.6527004525638934
-0.1373796662191943,-0.03057663769903317
0.7879513732700941,0.6690029520827411
-0.4474257625640579,-0.6148764158349211
-0.1251680484118078,-0.21082866745618883
-0.1223542164775987,-0.3558656379726608
-0.2127993057760815,0.39233136153184145
-0.1513456291200364,-0.21131050168529286
-0.0128555635072529,0.4373513628339843
0.7447463254783266,0.15655724536774462
1.025131950120601,0.38744921238420404
1.9920856869252077,0.6175045492199153
-0.2188019179095715,-0.8417264397387441
-0.1512538986576335,0.07804596349915002
-0.0058037842100297,0.09528948888802474
-0.1499926047995935,0.0028034838107725
0.6785627968546318,1.233447418090622
0.2134893524719113,0.2259824893436544
1.0399234871830696,0.30630074214284236
-0.18463461392605,-0.47979044387837777
0.3208139934833083,0.12402685542714814
-0.1341702466658727,0.01921280816576055
1.3023012754248742,0.5835126108880085
-0.121384166837688,0.043919705519538714
1.3827087588749194,0.8506417238220925
-0.4112638943386633,-0.7020874194275595
-0.1413630615490404,-0.27699633329747403
-0.1418515262613359,0.08065936388757305
-0.0625620078218262,0.044451060568710975
-0.1646717720456182,-0.16463098692862782
-0.1360037092831507,0.05911354127821714
-0.017442086627398,-0.03474902482069801
-0.1302705553829693,0.047823916254428604
0.0220375577600315,0.08535642284848172
-0.1468600095085344,-0.1820865856545466
-0.1568150579408095,0.09968944859465645
0.0502091293947431,0.064082607476427
-0.1624324021322073,-0.4763276853393591
-0.1534324971397024,0.21677697925975375
1.6933310371867514,0.622267305170132
0.219165174833091,0.045074461266274075
-0.1342837631130963,0.07932575839175751
-0.0623900132048207,0.08005862154712792
-0.1632407768321329,-0.20353177073201695
-0.0789014964373434,-0.08318459190333624
-0.0875872245961183,-0.03459123756229108
-0.1385262969992306,-0.010275125642336826
-0.0591221154817173,0.10589501880779545
-0.1599539597011588,-0.36141338937893575
-0.1336003711681947,0.027358328289202767
-0.1509752673780846,0.05226359831736612
0.1877417583061964,0.3753841147668076
0.013746270589589,0.06761263979418708
1.6689078015719785,0.6205832588295326
-0.324372213827513,0.642803371158315
0.1680827735824741,0.2347153387500553
-0.0381387722070531,0.08533497940827062
-0.3417608696067634,-0.9381307152612287
-0.1148483713914811,0.04485214168253423
-0.2823711283547836,-0.5940615943216809
-0.2406572738924532,-0.434952266049876
-0.2307727432531504,-0.5702930653113039
-0.1968554047796769,-0.7281207728895198
1.0036326229949208,1.1463584612987805
-0.0936104760836489,-0.1505773194071085
-0.1542351386857278,-0.06001268058598451
-0.0343548906329334,-0.012626706373833604
0.0438080630651905,0.07747131274502406
-0.0802774533733869,0.10430574819160726
-0.5218403802422432,-1.0100498356314032
-0.4336415406418516,-1.1331230511200665
-0.1708154197650526,-0.5677123742866137
1.19947716022512,0.4120763739202071
0.0124276451925473,0.09685342887787901
0.2381327411964513,0.3622153458581299
0.8470372573653643,0.5771041350218261
-0.1400398496288785,-0.6289703552912752
-0.2405764364224607,-0.5742990874779151
0.0122556505755419,0.2564006057209124
0.0463105847426198,0.041276696322628655
3.384382111584276,1.0974786529973894
-0.1245603340983885,-0.3396541175856526
-0.1532398631686563,-0.29786782215999164
0.1133884853747429,-0.1709848871162668
-0.0114796065712093,0.10617082392936872
0.2139674975071864,0.12917613391022187
-0.6339854570529129,-0.6553283826551553
-0.1525891502009857,0.0600437642221879
-0.1770846235549011,-0.3043402608811128
0.2568319959572832,0.2542722232940185
-0.057216415125297,-0.01897987590550295
0.859501133944359,0.4186672872544689
0.0650923969196143,-0.11902120809720224
-0.0042558326569807,0.03899584851707579
0.0003880220021662,0.06369887561025858
-0.1807223097045662,-0.03282287169584942
-0.1789335656877096,-0.45871638267444204
-0.0501783953974342,0.11335327119908001
-0.2325958861934081,-0.668374454538059
-0.0279910898037319,-0.2180103925260155
-0.3461123334170011,-0.7190895170569594
-0.0579181531626792,-0.0504432482153267
0.2472002974049784,0.012014913532590633
-0.0979430204860161,-0.18031073759358862
0.2588099340528458,0.008718655831295337
-0.149533952487579,-0.000818309551612599
0.2932604558390362,0.11725727716159179
-0.3113464881663007,-0.7874602223801617
-0.6182766153664156,-0.5583902667633084
2.105774128765806,0.7175656650040118
0.8003349856944862,0.25914823514478624
0.2134893524719113,0.04346807042907359
-0.0513135598696701,0.09281830120183235
-0.2990907250738828,-0.685086703468495
-0.1535402804330258,-0.23240053356931678
-0.1256840322628241,0.21028306727354085
-0.1582483464158549,-0.5231893413858307
-0.1570558504046171,-0.08055578644900188
0.7884673571211104,0.11166327281991048
-0.0197835066802321,0.04710182718734115
-0.175280400022514,-0.45154967187152717
-0.0537902823545485,-0.08276970708501186
-0.0383107668240586,-0.04175115032941183
1.674497626624655,0.19291465101274238
6.560090719972794,2.292611744464847
-0.0366389791467657,0.13184184937038596
-0.0442686603571272,0.06551601834254328
-0.0266724644066902,0.0994994707765959
-0.0311127921023808,-0.41601594295865996
-0.1665146370352925,0.17336469881921257
-0.0600027279207852,0.15642628963968133
-0.0098628571713581,-0.030711415671756316
0.1520872742009678,0.17447711957232415
-0.4102777918678321,-0.22047316272176173
-0.5847892634354557,0.19671374211937845
-0.1016644106826239,-0.061118847771438306
-0.1406131650188967,-0.24571113676199313
0.0561142779119301,-0.0185825676646171
-0.1827174472618294,-0.550305859546635
-0.0925922679509767,-0.012401912648060856
-0.1543211359942305,-0.1135753689749199
-1.3095229811112952,0.36370457197436923
-0.1562761414741924,-0.24809206802876077
0.011946060264932,0.0661089579747959
-0.0930050550317898,0.02377024943275413
-0.1219001506887044,0.03673340210817042
0.3245978750574281,0.1550496260709492
0.3765402493930722,0.540901064999897
-0.1226018887260866,-0.23671344663270455
-0.0714266103822868,-0.19193783202968062
-0.07721594919069,-0.37044813247294184
0.1209562485229825,0.19070273514957586
-0.0438145945682328,0.04634703653541349
-0.1727520791525339,-0.12292003524322637
-0.1029807428181055,0.10290617024031212
-0.2721546481046603,-0.37119629672200316
0.7182935533828895,0.057901183143224046
-0.147699343239521,-0.5131326582911715
-0.1168435089487443,0.12483459121301477
-0.1134013233470753,-0.2049522199448105
-0.1525805504701354,0.061775289135133436
-0.1198878136697406,-0.09884596416991481
0.6451729085399749,0.009310570874714777
0.4014794688588616,0.5834277764596107
-0.1188042475826064,0.050028696853326
-0.0058037842100297,0.19502326878497533
0.0513557601747795,0.08743302671817985
0.0349589400202605,0.04748815548610135
0.2533921036171743,0.06838418405139282
-0.138411633921227,0.08052696600127632
-0.3117650084010139,-0.9291145971370355
-0.1920791142654357,-1.0883034152874371
-0.0310525939864288,-0.08788184451459619
-0.1485593163245482,0.06263770885884082
-1.7356396447422824,-0.3099807596506022
-0.0466903445645638,-0.3405461399770475
-0.8916448596348683,0.7198509146655434
-0.0682378301830058,-0.1314786121814439
-0.017155428932389,0.0831820023324569
-0.0630779916728425,0.06725068910446363
-0.1867128822148658,-0.9596561141007892
-0.046222519206309,-0.02717273387970681
-2.526384896424811,-0.30980205722015036
-0.0346415483279424,0.02785037052853174
-1.0236438484018662,0.49882203448350193
-0.0238815650880819,-0.13225049258202545
2.9715950307712107,1.2877110216771213
-0.3884574081237414,-0.7441898173944594
-0.3206571301001954,-0.5914546694408707
-0.082365468023833,0.07307866789285533
-0.1609429287489401,0.034233129260397226
0.0721097772934364,0.038164223479347316
0.8614561394243209,0.3763282717121228
-0.2199370823818074,-0.6902487344255351
-0.8956420145340749,-0.00853572818895585
-0.1487313109415536,0.10100747623338474
-0.1263720107308459,0.35964662936490244
-4.206634708874394,0.5144081386628331
0.0215433598938358,0.07723407971140653
0.0729697503784636,0.0636045800862044
-0.1521712032816625,0.004887203742138309
0.0251483670662699,-0.08881892688587736
2.683942633560456,1.1040110919818948
0.1369632142122891,0.08886567841181381
2.224794403733573,1.1284698431635842
-0.3945253782116935,-0.5284778998986956
3.003012714144205,0.8839871683275646
1.5500939201446178,0.28527233332192964
0.0127716344265582,0.07252968922472458
0.2583226159713304,0.18504967415175538
-0.144603440133423,-0.006700989441373567
-0.1616309072169619,0.07713266226721385
-0.1440599371436857,-0.1821797075768321
-0.0773535448842944,0.012151428414011844
0.0693578634213493,0.13985685644354184
0.0967623390642167,0.35216529259409235
0.7597442560812013,0.44643515844783627
-0.1276103719732851,-0.5510878471844222
0.5444413945137866,0.17027988453330012
-0.869870341121979,-0.3883399193447831
-0.0465665084403199,0.062040842255487054
-0.1309126686197896,-0.06731591641944515
-0.0940370227338224,0.008966932144777097
-0.1124404467534049,0.28163397408990487
-0.1053886674561817,0.03770190134485917
0.1632669243063217,0.43834123979736056
-0.0243792028466176,0.00743464694004238
0.0996289160143074,0.2729900590739203
0.3330256112906949,0.04783852380727161
-0.1373796662191943,0.06742040128918483
0.0576622294649791,-0.013740896285370535
0.1624482299293758,0.11991265514095001
-0.1564710687067986,0.02615857042470042
-0.080944792487368,-0.27192546943417606
-0.1556110956217714,0.04883534488107961
-0.2135216831675044,-0.8277907782143177
-0.0383107668240586,0.14587154030247262
-0.220934651160439,-0.6909948588001497
-0.4403653835359843,-0.6453135488798082
-0.115192360625492,-0.0014667434176423716
-0.2922006207166447,-0.5369183084183234
-4.600743174280669,-0.5905459313772725
-0.1032100689741128,-0.6501901035850715
-0.2938878879094681,-0.6361525391477416
-0.2081038527318329,-0.9747340859834145
1.5748886641321225,0.6111504154080453
0.7741367656322169,0.3281147145561225
-0.1059619828461999,0.01531006869528738
-0.5833651480066507,-0.18981554470581619
-1.1036454245557783,-0.9359382663081107
0.3483331322041794,0.0406032185974528
-0.6683580079460608,0.09850370761316851
-0.1043566997541491,-0.02036929820191561
-0.1645204167826534,-0.6421518693374677
-0.1470113647714992,0.11232240575995828
0.183562289112964,0.034691333291846906
-0.1131284252214267,0.00552225403691449
-0.2867569910884224,-0.6437766908362806
-0.050267832598277,0.09025904341701696
-0.1341691000350927,0.035490824488842325
0.6954182693211653,0.46524894190714905
0.5106960506573185,0.22168342941447533
1.2919987978662484,0.4981408669718931
-0.0855519549615538,-0.08647196276703725
0.3002434372894573,0.01598845879669481
0.4647161563778632,0.1073239982642521
-0.1171634189363744,0.051518399364672694
0.0524301532156734,0.06510911986996643
-0.1490924996372651,-0.22109580653321648
-1.0707944527077389,0.04557750661300821
-0.1366916877511725,0.006459995010490195
-0.545935679453926,-0.7359303971539096
-0.4769520784653824,-0.9755048248617678
-0.1607709341319347,0.04611458787972419
0.0232633060638903,0.07432354682368794
-0.2198453519194045,-0.1885406057954622
-0.1624908803019891,0.04846128184637497
0.0463105847426198,0.0616315535193191
-0.6834453757497784,0.2663919992746403
-0.1480433324735318,0.047831917166891426
-0.1403551730933885,-0.15604996855950615
-0.1506232517286135,-0.36585073035281385
2.007943590613109,1.258661654325246
-0.1826486494150272,-0.5118485196461141
1.4446268209968791,0.685806469922149
0.0936091044191168,0.0036104772295205007
-0.0654859163109187,0.10474737281496108
-0.1707236893026497,-0.35341573828870493
-0.0940370227338224,0.2703187216603734
-0.1078137915559585,-0.1930374022912733
-0.0768857195260395,0.3549841719430803
0.2854690996886896,-0.04755114224184018
-0.0770095556502835,0.12057937445023986
-0.2945827461621701,-0.6337353456298025
-0.0919730873297571,0.04508536948640946
0.5487068610155216,0.5134213955402863
-0.0942204836586282,0.010652282248340951
0.1460674626057773,-0.07361706509707888
-0.1559550848557823,0.043013200181714804
1.5641401472000622,1.0744924859242282
-0.0403747022281239,0.10216663311559945
0.0566302617629464,0.1340388712049197
-0.227504845530047,-0.36162687883342354
-0.0926885849364997,0.07056985130175003
-0.1372420705255899,-0.4996626726099823
-0.2363797677675279,-0.7383550866412169
-0.0475984761423525,0.04301298323961971
0.4947177507375128,-0.09813928916763465
-0.1816373210670352,-1.0686650800047144
0.3875479048814206,0.1956035469280295
0.3847959910093335,0.08022345648825024
-0.1456629269741765,-0.1489800663858957
0.0463105847426198,0.11559605963229957
-0.1301558923049657,0.02790523766686561
-0.1385922282690827,-0.30498541686226666
0.0586941971670117,0.06254680897773165
-0.1365196931341671,0.03564288469985063
0.697207013338022,0.18893824561332528
2.415020450141594,0.6296852982899349
-0.2327885201644542,-0.8541885796030819
0.1887221276231274,0.04191267822919189
-0.2127133084675788,-0.3413436466703479
-0.1174282906465628,0.03375868002949877
-0.0857812811175611,0.010631589576964792
-0.0445025730362546,0.4647725005646689
-0.1256840322628241,-0.0237456939261737
-0.4981727743115141,-0.46225879166232287
1.4786817551639573,1.2717930622005793
0.4683853748739793,0.264362668212943
-0.1349648617964379,-0.3050765709733703
-0.3128141755647472,0.0687165515354422
0.1371237425214942,0.12156668027203635
-0.1401315800912814,0.03660351776594498
-0.1490753001755645,0.0263222530846369
0.577945945906447,0.13261156466218377
-0.0655528795484728,0.07622694296670868
0.6159567562646503,0.09616784626921984
-0.1277479676668894,0.053341795635986546
-0.1549231171537496,0.0039846955817091426
0.0353201287159719,-0.20692587399248283
0.1191688804630619,0.10590725669306672
-0.4665876828446344,-0.3723403934187817
-0.605647623955096,-0.20676650391090579
1.850190127895716,0.560197488841087
-0.1361757039001562,0.046521516643595336
-0.1170843014125519,-0.13113989792600225
-0.1532203704453957,-0.2147368605781393
-0.1218313528419022,-0.23473602468709387
-0.1309814664665918,-0.25030712876324485
-0.5280138403619588,-0.8855463170262606
-0.0253538390096485,2.424715535447602
0.1222771671815842,0.06819714391807158
-0.0318403293323138,-0.10574891286809063
-0.011534644848651,0.09395892909422049
-0.235089808139987,-0.8179988196918757
-0.0795894749053651,0.3285623971546194
1.230665517442107,0.45242955304924726
-2.169599262908718,-0.8007412047457404
0.4338144568558851,0.25735085188314855
-0.2098237989018873,0.5404799730377611
-0.4539357588177139,-0.575913112338302
-0.1611149233659456,0.09699507027019583
-0.1207305872930673,-0.15095807653127985
-0.1327358115600473,0.10873550393179418
-0.2369542297883261,-0.19516934771909478
-0.0233472351445849,0.10468036122570468
-0.5049894942988299,-0.0707728011563683
-0.1040127105201382,0.06051172844464899
-0.1071086136262362,-0.008797214357475727
-0.2359899133023155,-0.8667855896981043
-0.0948969958188497,-0.04596582146714695
0.2541230807394475,-0.08436463484460188
-0.1050905434533723,-0.031130613688716252
0.0074827999536408,0.009779355971057384
-0.3092022886076329,-0.5856479276005
-0.1979217714051106,-0.5117913105126682
-0.1919134261177204,-0.2707049379794787
0.052983975882431,0.04240017515011956
4.733507887374978,3.4627819059127
-0.1109337739084372,0.044946799295432986
-0.1421955154953467,0.10096936605340062
-0.2489697737323263,-0.5332021687998231
-0.2221386134794771,-0.5262970512842341
-0.0990248666269803,0.03195005725489187
-0.1370356769851834,0.04930964733036471
-0.4710492232097556,-0.5350080251479257
-0.1332059301798622,-0.33059318775147545
-0.1437050549172645,0.046436575705254106
-0.051244762022868,-0.02372636524472726
-0.0999995027900112,-0.031670208169394046
-0.0545929239005739,0.0684067378118052
-0.1345176757922237,-0.22784082858367094
-0.1576291657946353,-0.2872639918667899
-0.0052878003590133,0.2538764278879289
2.9409799889442416,1.3885428263904827
-0.1593949771958911,0.026692343953683924
-0.1545791279197387,0.03527595563461531
0.0174154890857052,0.06367752817297556
-0.2593880609997361,-0.9822443445272819
-0.2173571631267257,-0.6427082998065289
0.0468093691319356,0.07911746191174562
-1.0947017044714955,-0.6348781217052283
-0.2025541597564572,-0.588012670415927
-0.1041847051371436,-0.07315021009974368
5.505935712346427,1.749127212649953
4.590725982752519,1.881153170563824
-0.006381686123168,0.15820443274271367
0.6806267322586972,0.21486293221226294
-0.7353585110005315,0.32425417684531105
-1.8954398434020403,-0.8697597419317269
-0.2910396570518579,-0.8923463559130859
-0.1263720107308459,0.018726168673513434
0.2227770617902053,-0.018865358168495577
0.267915329077114,0.9657383083027576
-0.1551295106941561,-0.20430902260638084
-0.1064206351582144,0.004162282974457497
0.2376700756767067,0.09654363519405373
0.2889949893373012,0.33399214563994983
-0.2033912002258837,-0.8963988503326639
-0.1200655414406463,-0.3828279148905811
-0.0747736256292127,-0.0012727331774971332
-1.4532531493888443,1.142027884204698
-0.8309943978402387,-0.36051691738789404
-0.1368292834447769,-0.4991400344724288
-0.2054895345533501,-0.6216321491465191
0.1078846576305687,-0.18227066641522555
-0.3499598529994129,-0.5540080686542076
0.3362935090137983,0.9374833363661089
-0.648364207034568,-0.9689019470884745
0.8594020650449636,0.3682360350290203
0.2862430754652141,0.3054308588076518
-0.2584180113598254,-0.8110601407583581
-0.076837561033278,0.07694653931228576
-0.1040127105201382,0.03731047661709285
-0.0090716819331331,0.10733634772933354
-0.8439559121777689,-0.5573457366107714
-0.6210285292385028,-0.49898546516041953
1.4917533460563708,0.7209693741577237
1.0844700929874798,0.4836052709200843
0.2900269570393339,0.1646719878933719
-0.9798780981586608,-0.5250556913729272
0.8963939792920267,1.1713298616788175
-0.5438602777420602,-0.5364464787881305
0.0209786442346679,-0.09737262664007282
-0.1243080753267806,-0.07223297247024202
-0.1620196150513942,-0.2698549173334297
0.1866581922190621,0.05545179414321135
-0.1642108264720436,0.038868294817932185
-0.1585350041108639,0.05777340880855266
-0.0946401505241215,0.056625908333439855
-0.1301558923049657,-0.011055671960130478
0.2183052017480637,0.20359766859562478
0.1137324746087538,-0.002401899606643214
-0.1221065442291109,-0.22622525115048914
0.2417652675076063,-0.05740818505443441
-0.124005364800851,-0.3796610219087194
0.0064078335973568,-0.07096439063088536
0.0267031984039991,0.04905681802369923
-0.4045217053520499,-0.6215467429180372
0.5220476953796779,0.11585164673549417
0.09054760023642,-0.04506501200480161
-0.1614589125999565,0.04139233512693096
-0.1411681343164342,-0.10412722214490946
-0.0359406810017236,0.02528579848341376
-0.11891891066061,-0.037238282056839316
-0.2404388407288563,-0.5471822310131245
-0.4849979866488971,-0.8548613412491588
-0.1411635477933141,0.020224609589380257
-0.046222519206309,0.10330601689097688
0.3287257458655588,0.1641450350074315
-0.1421955154953467,-0.013178136215493578
-0.1497632786435863,-0.014972057916344008
0.126597671960761,0.07764958610869821
-0.1920854207347259,-0.8934612425481339
0.1639549027743435,0.14062363620018076
-0.1774750513355034,-0.8896574856836669
-1.745168146524384,-0.9287041185978423
-0.1024475595053886,-0.2960918003612774
-0.0386547560580695,0.03719660378706096
-0.1170017439963893,-0.025283114555233036
-0.4527489959603764,-0.7752282848181828
-0.2426587179190066,-1.0305853664854485
-0.0646259432258915,0.05600850025851909
-0.0974769150739313,0.07869745046063234
-0.2340406409762538,-0.4502640660131728
-0.1430554885803739,-0.05511106373635064
-0.1695999911382142,-0.5435038126959232
-0.15714700755163,-0.5448064364339045
0.1683407655079823,-0.015107123208982103
3.094055198079087,1.0296433808352785
-0.0925234701041745,-0.06803481508449634
-1.3080186015278874,-0.3783908377321576
-0.1483873217075427,0.0964248530992865
-0.1881937558672827,-0.8821342592064
-0.1560697479337859,-0.003493680741317999
-0.2405970757765013,-0.6032717919353398
-0.3231338525850738,-0.8077470363277461
0.2004521605028986,-0.0711906253756931
-0.1451194239844393,0.059684349779473504
-0.1231385119311435,-0.35911956414587703
-0.2253721122791794,-0.7513014808853815
-0.1394436016232596,0.05352261210517525
0.1063539055392202,-0.03492450065148622
0.1357477855854506,-0.03916949255875323
0.1763385151987354,0.056850965621560966
-0.0269591221016993,-0.050293864814287347
0.5335713347190425,0.22967660415858
0.065401987230224,0.121857627857273
0.0849784145377837,0.5911723239808774
-0.1887028599336188,-0.47143752973742076
-0.130104293919864,0.11369386594112413
-0.1564194703216969,-0.03328740023503481
-1.454730009833531,0.2856223237949627
-0.1077965920942579,0.13115783691140687
-0.1487313109415536,0.015150870144610924
0.4805969926813658,0.284078925549045
-0.1642108264720436,0.0666751763899934
-0.043126616100211,2.0531227851495295
-0.1577896941038403,0.052879280130015076
-1.1433417821606349,-0.3366746616669809
-0.1495912840265808,0.1064268341306506
0.1613543441652211,-0.21162974939527224
-0.0623900132048207,0.25108851203802207
-0.9686296502065048,-0.8966103033662763
0.2245864451611026,0.18320992804402475
-0.2382373096311867,-0.8779844054542798
-0.4007894221630317,-0.4427618087103189
-0.1430038901952723,-0.06465053362075264
-0.1750487806049466,-0.9825034667005009
0.1256574347211313,0.6754760696644216
-0.138287797796983,-0.28255079857239235
-0.1177722798805737,0.09267172056243878
-0.1934499113629691,-0.4462716849062859
-0.6580417708180742,-0.9364342337765375
-0.046222519206309,0.0914675474471281
-0.2129713003930869,-0.8734896805298904
-0.052414325418505,-0.3238400754060473
-0.0762871782588606,-0.159398889319177
-0.1642108264720436,0.07943960987762383
-1.0237057664639884,0.0009741495692827673
0.6826906676627624,0.15589765223113938
0.490744675084687,0.6420602553745585
0.0294551122760863,0.09297886706009045
-0.1215561614546935,0.07065026219478257
-0.0293670467397755,0.26507387761741796
13.60089504068488,4.892230665262339
-0.1360381082065518,-0.14029185712999565
-0.1115804736683777,-0.055921540920020885
0.0607581325710771,0.0777016475696593
0.0538783478908593,-0.02708667196942085
-0.2678891816029252,-0.737730966459445
-0.0637659701408643,0.09150445606141097
-0.1433238001829025,-0.21762544909495857
-0.0087276926991222,-0.0029783593445915704
-0.4879734935230913,-0.8497779285511347
-0.1485455567551877,-0.22532744282386302
1.12334087643071,1.077088268069448
-2.427763183033889,-0.9553842450515864
-0.1568150579408095,0.0782138681281544
-0.1642108264720436,0.48993451095420226
2.128133428976513,0.8716762407883593
-0.0379908568364285,-0.19156616761553746
-0.1100325221153287,-0.052652044289544855
5.130557460732046,4.539823973401888
-0.5146773777593566,-0.29843774775944304
-0.0574021693116629,0.04944809586267398
-0.0279910898037319,0.28085776402264173
-0.1019487751160728,0.038245546559238085
-0.0197835066802321,0.06733603539943944
0.066949938783273,0.03589796245665653
-0.0986808773929694,-0.02306434530378533
-0.1480433324735318,0.047180494324070836
0.3779162063291157,0.3538575553663385
-0.7306567514869927,-0.9313771640618828
-0.127069162245108,-0.36335099708236723
0.2597559044463758,0.20777920492184876
0.1825303214109314,-0.03243810675051907
-0.1511392355796298,0.027507642998432134
-0.0393427345260912,0.060599328175329946
-1.5649521868260798,-0.39374796754765007
-0.1561844110117895,-0.027758584233091396
0.0362477530170212,0.13321297475929889
0.0566302617629464,0.022169905007309414
-0.1561970239503699,-0.18725444247535106
-0.2119393326910543,-0.6036159120056238
-0.1451194239844393,-0.007452762665775145
-0.1736590640995426,-0.5278548343889281
0.0535343586568484,0.10509363273554465
0.0765415052582766,-0.1217906325492362
-0.121384166837688,0.10149913350492348
-0.1333102735808455,0.2505734493314483
-0.0461938534368081,-0.039082238332454874
-0.229749375281968,-0.6403190761919945
-0.1033247320521164,-0.027828636527503205
-0.1538911494517169,0.047021470111763074
-0.1548199203835464,-0.28271834311504196
-1.2965373875273838,-0.2531931651343597
-0.1141603929234594,0.07740647507820442
-0.1062486405412089,0.0196205585315775
-0.2646556828032229,-0.7719481561419194
-0.0779383265821129,-0.0678017384384052
-0.303709927171259,-0.548076585514389
-0.4526973975752748,-0.8687282780658474
-0.0456377375084905,0.10448350194717249
0.1281800224372111,0.22356676797893993
-0.0899091519256918,0.04509606626629659
-0.1642108264720436,0.09318256872269756
-0.2623337554736493,-0.8597590419430815
-2.559597056968562,2.3135545167865144
-0.1562990740897931,0.16217993730021701
0.1174647577977719,0.13615731152858296
-0.1464953809204828,0.10553604773493136
-0.0224872620595577,0.10692564215657674
-0.1601655130800755,-0.31456283792116946
-0.1564137371677968,0.007130882103543387
-0.1318758384750201,-0.08438720666075958
-0.1520106749724574,-0.34731705776440386
-0.0273031113357102,0.027757536517610197
-0.0855519549615538,-0.01152814812417463
1.8256860548109504,0.8758948763618922
-0.1036687212861273,0.02590121295027841
-0.1636948426210272,0.0767657491947677
-0.1036687212861273,0.03230819422142448
3.675397003557488,1.636436469901025
-0.1129564306044213,0.028789927513363518
-0.0121675850392311,0.318522987295209
-0.0233472351445849,0.1048056687078574
-0.1284359461349112,0.5795446940594524
0.926579034576482,0.3714134967068088
-0.1119244629023886,0.0205371654761239
-0.1237978246296644,0.10122636624656078
-1.3645956574764382,-0.6983195858376426
-0.1268306630428604,0.019431980273759142
-0.0785575072033325,-0.11033528169794851
-0.1262000161138405,0.02477351578834157
-0.1928066514953687,-1.0999893329329158
0.2633333924800889,0.2665485707688625
-0.1088285597962906,0.02141129800237984
0.0796775404416759,0.016211632319555143
-0.141507537027325,0.002081853069976776
-0.056427533148632,0.10848702042574337
0.197493853090405,0.08529875420910873
3.7968252031633303,1.4665679845399213
0.0082240967529342,-0.016282094163480594
-0.0825133833944577,0.5777535869554575
-0.0010911317040805,-0.09610972772657864
-0.1490753001755645,0.07115882443307806
-0.1108924952003559,0.04613502905099189
0.3534585717909416,0.355178479896047
0.9878928222773626,0.9598917640607374
-0.083029367245474,-0.027118804969694425
-0.2214506350114553,-0.8514109692900346
0.5752181112807407,0.18654569299710066
-0.1797132746181343,-0.22393023925248623
-0.1095165382643124,0.00265642339342554
-0.147699343239521,0.04910999584346689
0.0420795171642858,0.1449242296174574
-0.0844328433202384,0.018129525867758664
-0.081606971762839,-0.11971477306929396
-0.0782135179693216,0.03232216398611042
12.615126812726048,2.3457543172390727
-0.0142315204432964,0.12692783462909019
-0.1311878600069983,0.03256396425489629
-0.1559550848557823,0.061292384963869316
0.6090769715844324,0.802808908712646
-0.255529648424914,-0.553376751507941
-0.1539375879983084,0.009885536971260225
-0.1172562960295574,0.22244437611871476
0.1106365715026558,0.2738159112373035
-7.878169399166206,0.6835387469120169
-0.2947891397025766,-0.7955257915296586
-0.0689258086510276,0.03448964429916384
-0.0742003102391946,0.08228364525359352
-0.1794151506153248,-0.22910673997365147
-0.1179786734209802,-0.10741718157499103
0.082429454313763,0.10862797695281853
-0.0137728681312819,0.08981929279112322
-0.1133004198384321,0.012048771064954222
-0.0372787991220259,-0.00017123591116349063
-0.0744296363952018,0.02650634764850554
-0.5331392799487209,-0.6886407306949865
-0.1254432397990165,-0.07297468931590845
-0.1142532700166423,0.07907514579033037
0.1307599416922928,0.10622211279347915
-0.1315318492410092,0.0555869189640801
1.125705802414535,0.8770327112521005
1.0583269112026523,0.73742316460868
-0.1040127105201382,-0.04210814605530852
0.4609322748037434,0.18292789779007881
-0.1672207322696388,-0.643609263218688
-0.7527764058646729,-0.3933428733289947
-0.1494192894095754,0.04624685777372637
0.4168374415266677,0.4047755567483417
0.0139755967455963,0.19140691072899468
0.2871030485502414,0.17663180834323672
-1.2044342701209687,-0.5946382661823517
0.4190917176402191,0.7997545504269317
0.4882220873686071,0.277441924030086
0.699324840388749,0.3661558625529484
-0.1989881380305443,-0.5256912820525456
-0.3727141675138432,-0.5086392530213673
-0.1534324971397024,0.1876575499152356
-0.130671876155982,-0.01778031099609556
-0.0833733564794849,-0.008077028863650578
-0.0317749713778517,0.12722461823527187
-0.1480433324735318,0.034081466984012536
-0.2160568838221646,-0.6449914052362643
-3.2874610766739005,-0.22209840702784214
-0.1816373210670352,-1.061566748984927
-0.0192766958754561,-0.04127081255479857
-0.1347997469641127,-0.035510751801773696
1.1498280474495484,0.9904155580924544
-0.1270599891988677,0.07115552703593317
-0.1642108264720436,0.10866916698686963
-0.0473576836785449,0.004417074954962574
0.1458954679887718,-0.03698200370611412
0.0249832522339447,0.08455665747835772
0.2527041251491526,0.3847396696848356
-0.0308805993694234,-0.15567379199149217
-0.0940370227338224,-0.08831902973045858
-0.2127993057760815,0.0689503988009963
1.915129562123072,1.1930977917699586
-0.8304491749043315,-0.06905420897801812
-0.1729825519393212,-0.6898059504184442
-0.1115546744758269,-0.1396624051835054
-0.079078650892859,-0.03892962367062436
-0.1686826865141851,-0.5992559571275003
-0.1583630094938585,0.022936016458918518
-0.1697146542162178,-0.489610105937533
-0.2001233025027803,-0.5146180968997166
-0.0839627247004236,-0.2409830314852902
0.430718553749787,0.2587380374917373
-0.1325638169430419,0.30043277403372287
0.14583813644977,0.003857484614769237
-0.1523431978986679,0.09033672280981947
0.1553838376935721,0.11574438464390957
-0.1487313109415536,-0.6476182514315375
0.0009040058531826,0.10701069118369855
-0.3479010774338577,-0.5093888178246702
-0.1573310417918258,0.042082451746808615
-0.186340800526744,-0.3248846417724347
-0.1287799353689221,0.06359696098007558
-0.0340682329379243,0.3900141376402215
-0.3534049051780319,-0.8724113903019708
-0.0638949661036184,-0.044060393451568425
2.228096700380078,0.9435363184787832
-0.1174282906465628,0.08601965718103768
0.1632669243063217,0.016966864793834614
-0.0018479080189045,-0.12721725722800387
-0.1920223560418238,-0.03296548556462546
-0.1099081126756948,0.8664873650366749
-0.2474562211026784,-0.5312874793942438
-0.0558542177586139,-0.10077136753102417
0.02704718763801,0.11240418033728056
0.6132048423925631,0.0019078754148712865
-1.3213046123761678,0.7877833826290249
-0.0846346503375248,-0.1403610526391179
-0.1200454754019957,-0.16402620947973978
-0.1578470256428421,0.10249528544531733
-0.0690978032680331,0.06223038655094277
4.699796942441911,3.053861315774724
0.8057356166684569,1.201231909346078
-0.0887395885300548,-0.06685823849823563
-1.0003626570440096,-0.44172752042983887
8.264729369113748,2.862697539666229
-4.833768361184324,0.4292488986414449
0.7014036819929549,0.32670432205269245
-0.0754616040972345,0.01682516480821812
-0.1533751656007006,0.05487862688683972
-0.1516552194306462,0.04440671228558398
0.0398607866049156,0.08780660453325193
-0.0462431585603497,-0.20499010512997257
-0.1417368631833322,0.016577048565755592
8.799460633383674,3.8863702933885538
-0.2753881469043626,-0.6977774375941008
-0.5208588642945322,-0.2872485740510895
-0.1603122818199202,0.06547174694415991
-0.0589501208647119,0.5501228907400357
0.124544056233716,0.2185284960307382
-0.0488597700003925,0.021342560873416322
0.0705618257403874,-0.10409004308048539
-0.1444887770554193,-0.0007630011724947261
-0.1556110956217714,0.06958609802919621
-0.116740312178541,0.13875378136452204
-0.0501783953974342,0.3194097974795771
1.0203917784759315,0.23632157000958914
-0.0744296363952018,0.12695668888423017
-0.1368499227988175,0.2854116467216751
-0.3633117951175455,-0.7360129828536519
-0.1592229825788857,-0.14169232448435373
-0.1160523337105193,0.046474897965680766
-0.0546502554395758,0.0822286894933506
-0.0224872620595577,0.04765480117810237
0.6269300128295976,0.15316061107673606
-0.1354877254321344,0.08027963846672878
2.928500059534327,1.3082409047890045
-0.1463233863034774,0.24879797698314343
-2.737938275341507,-0.9069289551132232
0.2119414009188623,0.24731389443077606
-2.8684821896486388,-0.02642480287859279
-0.1501072678775972,0.24084888298359325
0.2306888141724557,0.13958985479110403
1.1463881551094393,0.5873090914137696
0.137467731755505,0.12080536582029006
-0.1644688183975517,0.054844204459578626
-0.1642108264720436,0.2899580513153396
-0.264311693569212,-0.703219455713825
-0.1324262212494375,-0.27310647844726277
-0.0506943792484505,-0.0289127507889669
0.2953587901665026,0.13974569877628054
0.5733020912473,0.6761590340117136
-0.1119244629023886,0.03238911604757675
4.759995058393817,2.478456783455827
-0.1181162691145846,-0.0981808142650635
-0.2389252880992084,-0.47273695839930135
-0.2276080423002502,-0.04540231763941793
0.6592351884263401,0.3476140539800967
-0.1528591817496843,0.09080332796118395
-0.0899091519256918,0.02060854024778877
0.1020368406523836,0.0718606880125558
-0.3333388665273968,-0.2453191400792762
-0.1895284340952449,-0.7383602693106367
-0.1435714724313903,0.1290519709540694
0.97485792356991,0.6718977056160281
-0.1323058250175337,-0.10971515500607709
0.3164797291347712,1.730920364191157
-0.1453877355869678,-0.19123595500827334
-0.469260479192899,-0.5869992362115346
0.4859288258085346,0.24677662705067083
0.4869607935105672,0.2747171351704909
0.0220593437448522,0.00847122124635586
-0.7235373209737473,-0.9964661825742942
-0.0369692088114161,-0.003827257687939553
-0.1518272140476516,0.08284183802089745
-0.2549322537885151,-0.7347688045484749
0.0973929859932366,-0.17184958436949346
-0.2910740559752591,-1.0841695250615817
0.3689724862448327,0.19103042691156744
-0.1599682925859093,0.0003479213745152393
-0.1642108264720436,-0.00038247413364731614
-0.7976670009030937,0.3900290320299806
0.073141744995469,-0.03989808641758138
-0.2412644148904824,-0.8708213164321351
-1.2319534088418398,-0.8612748549210321
0.4180907089692474,0.14628321311603157
-0.3504809966889394,-0.5902525163691247
-0.0663286899342454,-0.19779709008453436
-0.0775255395012998,0.006870813820971135
0.0777282681156142,0.04488469847575718
-0.0262711436336775,0.0960095637372465
0.0800215296756868,0.03626707648135632
0.0996289160143074,0.21733100021111573
0.0922331474830733,0.23109575847066133
-0.1637567606831492,0.06109473576629811
-0.1513685617356371,0.03909572153421197
-0.147699343239521,0.020057491193504695
-0.0269591221016993,0.0805558314517146
1.3335182984113625,1.2848268019838711
0.4015138677822627,-0.09337701007473309
-0.0948625968954486,-0.16349035457443073
0.2269049325983359,0.04267584353627799
0.8392917664462191,0.5154852970952737
1.1665115252990763,0.45473408549033406
-0.1029807428181055,0.03726255133717921
0.0174154890857052,0.6802602341343565
-0.4417894989647895,0.3217178180883259
0.1659775594703275,0.1321633277361372
-0.1747884954178784,-0.5807128517895672
2.1666602231857333,0.9514620389911658
0.9848852097413276,0.5922102343530612
1.123942857590229,0.19702231572828188
-0.0938994270402181,0.004496694081437137
-0.1215561614546935,0.05588066638829226
-0.1567577264018076,0.04650336244258898
-0.4230053935262349,-0.6079026090568433
-0.186972594086544,-0.6207635574407283
-0.0598032141650588,0.04374028578791538
-0.1064206351582144,-0.008476569436486357
0.2210571156201509,-0.04560923239375788
0.2425564427458313,0.1999930036872261
-0.1299838976879602,0.05706956832490983
-0.041262194451872,-0.14295970375544245
0.0015919843212043,-0.07586446905198997
0.3486771214381902,0.9417198996623869
-0.1230100892837795,0.21306632588656899
-0.0879816655844508,0.013047504992900597
0.0690138741873384,0.0374260436911984
0.2104794466743161,0.19864897806477205
-0.1358317146661453,0.10180133447844925
0.2989775569082972,0.22049121669575594
-0.1569870525578149,0.02140965353081123
-0.1883588706996079,-0.7440027708004135
1.7898200173268053,0.6232047356617542
-0.0083837034651113,-0.01827513917307773
-0.0231752405275795,0.016194421497646015
-0.1603122818199202,0.0785304605622727
-0.4194508381081224,-0.23037337463602506
-0.1490753001755645,0.05088855015388719
-0.2296146461653137,-0.8233209891374927
-0.3572231856755528,-0.6910002674418715
-0.0025014875635251,0.006420437358568509
1.994871999720696,0.7792875298552349
0.248548735202301,0.3373298149000758
-0.1425395047293576,0.36252597094501454
-0.0465665084403199,-0.024357775655101083
1.341774040027624,0.5125209827788846
-0.1533751656007006,0.0340523387226175
-0.2944680830841665,-0.783402707138347
-0.115192360625492,0.01778425234457772
-0.1237576925523631,-0.5472490064523446
1.3383341476875148,0.846245329873598
-0.1522858663596661,-0.17417895783967588
0.011911661341531,0.09906723306416726
-0.743144707312368,-0.6574827268713066
-0.127575973049884,0.05443344059176144
0.1140718773196445,0.13382941351648606
-0.161917564911971,-0.0503978800650622
-0.0162954558473617,0.13188695200851736
-0.1513112301966353,0.11071350546586717
-0.1665040880321162,-0.21133019460782737
0.0291180028267556,-0.22104155888743626
0.0557129571389174,0.09936022939942502
0.2738594630408221,0.19695166435990208
-0.1275186415108822,0.006272329717475322
0.0091597474694439,0.08894751944537357
-0.1968382053179763,-0.8416971901593594
-0.1466673755374883,0.06589198314195252
-0.2118648016903519,-0.6129671786314262
-0.1249960537948023,-0.03986588339804305
0.3872039156474098,-0.08748543389553738
0.0663078255464527,-0.1560960513781643
0.0444599226636412,-0.09685877978241801
0.2133173578549058,0.0067149337216639154
-0.3128141755647472,-0.7702576405742831
-0.1435714724313903,0.01554682067335747
-0.1749088916497822,-0.7225087709260679
-0.1463921841502796,-0.24706611763943442
0.8544702913969497,0.3565320001899122
-0.1406819628656988,-0.16714979831189647
0.2930540622986297,0.15115342052193548
0.0463105847426198,0.07118288624327657
-0.0754616040972345,0.20117906342660308
-0.4473827639098066,-0.6853016726347549
-0.1984446350408071,-0.06820694896073906
-0.2010365939190792,-0.2571673511105178
0.7450673820967367,0.38086270801806826
-0.4046593010456542,-0.6276362484307395
0.2950148009324917,0.1412193427819981
-0.1111401674488438,0.07215459320589446
0.334229573609733,0.11302593607593314
0.2551120497872288,0.31347798961739987
0.3551441190375949,0.12222561623092859
-0.1011461335700474,0.030002882786528927
-0.0517263469504832,-0.13445423550369223
-0.1449474293674338,-0.012692625903729889
-0.1887200593953193,-0.5357187040033057
-0.1425395047293576,0.38973171558047387
-0.0658299055449296,-0.3151393894061638
-0.1463233863034774,0.026764738183471457
-0.2502769328215677,-0.47944606868991235
-0.1817026790214972,-0.11452588009898576
0.2114254170678459,0.9007258916810916
-0.1256840322628241,0.11318961021815577
0.0291489618578165,-0.09310545289252349
-0.0101311687738866,0.04345386155164801
-0.5755531525022635,-0.4590330974408636
-0.1487152581106331,-0.045515039680084766
-0.1995557202666623,-0.582294191795438
-0.3250945912189358,-0.6841886845347775
-0.2420211912053064,-0.47550172201995217
-0.1522142019359139,-0.15416471069986365
0.5443553972052838,0.6568980860063062
-0.1969586015498801,-0.5604382594243774
-0.0090716819331331,0.08005105805617535
-0.1642108264720436,0.4888814352363404
-0.4847399947233889,-0.36476513411725875
-0.0833699165871448,-0.4049676591866689
-0.0072227398003246,-0.23086223784055965
0.0310030638291352,0.3756226958420413
1.016026555096333,0.3380578923976121
-0.1618063417263075,-0.4995975106800086
-0.135315730815129,0.0076365441390532154
1.801687645900181,0.7371176004910939
-0.1264866738088495,0.5494079335370012
-0.1332517954110637,0.06754093143934767
0.687223299136246,0.3838614402492362
-0.1644172200124501,-0.584245013913045
0.6345321749012381,0.5789506970756088
-0.2023248336004499,-0.7542098641467584
-0.1917299651929146,-0.5455090558736696
1.1762005553903832,1.2798357847884438
-0.0176714127834053,0.00981430380455807
-0.0751176148632236,-0.08411004039904074
-0.1642108264720436,0.11869808442438357
-0.7684279160121683,-0.41620111094563667
-0.0443030592805282,0.9444075675215087
0.0679819064853057,0.11645279306394246
-0.1840590052744718,-0.815192716734872
0.0438682611811424,0.22581242658043937
1.013264321547226,0.8865153483846361
0.8569212146892774,0.6315685342089146
-5.718967896687732,1.181174482050006
0.0586941971670117,0.1300691529010365
2.0782549900449347,0.5739068816684691
-0.3817037528293276,-0.9308427168145693
0.2747194361258494,0.1069169021391409
-0.15714758086702,-0.22262225283289205
-0.3553312448884929,-0.7434012641459595
0.3956316518806765,0.9910778913153574
-0.1542351386857278,0.11126158632828781
0.1979066401712181,0.2758349695991119
-0.1248240591777969,0.08419068378965977
1.7597851706745349,0.8869669359631243
0.3256298427594608,0.29822196464843564
-0.0685886992016969,-0.10934217382397926
-0.023760022225398,-0.015030798104656344
3.1745486788376347,0.6123490226780738
-0.8263660226966222,-0.06286533663349002
0.0160395321496616,0.12030981842355554
0.1174016931048699,2.3070274624008213
-0.239353554695552,-0.14831871013370695
0.2960467686345244,0.4172099453488448
-0.1926243372013429,-0.5274729661241275
0.0169568367736907,-0.020725825953996906
-0.147699343239521,0.10797999225078397
-0.3013593340721846,-0.3372665290782349
-0.1742518722128214,-0.8347625581989341
-0.176704515451319,-1.0420085121814802
0.0979089698442529,0.1424687131662999
0.146721042150398,-0.17163215246692745
-0.1129564306044213,0.048525602889956006
-0.154588300965979,-0.13339787663735314
0.0045158928102969,-0.046288919935916
-0.1069079532397298,-0.07756629583079498
0.9570220817864457,0.2767186044149336
-0.0630779916728425,0.03606597206406085
-0.1729825519393212,-0.6574790522413828
-0.0902531411597027,0.027089962409201772
0.0500944663167395,0.609017461578338
1.8770293145640256,1.1824222362543435
-0.2060399173277675,-0.28309884360121357
-0.192280347967332,-0.28125293267058155
-3.0267653957864096,1.215995647460934
-0.1301558923049657,0.07545319515427332
-0.1084845705622797,0.035825373281228194
-0.0961009581378877,0.013790031542143658
0.0039999089592805,0.2622925804192675
-0.08922117345767,0.07517028223773375
-0.4470387746757957,0.7804843863945637
-0.9150705264710098,0.4844796578813342
0.3755598800761412,-0.07700829863322968
-0.1157496231845897,0.029384001156759466
-0.1174282906465628,-0.037435339002821234
-0.5584224886485212,-0.7868777217243125
-0.3001783043687472,-0.9859149735645392
-0.1245144688671871,-0.27480155098188774
-0.4013570043991497,-0.7344170581943812
0.0101917151714765,0.2670010670636966
-0.2129884998547875,-0.7108886059541075
0.5516307695046142,0.5998087697973038
-0.0809654318414087,0.024362673847462046
0.3930517326255948,0.22792566162915134
0.650355679665739,0.32960494182853617
0.2128185734655901,0.05587960610131489
-1.011946494499326,-0.4558891466850495
-0.1241704796331762,-0.0779329337225637
-0.1006416160268315,-0.10935254743535519
-0.1313598546240038,-0.10659450231889273
-0.1143667864638659,0.06498605053559439
-0.0149194989113182,0.12221223132528214
0.5117280183593512,0.33937637686643335
-0.1471059618108522,-0.29580558913148086
0.0659179710812404,-0.011451726797563157
-0.7269772133138562,-0.9692245269923251
-0.200398493889989,-0.730619814734564
-0.3925852789318721,0.6776340974722025
-0.1614589125999565,0.06290674984719949
1.1230656850435012,0.7025567777522674
-0.1529738448276879,0.004014870885691753
-0.3716156952265684,0.22528955519087163
-0.1053886674561817,0.02691504240643231
-0.0066637572950569,0.08592504180007099
0.0564066687608393,-0.0067918078710311365
-0.1082552444062725,0.013470561254379704
3.1084339480607417,1.721619847588391
-0.162834869536,0.028892466017724668
-0.1086221662558841,-0.47704369730153523
-0.1219001506887044,-0.5219438999554982
-0.4521298153391568,-0.8144333571218924
-0.0850933026495393,0.647046775368931
-0.1064206351582144,0.022877214935948076
-0.2522376714554298,-0.7839080859765895
-0.2421140682984894,-0.2852076295334574
-0.5202396836733126,-0.6111061280552924
-0.1546479257665409,-0.5298823210860824
0.5332273454850317,0.23043965043700448
-0.6691870220000271,-0.5137772128023692
0.1292899610322863,-0.1078883945579962
-0.0747736256292127,-0.10636597193938668
-0.0888771842236591,0.1513869662754892
-0.2941905984353977,-0.16706042371564067
-0.1304654826155755,-0.2143808155032103
-0.2217430258603646,-0.6419855791333865
-0.2125757127739744,0.08519947962936028
-0.1006874812580329,0.040945184129363064
0.3703484431808762,0.007283687636065031
-0.1538911494517169,-0.06848468602378553
0.2571759851912941,0.042166951024938094
0.1247171974815015,0.08233524172617518
0.0635100464431642,-0.024518046635697455
0.0331357970800027,0.15514649125996963
-0.2266448724450197,-0.7325209678121105
-0.0393840132341725,-0.007824351503339412
-0.0403747022281239,-0.048405901323808155
1.8132370844320964,0.6537187368040035
-0.1516896183540473,-0.032589600608065324
0.2603865513753957,-0.005468687180935676
0.8625970370504568,0.48185593004120897
-0.0618912288155049,-0.10286317184469909
-0.1925039409694391,-0.21179081274853997
0.9077043453063048,-0.07723705451130272
-0.1486040349249696,-0.2850294485175942
2.716699008369143,1.1896262378969762
1.3657844885615835,0.5431590077665636
-0.0654859163109187,0.1052955280818691
-0.1863637331423447,-0.8665199709232412
-0.0730536794591583,0.2954310258826292
-1.0794801808665138,-0.40032026042033403
-0.0940370227338224,-0.07005389199202808
-0.0853226288055466,0.016544660747700717
-0.1744846382611688,-0.492465323586374
-0.1081405813282688,0.05683316538159217
-0.1184877774873163,-0.1401696505067664
1.0207460873869627,1.806565214759929
-0.1012607966480511,-0.0069099230105292425
-0.4883518816805033,-0.8795021642107456
-0.1080259182502652,0.04040467736421865
0.1871741760700784,0.01620709400083399
-0.1166824073241492,-0.2951578833393064
-0.2886202661059814,-0.5843368746409843
-0.1519785693106164,-0.24202042245595823
1.1658871848393466,0.5690710715948297
0.0155808798376471,-0.02594301410223143
-0.0018479080189045,0.09484561243026349
-0.0083837034651113,-0.028112952985994186
-0.1544071333027332,0.040716559193238265
-0.1642108264720436,0.004980160478201726
-0.0730536794591583,0.06603543422361358
0.0984249536952693,0.15011705249210766
-0.1619714565586327,-0.563316981138832
0.0934371098021114,0.02027014465055612
-0.1268306630428604,0.023483394229822825
-0.021799283591536,0.1149423636493449
-0.0572301746946574,-0.06196690200233397
-0.0197353481874706,0.0873352927756092
11.24212818409499,3.894309754037824
-0.0028110778741349,-0.09774661499897577
0.9153420529321264,0.4026898240556986
-0.0692697978850385,-0.022392448578878617
-0.1545791279197387,0.1401049286898366
-0.0840613349475067,0.01570826897229742
-0.0318529422708942,-0.027894310291540908
-0.0173274235493944,0.07992011591499065
-0.027234313488908,-0.018818922978883563
-0.3890937882066616,-0.5921447408321253
0.3407309701325388,-0.020670539731295373
-0.1200082099016445,0.04328407468152314
-0.1429247726714498,-0.23677019926214055
-0.148112130320334,-0.23623267177286578
0.1625462668610689,0.14548715390810762
0.1976486482457099,0.015661719637916065
-0.1293956760978016,-0.14297545900163625
0.0168284141263266,-0.28540577764725744
-0.1420235208783413,0.022746238078664133
-0.1511231827487093,-0.025191828184932208
-0.1285460226897947,0.09773634033149006
-0.4119518728066851,-0.7788604516452317
0.8429896507118364,0.4697544821128953
3.535049396081045,1.5933781005819008
-0.0331509283138953,0.0816237373614517
-0.1958664357318955,-0.5503326862444409
0.1424555756486629,0.06397955382889398
-0.0873292326706101,0.08060607914852938
0.3744763139890069,0.37555493620165775
-0.0919730873297571,0.06847902612937867
-0.1197674174378368,-0.5202149682675673
-0.1411635477933141,0.01854024969985909
-0.1432016840048286,-0.25070271406883154
0.1463908124857475,0.09142070520778744
4.00278875702735,2.4917027460618044
0.0758936588675561,0.2041369706916859
0.756665552436804,0.575355986115038
0.3307896812696241,0.3880052361762794
2.339858802510215,1.2766613407049865
0.0545663263588811,0.015248529568742217
-0.5291146059107936,-0.12717030545800476
-0.1146763767744757,0.01014174320019718
-0.378997704188442,-0.6418049474425097
1.0924162442931311,0.7812245692721063
0.0021286075262613,-0.15826019608793612
-0.156643063323804,0.03809819523483066
-0.647919887607304,0.9408635463867541
-0.2070718850298002,-0.9352940927118601
-0.1684212546963368,-0.6037372633342931
0.9915929998045396,0.6135185607714365
0.1577630965621475,0.14291810521600137
-0.4105071180238393,-0.714265888088158
-0.5577345101804994,-0.8968422469304942
-0.1711222581617903,0.526172737187401
-0.2638645075649978,-0.8821858121397385
-0.1124060478300038,-0.22644555278842882
-0.0940370227338224,0.0734649596722941
-0.0623900132048207,0.2504800257721342
-0.2935129396443962,-0.5298627603553516
-0.0981648935419531,-0.0024465348956261915
0.127767235356398,-0.12015627952761676
-0.1421955154953467,-0.01557915319842991
-0.7717302126586727,-0.9121326250054408
-0.1456010089120545,-0.14631012926097803
0.0419677206632323,-0.3427364604331304
2.476594523029543,0.7781142278823246
-0.0365908206540041,0.0037769919690984824
-0.2648276774202283,-0.6115738994391507
-0.1345933534237061,0.028105743262004955
-0.1277479676668894,-0.0561946401004824
1.8957257027479075,1.594598748486454
-0.1642108264720436,-0.1947401344568615
-0.1642108264720436,-0.023668796849110205
-0.0392739366792891,0.04956272868101982
2.4001085168472223,2.059065831508867
-0.1589821901150781,-0.5112327761127182
-0.2549311071577351,-0.1653002170834068
-0.1609429287489401,0.0640254169578206
-0.2106424932788332,-0.15341591949598166
-0.1050630243146514,0.0742067811301026
-0.1583630094938585,0.017791516710923834
-0.1644860178592523,-0.42995382027648277
-0.135315730815129,-0.008239743735538589
-0.1710734116905608,-0.12646738730780058
-0.1463784245809191,0.06376552693542192
-0.0656579109279242,-0.05925590539941961
-0.2137452761696114,-0.5123830565612214
-0.3168503159104749,-0.9109410934858437
0.4936685835737796,0.3742977478550439
-0.088524939248032,1.4004198616665875
-0.0979928989249476,-0.10132620381776289
-0.1966375449314699,-0.5186120740023409
-0.0893931680746754,-0.024438370741757656
-0.1614589125999565,0.06656625595599813
-0.1478713378565264,0.012720248837278028
-0.0747140008286508,-0.2515679037967084
-0.0429546214832056,-0.021081475554366978
-0.3861251611171476,-0.4982538222507716
0.0466545739766307,0.14417586389445583
-0.4529209905773818,0.05774110541824328
0.2769553661469202,0.16247680940669718
-0.3381661821113496,0.07492249583359181
0.1006608837163401,-0.004645821192141752
-0.1091725490303015,0.005984353715210319
-0.1360037092831507,-0.06012323327809577
0.1298999686072655,0.12769339900683763
-0.1308954691580891,-0.03792229821240193
0.5320233831659935,0.2991865948801927
-0.1680119075078639,-0.08892972095728982
-0.1528591817496843,0.0005947428531515656
0.0229193168298794,0.1365454400175165
-0.144603440133423,0.034064822263215354
0.529195791662424,0.5061417728687471
-0.1297431052241526,-0.6406168879676991
0.0506448490911569,1.285741104266152
0.022781721136275,-0.03357926871094533
0.3325440263630796,-0.23897588727496677
-0.2107869687571178,-0.47359284905926813
-0.0007127435466685,-0.10212637663073867
-0.3678524530064892,-0.7693325428910884
0.1051327437584816,0.1359460281621518
-0.3727542995911444,-0.5351042740614352
-0.084577318798523,0.10339836439916084
-0.1120391259803922,-0.10521413545119204
-0.3014464780114674,-0.28191031614483597
-0.1499926047995935,0.0029467784942123557
-0.2989858083575095,-0.4547434119715782
-0.2407048590698247,-1.1767778548636867
-0.1551088713401155,0.0790188383356421
-0.2644836881862174,-0.6070767775480864
-0.1571017156358186,-0.13369502146662826
-0.1473553540055101,0.059721338012703344
-0.0854372918835502,0.08225141804425726
-0.1466673755374883,0.07905217818616816
-0.0630779916728425,0.04030903267372978
-0.136863682368178,-0.03678825860745512
-0.0299449486529138,-0.10052673577481167
-0.2273213846052411,-0.5357506123130374
-0.3074479435141773,-0.6250237307632857
0.0820854650797521,0.08884089605532464
-0.1485593163245482,-0.0652151721007483
-0.1123831152144031,0.0010660400279503546
-0.1751152851901887,-0.8626746719149185
-0.1076486767236333,-0.22766943863864653
-0.7883792915847997,-0.4874380136693046
0.0432353209905624,-0.03371549483765873
-0.0852962562976058,-0.30685222720066346
-0.2173674828037461,-0.5788609186735793
-0.0042558326569807,0.146656112072373
-0.6901015674278891,-0.894398387062679
-0.1518272140476516,0.03758623795031584
-0.2106952382947149,-0.6333511375535911
-0.1016644106826239,-0.11743012729021954
0.4510225182872797,0.10042012878730905
0.2341287065125646,0.10640584990045232
-0.1493504915627732,-0.13799998015498538
-0.1555422977749692,-0.12422764460698404
0.1140718773196445,0.08477248643056731
-0.2216570285518618,0.021390011352452873
-0.7272352052393645,1.342353692137759
-0.0563071369167282,0.020093771144193584
0.1472897710172959,0.023942394194944316
1.2396092375263903,0.4158063280693012
-0.1075110810300289,0.12758753857878882
-0.0758055933312454,-0.04061710686813244
-0.0744296363952018,0.06446725987416735
-0.0909411196277244,0.05472321915221557
-0.1413355424103195,0.11947462574805595
-0.0932114485721963,-0.5282884702227705
0.037596190814344,0.05920642984768933
-0.1287799353689221,0.07901610698435818
-0.2737473182581306,-0.20480867006021103
0.3569328630544516,0.288361317562499
1.0572949435006196,0.4603926422959469
-0.0724987101616207,0.09286400417078444
-0.2068620515970536,-0.04598344634254241
-0.0247919899274307,-0.34861821856367536
0.0283629464581017,-0.3127854908686907
2.474186598391467,1.4102100585427222
0.5094347567992786,0.14558745946729781
-0.0871572380536047,0.03723923620351321
0.1825303214109314,0.10302048120829477
-0.4212854473561805,-0.44408432379959223
-0.448345933765037,-0.46739853409451815
-0.0936347846561857,0.2749956462380198
-0.1040127105201382,-0.02241248702745973
-0.1375516608361998,0.05836021179735958
-0.1610002602879419,0.013521206608967239
-0.1621468910679782,0.0584926173189499
-0.1642108264720436,0.058891238972494715
-0.0912851088617353,0.37923620605518904
-0.0531252365021275,-0.18263132520761455
0.3413409777075181,-0.20036921545438513
0.7713814118677897,0.37218862344808995
-0.1621468910679782,0.01614720304549014
-0.1458647339914629,-0.0027254839172012116
0.5688990290519608,0.06164549651663564
-0.064041161528073,-0.002862889447689018
-0.1571590471748204,0.07984812796134577
-0.1385262969992306,0.0056526067209762415
-0.1126124413704104,-0.15729764405763938
-0.3320638130999965,0.33536008300839704
-0.1434063575990651,-0.2495080826919172
0.3146221872711123,0.19533655927003424
0.8220063074371721,0.37573105869854295
-0.7719366061990793,0.9019923605290746
-0.0266609980988898,0.00877742009519445
-0.3506678975060853,-0.36256425992759606
-0.018703380485438,0.26903249621943953
-0.1289175310625265,-0.28346540147243054
-0.4132315127572055,0.1252156684952225
-0.2745281738193353,-0.8882890196002262
0.8477788981538918,0.37730675822100324
0.6228915792223098,0.345711447773491
-0.1060766459242035,-0.0605240823240603
-0.1332517954110637,-0.012185104520937556
0.2610974624590182,0.09865971089823009
-0.1900100190228602,0.037429432677492706
-0.0641099593748752,0.24975857872771812
-0.1126296408321109,-0.2560353287260127
-0.1930027253587549,-0.7018142271763831
0.0875892928239263,0.10928316284628442
-0.0696137871190494,0.22926944455568388
-0.2478690081834915,-0.947663419210944
-0.919129599432338,-0.8203681539945
0.1179520758792874,1.5527614842818727
-0.0897440370933665,-0.4216838588211784
0.2152436975653669,0.14972188192808886
0.3235659073553955,0.14245738689943183
-0.2193179017605878,0.15155684892964
-0.08922117345767,0.10725596793762743
-0.1719695036451592,-0.13967325456355187
0.3158605485135516,0.4350906357832379
0.0236072952979011,0.008477735187685895
-0.3358614542434767,0.007171371685556559
-0.1040127105201382,-0.005400687983291769
-0.1028660797401019,0.07759002466742485
-0.1909273236468892,-0.48893510674524154
-0.142424841651354,0.09784886854505867
-0.1564710687067986,0.07824786822363594
-0.1146763767744757,0.027104987813863467
0.2695297852154051,0.12789371818900303
-1.3232825504717305,-0.574384493075479
-0.1084845705622797,0.05963996377704011
0.2291236631577062,0.11760507384481395
-0.3004305631403552,-0.23814019518904478
-0.1825454526448239,-0.08885760309911618
0.183562289112964,0.022474878219995928
-0.2433856818335496,0.3752952256226999
-0.2071458427151125,-0.2631095616838801
-0.1491492578608768,-0.39928214547188523
-0.764317244665738,-0.3624590567224894
-0.1036687212861273,-0.011943272702720192
-0.095791367827278,-0.13415089358616683
-0.1298119030709548,0.10485273588695973
-0.396059570195382,-0.7799132422234015
0.3026513619275335,0.6584786480593683
-0.0599820885667445,0.008007857215261212
-0.0713681322125049,0.2648331676590274
-0.1420235208783413,0.02218031757156036
-0.1238264903991653,-0.39228916819741927
-0.3495063605259085,-1.0597655046269336
-0.0376227883560368,0.08258084874544508
-0.1171989644905556,0.07134963335485853
-0.1501072678775972,0.042825056726812534
0.0680782234708288,0.05781529075625914
-0.0832013618624794,0.06849387032902726
-0.1263720107308459,0.10572471063956596
-0.1540975429921235,-0.24225604095635955
-0.1631788587700109,0.08805563811731498
-0.0018479080189045,0.623105661850173
0.0702178365063765,0.15174569378201896
2.340833438673246,1.6052941595433368
-0.238374905324791,-0.7360368395836233
-0.1948258682990126,-0.5974015690808797
0.0041375046528849,-0.11151325244248025
-0.138411633921227,-0.051398522805425485
-0.162834869536,0.020373991737361333
0.1407356294786085,0.12757866040616395
0.1149364369277919,0.1324139999514728
-0.225991292900399,-0.7607419239783964
-0.0015985158242466,-0.06110143089537677
-0.1804700509329582,-0.6891719147150992
-0.1456354078354556,0.07213563840011514
-0.165426255098882,-0.4564022123373544
-0.3991382738397794,-0.018235398576660358
-0.0869852434365992,-0.06356221391048456
-0.3771401623247832,-0.4346881898021758
-0.3081445217130494,-0.3250728237178837
0.2936388439964482,0.1769459851647385
-0.1511736345030309,-0.043965508192531165
-0.1642108264720436,1.1385588186660331
-0.1642108264720436,0.6446480799396319
-0.2506209220555787,-0.9928789359769251
-0.6521939538398892,-0.4456693129674957
0.6613633351540874,0.6214365196514364
-0.1547511225367442,0.03638332601275467
-0.1902783306253886,-0.19723493820243193
-0.1972337929370888,-0.5877051017660938
-0.1818689404846025,-0.5268389074641857
1.223372945681076,0.22309183513988684
-0.1201251662412082,-0.3856287862706791
0.2379469870100855,0.22575724024781868
-0.2845382605290522,-0.5842368906789803
-0.0245511974636231,0.0030924355841860027
-0.4340703805535852,-0.5267380841916178
-0.4942340975820895,-0.9909379237467548
-0.1459793970694665,0.05466018832475849
-0.0957569689038769,0.08364182829352829
-0.1408195585593032,0.08848462455507344
-0.1614589125999565,0.048883346987743624
-0.1208681829866717,-0.004736914766738969
0.2279369003003686,0.09475093815537819
0.5051922229131444,0.2037264890705685
-0.0429546214832056,0.07604918601979327
-0.0875012272876156,0.03940130301040239
0.0297991015100972,0.1019055671594617
-0.2458509380106276,-0.64888504342748
0.6496677011977173,0.2770829707203405
1.7779523887534296,0.7925481640194355
0.004171903576286,0.08472326781015549
-0.1288945984469257,0.01654778318258781
-0.1157083444765084,-0.0009750881651577059
-0.1560582816259855,-0.06745955009083823
-0.1501072678775972,0.05274360630174776
-0.132219827709031,0.03274787925321734
0.386171947945377,0.260605969424727
0.8820324287720722,0.38048941175926454
-0.0527583146525159,0.01174768354757575
-0.1528591817496843,0.07872701023044593
-0.121226505105433,-0.12932992624007866
-0.0681862317979042,-0.11745159669252175
-0.1060233275929318,-0.17545953101561218
-0.2700150350691125,-0.27476229650836803
0.0400259014372409,0.13790257350618979
-0.0223152674425523,-0.07031505714679467
-0.036934809888015,0.03492042003488156
-0.2688552180351058,-1.1188781810532664
-0.0759603884865503,-0.14909863326134287
0.4585816817046689,0.1759336461220073
-0.1729825519393212,-0.0681502456618941
-0.0840613349475067,-0.026914022662450507
-0.032921602157888,-0.0405849295555
0.8122026142678619,0.2509782887490429
-0.1549231171537496,0.013399258557961563
0.0709631465134001,-0.08997169909933031
-0.1418801920308368,0.07090263081714179
-0.1556065090986512,-0.3355389521057983
-0.1729710856315209,-0.2349198400692799
-0.126028021496835,0.09026006268582226
0.2132600263159041,0.09937171597084415
0.0922331474830733,0.21312354023229363
-0.1390399875886869,0.03778652618693528
0.9843692258903112,1.2490592710541006
0.1329958717133635,-0.049681361815770375
-0.1663664923385118,-0.5221421176204436
-0.1782283877579873,-0.034696993492120284
0.8402377368397491,0.4217605006464511
2.106049320153015,0.9822742294650683
-0.1775232098282649,-0.7290834201106579
0.0504384555507504,-0.16129543070954955
-0.7097777516133118,-0.905962738559524
0.1605150104342346,0.3398592502584713
-0.1647268103230599,0.001465291865537094
0.6190388998013878,0.4368381943836864
-0.1642108264720436,0.9212195128486779
-0.1577896941038403,-0.003379607378865647
0.5901919626372348,0.3333873009335887
-0.1219001506887044,0.043393722298174474
0.1484753872438535,0.2457230086212428
-0.0668618732469623,0.04276319110231854
-0.188267140237205,-0.8245841938331321
-0.1091725490303015,-0.054113845077298176
-0.1754592744241996,-0.1426498888254072
0.0690138741873384,-0.01172762918540584
0.4322665053028361,0.32534405264511973
-0.2134700847824027,-0.28231540535926375
-0.109631201342316,-0.2638328882068667
-0.1050446782221708,-0.0028873298346089663
-0.0936930334998115,0.06229804473607888
-0.2258089786063733,-0.1668989257201111
-2.779526573733423,0.7043826999637882
-0.109000554413296,-0.3540296780541261
-0.0812819019366987,-0.007551160164482526
-0.0931770496487952,0.08301642594989683
0.2427456368245374,0.01002865060848579
-0.0073517357630787,0.0828423314093795
0.6220969640917446,0.20150596370572887
0.4755059520180046,-0.01582741671023396
-0.0565421962266356,0.1054858656801344
-0.1869829137635644,-0.4765002585843707
-0.1686597538985844,-0.48638356464130234
-0.2739204595059161,-0.5185836294770937
-0.8104977993316999,-0.23675026980825564
-0.2775621588633114,-1.0136818440465785
-0.1038980474421345,-0.01777593521854185
-0.1151063633169893,0.07709392634017895
0.0445906385725653,0.07482689656436028
-0.1591541847320835,-0.24607540668968847
-0.1877396900783883,-0.15608033477276775
-0.0410764402655061,-0.2226218408744418
-0.1580190202598476,0.06337865025965952
0.1277259566483167,0.04537673276351064
0.5003763736369918,0.697386785710581
-0.1126124413704104,0.016865005195046877
-0.0162524571931104,0.024742139549614926
-0.1075351602764097,-0.15563604666345054
-0.0996555135560003,0.11255520904594093
-0.1366240365351504,0.03051424395025997
-0.1507952463456189,0.041871903643222
-1.793894221522026,0.3529150612595183
-0.1642108264720436,0.0372382415204622
-0.1642108264720436,0.08567707051920997
-0.5297681854554143,-0.7319676822458007
-0.0667242775533579,0.12468232470533885
-0.0679247999800559,-0.23554890287072908
-0.1618751395731096,0.08058267419343254
-0.0766311674928715,-0.1269156314083647
-0.1610002602879419,0.05736354706825902
-0.1811006978619782,-0.06206367087428449
-0.1540058125297206,0.02411690023864293
0.1920897822240939,0.4871714314066955
-0.1298119030709548,0.03567735275374329
-0.0837173457134958,0.04973135273091279
-0.1601976187419166,0.021415717541628278
0.1969778692393887,0.7649846766491865
-0.2251313198153718,-0.7056765438194722
-0.0978209043079422,0.13724728681595624
-0.0054597949760188,-0.03341852517593966
-0.0231752405275795,0.02236523141367064
-0.1571590471748204,0.05870611634899612
-0.126469474347149,-0.25446772581828875
-0.0831738427237586,-0.13041846726051717
-0.0579181531626792,0.08582715865227208
0.0090634304839208,0.04652258304698453
-0.0623900132048207,0.03620884408577136
-0.2096174053614808,-0.6713320865103253
-0.0967889366059095,0.06324110546031822
1.387868597385083,0.052390747877037784
-0.4296673183582458,-0.7513282699737139
-0.1757390523345285,-0.9023345054286527
-0.1119244629023886,-0.11716647912180558
0.0229193168298794,0.1454983842188719
0.05863915888957,-0.08287774532261366
-0.2076910656510198,-0.7302481594373355
0.2938177183981338,0.15647932457864872
-0.1018341120380692,0.04949057966871357
-0.4184188704060898,-0.5759417422139902
-0.4883776808730541,-0.5257504745903224
0.5134995629145073,0.12713684202101083
-0.2955459160174006,-0.8530342498579337
-0.198755945297587,-0.17189722755673845
0.615383440874632,0.4203076608442256
-0.1495912840265808,0.041079124067774385
0.7583682991451577,0.3680930634843654
-0.5480684127047935,-0.5384930577248125
-0.154808454075746,0.038276402816396916
-0.2231705811815098,-0.44792956758407854
-0.3851860705082979,-0.3613110350810958
-0.0472544869083417,0.07367575904761794
-0.4643070342231423,0.32059469860721146
-0.2223679396354843,-0.6987857584564802
-0.1181162691145846,0.03304633215399085
0.1137324746087538,0.08735358676131222
0.1041007760564489,0.07877403290140209
-0.2151349926750154,-0.583490509120884
-0.4184188704060898,-0.9248478284811517
0.1274920439691893,0.11360409847480302
-0.1382396393042215,0.10285901929648694
-0.1714105211398915,-0.29618387985320654
-0.0752552105568279,-0.05640689296652956
-0.2338445671128676,-0.31152233204133023
0.2717955276367568,0.07997639072632379
0.3476451537361576,0.2469510672104508
0.0101630494019756,-0.05208750525267003
2.4729683031876784,0.5271294561799793
0.0033119304912588,0.0758425667892263
-0.0393427345260912,0.1943193498786228
-0.0114796065712093,-0.06669703520649926
0.1479295909925562,-0.008305933485970515
0.7798676262708382,0.5396417126168993
-0.0396867237601021,-0.051759260319246506
-0.608874242970118,-0.655402293725036
-0.1292959192199385,0.0471017225229985
-0.0998229216498855,0.017624325121537922
0.2854690996886896,-0.040011880054214244
-0.1642108264720436,-0.06656600458717124
-0.0090716819331331,0.06195127835834328
0.0561555566200114,-0.05420993528589839
-0.3109795663166891,-0.5111700648948891
-0.20548437471484,-0.21029168190354552
-0.1491612974840672,0.010871509459435692
0.9922809782725616,0.4189940387482878
-0.0303990144418082,0.06504419692029326
0.0513557601747795,0.08719693022908806
1.046975266480293,0.42214751850765675
-1.5462735714192886,-0.5514268357258472
-0.1889780513208275,-0.10887460154417539
-0.1339397738790854,0.42020849908540137
-0.1044140312931509,-0.2512074078080573
-0.1009168074140402,0.07204289685940196
0.4563457516835982,0.05743863532018725
-0.1557934099157971,-0.16315092638409984
-0.0582621423966901,0.004039035622003168
-0.0922826776403669,-0.07290575349879735
-3.1004272503575008,-0.7740072073860275
-0.0067841535269607,-0.006201556784369261
-0.3144997228114005,-0.8482997845462519
4.150790124960534,1.6021639474884652
-0.3660178437584312,-0.7619066439875145
-0.2043027716960126,-0.4864150707843149
0.6785627968546318,0.08013410061006587
-0.1554391010047659,-0.024399504417233105
0.1227908577710405,0.41746271570843074
-0.1227027922347297,0.05737792008150002
-0.183181832727744,-0.8308148722047626
-0.1495798177187805,-0.48505034069642194
-0.1373796662191943,0.004939381019875476
0.7016754334878234,0.38442853331750815
-0.0933490442658006,0.05382195210697271
-0.1507264484988168,-0.26386053518576236
-1.7958205612324871,-0.11958286481862582
-0.1323849425413562,-0.20146223890110065
-0.2916519578883974,-0.40643283334919744
-0.1939314962905843,-0.723753282157254
0.1616616412142709,0.08875191834257701
-0.164382821089049,-0.29436929677920676
0.1023808298863945,0.10193383619766122
-0.081606971762839,-0.135567400407803
-0.0101896469436685,0.10672035068383631
-0.0884873297584468,-0.012265880950014067
-0.1571590471748204,0.05492930525078057
-0.0469104976743308,0.17076274394512045
1.4652661750375329,0.639557213253507
-0.4019005073888869,-0.5436787325350615
0.4095632158581174,0.6079566832027676
-0.0473129650781235,0.01246717832781135
-0.1642108264720436,0.11120019169789347
-0.0928880986922261,-0.3786055547797972
0.1680827735824741,0.05728028324761383
1.0142962892492586,1.6238795003489448
-0.1437365872637155,-0.20230783657879586
-0.1870861105337676,-0.8778232323111748
-0.1002288289460184,0.028440484427164146
-0.1166027164849367,-0.09399776735150973
0.2895109731883176,0.22496383675502502
-0.6298346536291815,-0.8483578817309041
-1.3434231201230675,-0.7479583443929616
0.1263912784203545,-0.09239656671563756
-0.0498344061634233,-0.13818979301055803
-0.1338746452507794,-0.44783033063083844
-0.1355083647861751,-0.34551829894846725
0.7344667805353012,0.24361723206195363
-0.1274039784328786,0.09447187976800886
-0.5280482392853598,-0.49800694720360134
0.5622944357589517,0.29239717845123936
-0.1525392717620541,-0.31346399454650714
-0.1371319939707065,0.0442696854241774
-0.0478507349139605,-0.330011525898263
-0.2126445106207766,-0.7170614815564075
0.2937506404975017,0.4294255778603665
-1.2629468388262208,-1.0181505207781005
-0.0967889366059095,0.13212005947561317
-0.2218359029535475,-0.3054060040745776
-0.1660511688740018,-0.07163144166837354
-0.1278030059443312,0.005670365643209406
0.8732607033047943,0.4615694159111157
-0.0823413887774522,0.043856000318910134
-0.4674029373292402,-0.9501895954889655
-0.0782135179693216,-0.03290544010896862
-1.0502582954372888,-0.6932089918443558
-0.0716777225231147,0.053171402637957464
-0.5263626920387063,0.12208588802406936
-0.0895651626916809,0.06316061356035244
-0.1080769433199768,-0.1454992456497188
-0.1360037092831507,-0.4102866925453451
-0.0909927180128261,-0.09455134855363309
0.490744675084687,0.8534433247623706
-0.264311693569212,-0.6570663068747105
-0.2681643729901339,-0.4836435290234863
0.5086321152532531,0.25313247712651216
4.8398473432201685,1.5919408506848114
-0.2240649531899381,-0.7985929344910098
-0.1569870525578149,0.03274571535868972
-0.1321510298622288,-0.4889709801576313
-0.0816534103094305,-0.10747537081447917
-0.1623188856849837,-0.10767256635535155
-0.033838906781917,0.11959535123507714
0.0112236828735092,-0.05981187162555064
-0.0879277739377891,-0.09710261683194334
0.4271066667926727,0.2639106220852437
-0.2494651182293021,-0.2512204998372721
-0.1407335612508005,-0.11828128926362011
-0.7085221909091721,-0.5300309702854702
-0.1468577162469743,0.031333910218233806
0.2659821095819728,0.07422118302816219
-0.155820929054518,-0.47556959816586175
-0.209875397286989,-0.881898698307287
-1.0790501943239998,0.2163275665610918
0.1247401300971022,0.1827388305178906
0.1041007760564489,0.026900096372831243
-0.1766861693588385,-0.20293498901500323
0.3593407876925278,0.16981382480730123
0.0370228754243258,-0.02906893007219156
-0.0663458893959459,0.06391314739223164
-0.0886421249137517,0.01832249778200047
0.2100494601318024,-0.010221576674038092
-0.3752826204611244,-0.04153772385115513
-0.1463233863034774,0.06545383445707392
-0.1944818790650017,-0.843195077262613
-0.2054293364373982,-0.08840386462559291
-0.109062472475418,0.07013170185477124
0.1920553833006929,-0.027745602249470543
-0.0988528720099749,-0.08697078216380491
-1.1106066200213789,-0.17130838636771178
-0.4240602938438683,-1.0631644646421687
-0.7963942407372535,-0.6572499020989228
-0.3095634773033443,-0.541747065446877
-0.08922117345767,0.05380853194115889
-0.2634861194075859,-0.9403158879080281
-0.1573310417918258,0.02484369715921398
-0.2226201984070923,-0.4642701665686855
0.1627509404553054,0.05922095368820412
-0.1606814969310919,-0.25012500824704553
0.3450652344810759,0.3211802197407871
-0.1574657709084801,-0.3285918764366236
-0.033331522661751,0.038818966994091784
1.0782782867752836,0.4186206729417662
-0.1953991836890307,-0.48353532497195345
0.5284688277478811,0.2796250948187623
-0.1337104477230782,-0.020223191605892345
-0.1166027164849367,0.047348558847898785
-0.1335957846450745,0.04233469891762475
-0.1081405813282688,0.09770425657277629
-0.0494330853904106,-0.09770229935905012
-0.1298119030709548,0.10535371020187367
0.1935379768992798,-0.019101929015909354
-0.1642108264720436,0.024386087541707333
-0.1122684521363995,-0.04087506335942588
-0.1528333825571335,-0.16469390212015733
0.3984386040302053,-0.06508474883896566
0.7863174244085424,0.12664871640081027
-0.1248160327623366,0.01166426198511411
-0.2316395961228578,-1.0312854137059853
-0.7173455147615514,-0.31684064042018145
-2.04486876665637,0.35063363084151083
-0.0603398373701158,-0.17523761786850944
-1.5248602416021109,-0.3793716740472665
-0.1544329324952841,-0.2569731563906236
-0.2060055184043664,-0.18785132725132592
-0.0266151328676884,-0.02273963706534068
-0.1532031709836951,0.05504071028379728
-1.225486411242435,-0.8451999203067487
-0.1334237900280691,0.07585875544946219
-0.461142333270242,-0.5312251206451306
1.6228132442145191,0.6001527382457861
-0.1406475639422978,0.03768273299120433
-0.1426564610689213,-0.24904678317695572
0.4309937451369958,0.21927526460380176
-0.0534462931205376,0.06902063382252474
-0.1073379397822434,-0.012838955843643494
-0.0852652972665448,0.10742034101031714
-0.11828826373159,-0.1258930523131749
-0.128050678192819,0.05123956759271845
-0.138411633921227,-0.0013933674875068747
-0.1316465123190129,0.008415261871817778
-0.1177906259730543,-0.10829879666250525
1.1291886934088948,0.44104491884533165
-0.1112364844343668,0.0358573803715135
0.58814522669487,0.1755017395091983
-0.1184602583485955,-0.04275866369468956
-0.2078286613446242,-0.8093382295119839
5.334686405348007,1.8364837882974634
-0.1917643641163157,-0.8332761014132977
-0.1139883983064539,0.10995052421984133
0.0081277797674112,0.13194351082249614
2.2237624360315404,0.3744493521707041
-0.2003296960431868,-0.9594590907230462
-0.0724803640691401,-0.06598737948537181
-0.1074526028602471,0.1387718301152429
-0.1499926047995935,0.008253969312737704
0.177714472134779,-0.07320410484087572
0.0188596705531609,0.06519402053806916
-0.1557486913153757,-0.4893428737463607
0.2535640982341798,0.10137173448933082
-1.6595320267173732,-0.6488489414115877
2.7541938348763297,1.9645398637623297
0.3227839051634107,0.1452870033681763
-0.1913137382197614,-0.5668022156863547
-0.2825660555873898,-0.3898224054778718
-0.1642108264720436,0.33694682963484973
-0.1621468910679782,0.01550929964789615
1.0607348358407285,1.1573674049479707
-0.738500852653221,-0.607934696768978
-0.242227584745713,-0.6447809530069479
-0.1321372702928684,-0.43639735592938955
0.4401782576850865,0.18491272735130887
0.096962999450723,0.02963398070297623
-0.1143323875404648,-0.019722119043639904
0.4130031081982264,0.08909192472008143
-0.1022927643500837,0.013046507821555649
-0.0727096902251474,0.003500649428590616
-0.1605416079759274,0.07158115846454552
-0.0663458893959459,0.12198615584983274
-0.3038704554804641,-0.41249496673918573
-0.1290551267561308,-0.2210905395828106
-0.047139250514948,0.03377608797205641
0.0191182357940591,-0.001730989943914886
0.555070661844723,0.4002257822275932
-0.2610781947695096,-0.9641367426058781
-0.1107136207986703,0.009644201083593831
-0.129123924602933,0.058018208788782076
-0.1375516608361998,0.07209087313526505
-0.3122981917137308,0.12981091409200662
-0.116740312178541,0.037178016636462495
1.0937578023057737,0.9238929611479285
0.1825303214109314,0.3564273337535615
-2.2889291281870947,-0.8547995677589404
-0.2487977791153209,-0.8606406963042225
-1.351042481656409,-0.528934037845486
0.1464114518397881,0.07695391648794242
0.0095037367034548,0.08100310328473184
-0.1248813907167987,-0.04569057930795786
-0.1533178340616988,0.047963742035653255
-0.0658299055449296,0.05874029992662768
-0.2707614917069161,-0.1609204689813183
-0.7292389425274779,0.2796072035177394
-3.92435714344506,-0.1353190824577063
-0.142268899865269,-0.3549912149057303
0.6713390229404033,0.2308362262299531
0.039430800062402,0.4023832363050289
-1.5222803223470291,0.13625954664055212
-0.3036640619400576,-0.5646422327462558
-0.2465102507091485,0.5128563803546902
0.0084717690014221,-0.11082588299672405
0.0045571715183782,0.12264607569657221
-0.1756863073186468,-0.8911561582433416
-0.1397841509649304,-0.25412540178012016
-0.1047006889881599,0.007307656308429292
-0.1908527926461868,-0.8608175791944301
0.7724718577396043,0.7255134331791557
-0.2239479968503744,-0.9329538039583015
1.0380659453194108,0.4291308392573091
-0.6190517377737202,-1.0475722212505183
0.0055478605123295,0.17447228306612023
-0.1421267176485446,0.051587032360426284
0.0526743855718212,0.04503681099057611
-0.0922024134857643,0.051158569867180044
-0.2530288466936549,-0.8859443575076379
-0.3576703716797669,-0.9617551655535922
0.1763385151987354,0.003383183783328615
-0.267029208517898,-0.7107835474366588
-0.1642108264720436,-0.02221194161072369
-0.0679655053727472,0.07811800828883228
0.2771365338101659,0.02411143715639342
-0.1661371661825045,5.646156689138036
-0.0216960868213327,-0.1502413346833622
-0.4508914540967176,-0.5245388487373017
-0.0847493134155285,0.07005079949584142
-0.1960814290031523,-0.8655952886557524
0.0191182357940591,-0.040862898632235814
-0.1116664709768804,-0.2546902134755867
-0.018988891549667,-0.048386858642521326
0.4847821950284983,0.28047913826885723
-0.0754616040972345,0.049907404064882525
-0.2625917473991575,-0.7133555121709091
-0.0111356173371984,0.18567746871805046
-0.1323918223260364,0.08949537690890288
1.8790852235526307,0.9430580033346772
-0.6125893266974356,-0.7625271186186541
-0.176388045356029,-0.4462582313065606
-0.2660316397392664,-0.7160752447851136
-0.1009168074140402,0.004180295129776891
-0.0862972649685775,0.08623340497070603
-0.1434063575990651,-0.2819435587406702
-0.2033797339180834,-0.6600352843411298
1.1587717675338314,0.4390991561398948
3.704360897061204,1.4973051293178086
0.0637393725991714,0.10672807089114145
-0.1148483713914811,0.08828267346290916
0.3809937633427332,-0.1286379187939223
-0.068022263596359,0.02091848565844729
-0.1478713378565264,0.10197271026084281
-0.4908171378575813,-0.5785524108304262
-0.0977865053845411,0.21200202100402749
0.2137301449357189,-0.09292046711772464
-0.0252391759316448,0.023223563796073925
-0.2475938167962828,-0.6544591175083225
-0.1404824491099725,-0.27353028506634675
-0.2885629345669795,-0.8061184578797588
0.0383678733293084,0.048537486496297653
0.1536352257540168,0.22612137290880102
1.021203593068197,0.7810686102043218
-0.1095165382643124,0.03186975685046419
-0.1546249931509402,-0.24107216670212755
-0.1487313109415536,0.03716397529359266
-0.1339397738790854,0.009312982745800384
-0.1532031709836951,0.03786503702366844
-0.4104153875614365,-0.27332830667704583
0.0398969054744868,-0.15862653814794636
0.4687293641079902,0.1445991279110103
-0.1458074024524611,0.03351965173093475
-0.123849423014766,0.04933973506324165
-0.1349717415811181,0.009691977142795571
-0.6354313584665386,-0.45121856368395447
-0.2407828299628672,-0.5077053566665876
-0.0823413887774522,0.016841035236778434
-0.1627316727657967,-0.5142177361509044
0.0015919843212043,0.0908212127218046
0.7741918039096588,0.3401293102219023
-0.1376089923752016,-0.021574186130266456
0.02704718763801,0.10479167822847851
-0.08922117345767,0.03360559905833357
0.0383988323603694,0.11654610392524273
-1.6233099603760268,-0.9004351128979224
-0.1778259203541945,-0.20450090151267858
3.10363243166934,2.089446877317578
-0.1019487751160728,0.09013274827150491
-0.1508984431158222,-0.29659982363359466
0.1922996156568406,0.7341154218609316
-0.0692697978850385,0.060051251194788734
-0.1579593954592857,0.058697748007401095
-0.1425395047293576,0.061706080970037124
-0.1270599891988677,-0.019136099450912093
-0.156643063323804,0.04572516385113632
-0.1568723894798113,0.043647002826745294
-0.1071533322266576,-0.14579291137344583
-0.1454634132184502,0.05734428815239775
-0.1435714724313903,0.03642503127016502
2.8532622756191537,1.0559521066796682
-0.576770874390662,0.21138306147655267
-0.0937239925308725,-0.43741921573358417
0.0230053141383821,0.09516583743995011
-0.1361757039001562,0.08414827756528509
-0.2690587449985622,-0.5475293147083486
0.1426963681124705,-0.18758538841581646
-0.183749414963862,-0.6598573066493181
-0.0445025730362546,0.056470470577293534
-0.246685685218494,-0.9513741144051941
0.1040749768638981,0.5459988491328502
-0.1751152851901887,-0.8766545042020677
0.0318630369141625,0.10752312107131579
-0.1385836285382324,0.043263597679543
-0.1421267176485446,0.06948802992371161
-0.1418515262613359,0.040493111534613775
-0.248832178038722,-0.5865381592341697
0.3559008953524189,0.013818010896985138
1.5756867191550277,0.8624269696339685
-0.001675913401899,0.19300010046197302
-0.0633073178288498,0.022387927005092165
0.5532543986891455,0.44972723416877713
-0.0624760105133234,-0.19556683598623875
0.3658765831387346,0.1642764526608637
0.4687981619547924,0.055834164378580596
-0.2122489230016641,-0.5092571634681855
-0.3933592547083966,0.01255951049025076
0.1474434195418208,0.08297976846709099
-0.0135435419752746,0.17531503737507703
0.2705915653177188,-0.0018335411282135103
0.0538783478908593,-0.014755880744093577
-0.1100325221153287,0.10561411917395053
-0.0015555171699952,-0.19553795889437242
-0.156643063323804,0.006736283122033067
0.2879974205586696,-0.19061424686437467
-0.141507537027325,0.04679558215541554
0.1692294043625104,0.2296647625456807
0.4119711404961936,0.24532757263481242
-0.0715057279061093,0.10075067331427257
0.2077561985717298,0.0902675401018917
-0.1380676446872161,-0.004942271129550351
0.8471175215199669,0.22168554573536253
-0.1408195585593032,0.04388251288551611
-0.316914527234157,0.08648021404821254
-0.2380446756601406,-0.06284829947223092
0.1648722073983725,0.04171227021570451
-0.101828378884169,0.050065682347710576
0.942471337187785,1.3010068999359894
-0.4418101383188301,-1.1045823551286704
-0.0816534103094305,0.04761796327898981
-1.7841421267378177,1.2222923291639445
-0.1680807053546661,-0.13044150998641865
-0.0019511047891077,-0.02803451671246713
-0.1459793970694665,0.06432227512630462
2.1429851641549336,1.458753290077395
-0.1166302356236576,0.0739316528263941
-0.4613441402875284,-0.04416839149760048
-0.1836341785704684,-0.8322574526571084
-0.0775255395012998,-0.09925334884298434
-0.1452914186014447,0.0351841966496599
-0.1301558923049657,0.03661003098494164
0.64691578732563,1.462901999053002
-0.1582942116470563,-0.6600750880654817
0.3971796034337255,0.19740397297461956
-0.1591656510398839,0.025056289342953772
-0.1474700170835137,0.04095329063271013
-0.0240352136126067,-0.0005074245367518715
-0.0059757788270351,0.05688137558467655
-1.397412230401077,-0.5961488080017467
1.9787217051838843,0.8585736776977916
-0.2048015560853283,-0.18300028117605155
0.0108796936394983,0.14546271939532557
-0.0546502554395758,-0.010481260326448354
-0.1154847514744013,-0.24973556526458524
-0.5952293366876862,-0.8452540593180088
-0.0310009956013272,-0.17983473770031616
1.074088497905031,0.32045448804575044
-0.0183593912514271,0.015977250040240074
-0.1579043571818439,-0.044972607571712765
1.872205438872413,0.984494399414603
-0.1093514234319872,-0.16248730136736877
-0.1505578937741514,-0.010373350132276478
-0.1573310417918258,-0.009315981151853132
0.2496082220430546,0.1861099096976332
-0.6595553234477223,-0.6657063136243069
-0.1532031709836951,-0.03075467544847623
-0.0887625211456555,-0.1321524574321517
-0.0848639764935321,0.1437605608834682
-0.1185749214265991,0.05591502955986324
-0.0557395546806102,0.061830663423629854
2.0356347239509858,0.6393602584908992
-0.0254111705486503,0.05839673089248095
-0.0589501208647119,-0.04039201797591816
1.9272437163141551,0.7843877469478168
-0.1485593163245482,0.03064908921818834
0.3896118402854859,0.02052520238959433
-0.0574824334662654,-0.2149710779087955
-0.0957569689038769,0.08509092147888961
-1.5808272899756823,-0.7548041870957486
-0.0844053241815176,0.08225553795584345
-0.0775255395012998,0.0323331162625082
-1.4746034145131202,-0.8411993101055346
0.2183052017480637,0.11246383138595428
-0.1112364844343668,0.12679301756203254
-0.1527445186716806,-0.010999607585628617
-0.1208681829866717,-0.07416427993076825
0.3435172829280269,0.040307870761305355
-0.1781767893728856,-0.042542713405259135
0.1195802915869389,-0.0756151802395447
0.1520872742009678,0.17251395032725575
-0.0362468314199932,0.027168980457184792
-0.1366916877511725,-0.018251247205873497
-0.2115666776875425,-0.6072801815022706
-0.0403747022281239,0.006231904787835432
-0.1203865980590565,-0.3701534440762689
-0.6055060150537614,-0.21267046317597232
-1.9698103157951945,-0.7440687158826291
0.8994038850896219,0.320282569916769
-0.2587425078705757,-0.5669173896314691
1.500697066140654,0.6321953054266718
-0.0321877584586648,-0.22227537492811483
-0.6242620280382051,-0.5840950895962759
0.4054305292007106,0.6916297690294823
1.5713868537298916,0.4686518659547231
-0.0864692595855829,-0.06574204182438925
2.9863865678336783,1.1215565495506157
1.8955967067851531,0.7129361620788254
-3.096395696534893,-0.46188166943014297
0.9486837827540217,0.44582225670006426
0.4866168042765563,0.38591834822041404
2.3114796907043167,0.9781305535460211
-0.147699343239521,0.07186316005698656
-0.1600829556639129,-0.022039036171856048
0.3035170681664609,0.24916011306030655
-0.0204233266554924,0.022364499446097398
-0.0899091519256918,0.3972612487628989
-0.3029072856252336,-0.619926199584267
-0.2265829543828978,-0.2226844275766563
-0.1923491458141342,-0.6854593400377128
-0.0707489515912853,-0.11885661843138356
0.3524610030123101,0.2680249645194971
-0.1578470256428421,0.1065858277108466
-0.1043566997541491,0.08746541294536836
0.0779575942716215,-0.054187019069885406
-0.1796215441557313,-0.5124737161926128
-0.109000554413296,0.04182248877184678
-1.9774927420214368,0.47997160773020286
-0.135315730815129,0.2878801405784807
-0.2600978254525786,0.22755136757136807
-2.7910846119961894,1.8601991046183886
-0.0527858337912367,-0.2189112851989794
-0.1633439736023361,0.059938382882592185
-0.3653671307907606,-0.3208657331978557
-0.1533751656007006,0.10110667427056813
-0.1471833593885046,0.06473423196603456
-0.0169834343153835,0.050928784163492814
-0.0393427345260912,0.03654625593426552
-0.0004719510828609,0.007848746772797267
0.2344726957465755,0.11726444810728856
-0.061638970043897,0.12252302945346336
7.976982374863641,2.5700514364149876
-0.1936219059799745,-0.7097069157751034
1.2076182387633774,0.3784395836870268
-0.019747387810661,-0.07014436428621793
0.2632840873565474,0.22398576439303108
-0.1995041218815607,-0.1065972662168026
1.347277867771798,0.9975166576681146
-0.0665178840129514,0.05634052543924949
-0.1428834939633685,0.008738599206240157
0.0064078335973568,-0.05480408763106463
-0.1449910013370752,-0.25981094232255086
0.524455620017754,0.048961249548784884
0.9760102875038468,0.9546530745322255
-0.1439842595122034,-0.4993954070840835
-0.0638806332188679,0.005402456658860237
-0.2928398673765149,-0.6070137919930163
0.5166298649440063,-0.006769509953132712
-0.1821154661023103,-0.14243282685138753
0.3104943164629817,0.37863662624619904
-0.1471833593885046,0.015287908825119378
0.3053344779528184,0.2171031732542817
-0.0300550252077973,0.10693166494403844
-0.1112124051879861,-0.20934112584862258
-2.523392190088916,0.12773493198616742
-1.309488582187894,-0.23471500763151243
-0.1618029018339673,0.044766961819497054
-0.2371365440823518,-0.5821629471281718
-0.1138164036894485,-0.02493712463687731
0.0365309708196902,-0.08598584323713626
-0.363483789734551,-0.06945843752529482
0.3930517326255948,0.2508849739557813
0.2657757160415663,0.5199620866988427
0.6200846270727809,2.2042895301986443
0.0593821756350335,0.040496487824987805
-0.1203521991356554,0.05736203624208861
0.435362408408934,0.1176519636898983
-0.0051158057420079,-0.011966261522408022
0.4861212304534246,0.21615769797757056
1.0328717078858465,0.31014994745713725
-0.061702034736799,0.01935063143477373
0.0379516463561552,-0.2019097394249694
0.4064673127520195,0.051574670998023216
0.9480439627787612,0.5017457475453748
-0.08922117345767,0.1054208928797295
-0.3552280481182897,0.03479712384176011
-0.2346598215974734,-0.9424582114078691
-0.0076613260736885,-0.1460907641753763
-0.7483045458225313,-0.6682326749052476
-0.0496624115464179,0.13534817873738364
-0.1246520645607915,-0.06934130786433929
-0.1704943631466424,-0.18191677897633732
-0.2214334355497548,-0.9068781741918222
1.036999578693977,0.601667813355379
0.1820143375599151,-0.005564309254123927
-0.1265440053478513,0.025641198258051362
0.0387428215943802,0.028910807359822967
1.3527816955159724,1.4106525828397016
1.5380198980308355,0.894882767523714
1.4543731826271875,0.55543040567967
0.0628220679751424,0.19553791555252314
-0.0750488170164214,-0.009689680392412033
-0.2346942205208745,-0.9307740759772313
1.233188105158187,0.4188492224439083
-0.0615300401197935,0.1866197514711117
-0.162834869536,0.010016255600005346
-0.1156854118609077,-0.25828129339336114
-1.7707781449964946,-0.8866284180879697
-0.1163963229445301,0.09538474324775426
-0.1071086136262362,0.06180332625085786
-0.1908527926461868,-0.8757911166774969
0.1464114518397881,0.10472861428598496
-0.1410844302694916,-0.2968623483678803
-0.2510853075214933,-0.5438442018187885
-0.1513112301966353,0.010698214870161017
0.2568319959572832,0.20985865311494795
-0.1642108264720436,0.12081245955338771
-0.122932118390737,0.020112844555103107
-0.1370356769851834,0.07623922804500469
-0.0054941938994199,-0.04533374887155873
-0.1527445186716806,-0.23937287978403493
-0.0645743448407899,0.38292740560429495
-0.1406475639422978,0.023612051166198023
0.0039999089592805,0.13271905041306947
-0.1424271349129141,0.07907958766592676
-0.1215561614546935,0.02758301259019042
-0.388033154735128,-0.13533588109388428
-0.1447811679043286,-0.11788019048140155
-0.1152657449954144,-0.15137721709303792
-0.0899349511182426,-0.07810462294908696
-0.1334237900280691,0.04899971067998168
-0.1263720107308459,-0.04195005200983648
0.0029679412572479,0.1701424516681525
-0.1742209131817604,-0.10405109920346212
-0.0961009581378877,0.07092508682759527
-0.1521712032816625,0.022042698395480093
-0.5059755967696612,0.13311421521550046
-0.122932118390737,-0.048759368576371226
-0.0266151328676884,0.023982911144023004
-1.1231954793553975,0.39853777960840253
-0.1305526265548582,0.08414957330384523
0.0531903694228375,0.1454195297235114
1.0159302381108102,0.44481378167006175
-0.1473553540055101,0.03969986308854697
-0.0215699574355287,0.06424404435642914
-0.1941378898309908,-0.19688118963648005
-0.0253051072014969,-0.022711114109026216
3.61955608456972,1.6538035835810625
-0.0142315204432964,0.03227635760044912
-0.4588788841104504,-0.688451493599434
-0.0775496187476806,0.02118068533087073
0.0112236828735092,0.06142683329154109
-0.1157083444765084,-0.12388848099348823
-0.2144676535610343,-0.7108094857239807
-0.1249960537948023,-0.11912136444816152
-0.046222519206309,0.0966084104598049
-0.1053886674561817,-0.03080440828118609
1.0947897700078062,0.6686394679358056
-0.1298119030709548,0.02201304835315676
-0.151904611625304,0.12759942609650643
-0.0809929509801296,-0.36827226711807404
-0.1074526028602471,-0.3515653076676689
-0.2012240680516151,-0.8401114440375703
-6.887686798755255,0.08484150461183917
0.0249832522339447,-0.09907932326744867
-0.0997128450950021,0.04051513671373292
-0.1373796662191943,-0.021695037447530745
-0.3469723065020283,-0.06532806153348843
-1.9760021220073904,-0.47742191414271773
-0.1514832248136407,0.06377471018746916
-0.1704026326842395,-0.633930323778298
-0.139959585474276,0.04451855122117764
-0.144132174882828,-0.22410617412000916
0.4479799335124534,0.3242657035269768
-0.1384460328446281,0.04143792522349626
-0.1767526739440806,-0.2730797442027166
-0.1329078061770528,0.06108644252261954
4.0358977208008975,1.7581859809935723
0.3094623487609491,0.03825090226780661
-0.1181162691145846,0.042367220458197276
-0.1005728181800293,0.11933338299723698
0.3924784172355766,0.07574021101685477
-0.1923973043068957,-1.0466858490032538
-0.0829720357064722,-0.043282933614301244
0.5808698543955397,0.09588102863962633
-0.7565602874387926,-0.5015052690274773
-0.1744685854302483,-0.8735432366501766
-0.0181873966344216,0.15987517928420597
-0.2240580734052578,-0.5572508890185769
-0.1074526028602471,0.06069146975010275
0.0174154890857052,0.04503125188739154
0.1797784075388443,0.4431544953170515
-0.1318758384750201,-0.039837378715585785
0.0003880220021662,0.1149045965386373
-0.1121079238271944,-0.5123150138537739
-0.1590509879618803,0.06798885324295231
-0.0795894749053651,-0.0010773423392281267
1.6216092818954813,0.7612459461905037
-0.1662059640293067,-0.4992132631431692
0.859501133944359,0.4945145773692403
-0.122932118390737,0.3412370985238167
-0.0582621423966901,0.020651809050058152
-0.1091725490303015,-0.01341806500572442
-1.0904018390463592,0.1709472705887059
-0.1770760238240508,-0.8367795351739099
-0.1226454606957279,-0.05832460660859616
0.5117280183593512,0.3251593273144762
-0.1452914186014447,0.031135144090911664
-0.1052166728391763,0.04102392780926168
-0.4435300844888846,-0.6519998340567869
-0.1642108264720436,-0.28899302960695
-0.3852927071708412,-0.8215680486083192
-0.1577575884419993,-0.18422301453134013
-0.1609429287489401,0.09596711519371937
0.1469274356908045,0.09335557696186675
0.2874470377842522,0.4287968683843023
1.4754115641792938,1.041366517918769
0.5173178434120281,0.49528418297887655
0.0865573251218937,0.15638308536803086
-0.0660190996236356,-0.1740163951888777
-1.7444629685946618,-0.7422524648744706
-0.1940346930607875,-0.876811289949175
-0.0353421397345446,-0.418171859632455
-0.1040127105201382,0.09669564516781662
0.2262169541303141,0.06224555733259172
-1.4635544803166902,-1.0769723775075
-0.1418515262613359,0.21167421680853582
-0.0988528720099749,-0.1004039681913215
-0.1215745075471741,-0.3571697046926059
0.3202120123237894,0.35463954414087695
-0.0253595721635486,0.005443615668127066
-0.1157083444765084,-0.10465140363252617
-0.1276654102507268,-0.08226984740727596
-0.1033247320521164,0.06658058084341101
-1.0076724282667409,-0.44171191732574966
0.818557815366213,0.3116389819465438
-0.1131284252214267,-0.07050256419787201
-0.058732261016505,0.4608931844738366
2.1037101933617404,0.7656247158155427
0.059364976173333,0.010730116310038416
-0.1217281560716989,0.06520521068770394
-0.1427642443622447,-0.26840491120904875
-0.121384166837688,0.06570687634888603
-0.148112130320334,-0.09319532076064523
-0.1041847051371436,0.09884938826630713
0.1773704829007681,0.03935980595766247
0.837141833733651,0.381933282965888
-0.8736542226960989,-0.8687216911785942
0.1969778692393887,0.19869389839325546
0.7245197585184864,0.07061229638213481
-0.135315730815129,0.09209765113319221
-0.4310088763708883,-0.8597792621982844
-0.0847493134155285,-0.19986870777109034
-0.7204414178676494,-0.9230761946501492
-0.1009168074140402,-0.06770114965418686
-0.3215515021086237,-0.46450072814781235
-0.2283992175384752,-0.21354405245874664
0.0831174327817848,0.17671114381172806
-0.0584066178749747,-0.2193572053372706
0.4873047827445781,0.17237346895244288
-0.7050364333378618,0.15946099218284
-1.3738902465794125,-0.15743554829435874
0.0834614220157957,1.2074850700605748
-0.4571749907713165,-0.8180430849401159
-0.1225881291567261,0.037931125329956995
-0.1065754303135193,-0.11031721932867242
1.4860775236951915,0.5419589598791695
-0.1194922260506281,-0.07162378463620916
-0.4374242755851913,-0.20420476837717183
-0.101604785882062,0.1693149894319692
-0.1614589125999565,0.05455913736029885
0.2255863072012942,0.14968919783247836
0.1597123688882092,0.10311876028992148
-0.1532949014460981,-0.5077309582022034
-0.129123924602933,-0.11540009240912572
-1.980542779896334,0.10909927474237896
0.4575497140026363,0.23569560197747402
-0.0197353481874706,-0.06305302697595358
7.224477259695323,2.815361951415836
0.010363709788482,0.2383029099462491
-0.0998160418652053,0.024396269509821267
3.086487434930847,1.0977282208552075
-0.1795527463089292,-0.2221283390697546
-0.1277479676668894,0.057682184504747595
2.448043416606639,1.6035094448900746
0.0889652497599698,0.07062006651421932
-0.1342940827901166,-0.23907183774623808
-0.1267159999648568,0.10298653918638517
-0.255023984250918,-0.711348799848873
0.0029679412572479,-0.17181898528573106
-0.129123924602933,-0.1303026010962205
1.035623621757933,0.2792114717725039
-0.1644688183975517,0.12412264994624181
-0.1274039784328786,-0.24169877011704294
-0.0207673158895033,0.15201437023198286
-0.091147513168131,-0.1352595048295617
-0.1287799353689221,0.07404130906366502
-0.0924787515037531,0.0651541540512294
-0.1521712032816625,0.05838879238898121
-0.0795894749053651,0.14659979883284252
-0.0248951866976339,-0.029016752012595827
-0.1950099025392084,-0.13694763279088593
-0.012511574273242,0.06463999333771386
-0.1535471602177061,0.03722952542733934
-0.6229548689489638,-0.8487033158641988
0.4862728150425454,0.13033368424466463
-0.1434063575990651,-0.2871051477066014
1.6689078015719785,0.4397622121797091
-0.129123924602933,0.03039411921085331
-0.1182435451311686,-0.04180541488461119
-0.1038980474421345,0.040079284547973736
-0.0532742985035322,0.09971812783669595
-0.1862261374487404,-0.654943993371207
0.824184905919241,0.2660480863734538
-0.1370184775234829,-0.053096277242466794
-0.2522720703788309,-0.5865590411219507
-0.1544415322261343,-0.18189199282625546
0.0171058987750954,-0.13157110379289647
0.5017523305730354,-0.03853790383201164
-0.1428834939633685,-0.05445258508452996
-0.1449932945986353,-0.28694930178013117
-0.165139597403873,0.09150492917723482
0.7521764929329617,0.23960620854379566
-0.2084100031501026,-0.026036208310038826
0.7748797823776806,0.2452470960122498
0.1608589996682455,0.23290527238701209
-0.4882486849103,-0.6722332517553147
-0.1292385876809366,-0.00216776687974872
-0.7764841438727033,-0.59290230463174
-0.1142532700166423,0.022999657399282294
-0.1407048954812995,-0.5973820744665259
-0.0001967596956522,-0.04953342805002557
-0.1910419867248928,-0.6918061979679979
-0.1255464365692198,-0.4473124409733491
-0.0635939755238588,-0.2661151437561541
0.6008212299681711,0.15208132294784094
-0.0780415233523161,0.09333693293593465
-0.2353856388812364,-0.25457487092680453
-0.1821326655640108,-0.5367211482794227
-0.129123924602933,-0.006232776212194147
0.0476865416786633,0.11662170634993374
-0.1193632300878741,-0.23964928476444347
-0.8017375401722225,-0.53611977691822
-0.1560238827025844,-0.14773814217725187
-1.0062964713306972,-0.557463422065305
0.3405933744389344,0.1815057568139406
-0.0255831651656557,0.03729096042343493
-0.1249960537948023,0.04384378105195077
1.093702764028332,0.45052076542207437
-13.811123712768994,-0.06076375286925249
-0.1556110956217714,0.06592470991495697
-0.1647526095156107,-0.4961729094079996
-0.0332655913918989,-0.005492174498817615
1.1002935977519803,0.3442116934431767
-0.1800618503752653,-1.1072564664566589
-0.1988161434135389,-0.6106055392472266
-0.1121996542895973,-0.27543644145962093
-0.1881180782358003,-0.7095604630488286
-0.1575030364088313,0.04580387126269254
-0.1518272140476516,0.17757712108907395
-0.0733426304157274,-0.0012335286887293281
-0.0699577763530603,0.13938161399778495
-0.3324422012574084,-0.15382900603000016
-0.1404755693252923,0.026797823232127593
-0.144668798087885,0.07590914324469561
-0.1406475639422978,0.09336085644792441
-1.0099823159731238,0.5009943737493412
1.5837360672308824,0.610773446147941
-0.1196298217442325,0.5137913914419949
-0.1908355931844863,-0.6955394904411306
0.687131568673843,1.595650505982457
-0.1270599891988677,0.009973981550271682
-0.0162954558473617,0.24837163306146653
-0.0764935717992671,0.017011826870184703
-0.1419535764007591,0.036820211108851635
-0.3827093480234195,-1.064916238924766
-0.1956686419223393,-0.837625770234213
-0.1642108264720436,0.08565098185894882
-0.3926884757020753,-0.45795072070864656
-0.0582621423966901,0.10013854635662567
-0.1150203660084866,-0.2164236388761433
-0.208456441696694,0.22969330548429573
-0.1538911494517169,0.04813418016328055
0.5959469025222368,0.3626034445983678
0.1270620574266757,0.08562273381026142
-0.2750441576703517,-0.0104408479602087
-0.2735994028875059,-0.41294038300148883
-0.1873269029975752,-0.28285570487353123
-0.0550458430586883,-0.28914633383719845
0.7798676262708382,0.5522134302564509
-0.0321189606118626,0.10458342760373227
-0.1523431978986679,0.08577745205097506
-0.0407186914621348,0.04300271718108863
-0.2799976026401085,-0.5536894844733875
-0.1507092490371162,-0.2126331419194173
-0.18779472835583,-0.511307550179792
-0.1339397738790854,0.0452608035855954
-0.1318758384750201,-0.009413489317146133
-0.1179270750358786,0.024093566267678418
0.0277351661060318,0.37014881907823516
-0.0739136525441855,-0.048355684000115515
-0.0743149733171982,0.004039940375973196
0.4302025698987707,0.49449661155027025
-0.6463633363234047,-0.8915118903876803
-0.1600829556639129,0.015244469350618593
-0.2163939932714953,-0.8823434928790976
-0.1861160608938569,-0.9404868017147106
-0.1620196150513942,-0.33077415959109374
0.3625894220185267,0.21523270970542602
-0.1029807428181055,0.09052869006803066
-0.0012745926288863,-0.023026688339620665
-0.1559550848557823,0.028327686772741868
-0.1170957677203523,-0.3358932151404584
1.0105124076751386,0.4529786039950995
-0.0638003690642654,-0.15055357325241953
-0.0802774533733869,0.12096934519754243
-0.1143897190794666,0.05339195392033141
-0.0904595347001092,-0.18270450991707177
-0.1394436016232596,0.05921872396553026
-0.1780391936792812,-0.08349599233875968
-0.0338618393975178,-0.41846148999156296
-0.6957888560968691,-0.09191963847002002
-0.0529876408085231,0.08916403697368258
0.3390454228858854,0.02029874337541948
0.0174154890857052,-0.3631597714235866
0.2423844481288259,0.21885527733930965
0.3318732473567584,0.05815540320986922
0.585874897750398,0.31872864820191216
-0.1226018887260866,-0.24184622875038642
-0.1098605274983233,0.06591093473666126
2.6224115593267583,1.0826230679109492
-0.1081337015435886,-0.0983269553323492
-0.162834869536,-0.011879248399610923
0.1820716690989169,0.04214891375747037
-0.2064183054851795,-0.13405686574909986
-0.1538911494517169,0.019729358957751
-0.1538911494517169,0.1009622492223966
-0.036017505263986,0.017639421121898917
-0.3627442128814275,-0.48921081994052873
-0.1479194963492879,0.058003121386968524
-0.3419844626088704,-1.0199521632320598
-0.0854372918835502,0.22029954394777546
-0.3008433502211683,-0.4892908357234076
-0.1645204167826534,1.7152992014934123
0.0122556505755419,0.3012221931277271
-2.596696295856636,0.21399544284779343
0.1295559793732547,0.10953138464077988
-0.2196618909945987,-0.4096707437179262
-0.1147967730063795,0.02217491999564212
-0.2406624337309634,-0.8565457956067482
-0.4197948273421333,-0.9100760397278583
-0.1447754347504284,0.05974989253084064
-0.1389276177722433,0.08832847259526222
-0.1780701527103423,-0.15040414323729964
-0.0967889366059095,-0.009309871212225249
-0.1889780513208275,-0.6979534239139454
1.095102800210756,0.2733426698761802
-0.1377236554532052,0.06167020453310961
-0.0885331949896482,-0.03376911573125678
-0.6747665273756838,-0.5061946009331458
-0.0343720900946339,0.016292717132133122
-0.6496484335082087,-0.8586060569636886
-0.1528591817496843,0.08331322276762482
-0.1817886763299999,-0.6923096334953941
-0.1497048004738044,-0.3986192504348407
-0.0888771842236591,0.062262577555233366
-0.1002288289460184,0.007535589281439707
0.8133566981479684,0.5015558216084474
0.0616754371951061,-0.011306241511556667
0.6531075935378261,0.14255971962044228
1.4668714581295834,0.44407526826963345
-0.1909387899546896,-0.10776487022367873
-0.1158803390935138,0.12666248813255832
0.2482718238689222,-0.14091167523461565
-0.1126124413704104,-0.0021088018427094304
-0.1131284252214267,0.016574397629552318
0.1649868704763761,0.13414867507911704
-0.4250234636990989,-0.689987288257073
-0.1184533785639152,-0.08352305910977176
0.1574191073281366,0.1031018293829919
0.2324087603425102,0.12403113558525758
-0.0739136525441855,0.04229850789508708
-0.1642108264720436,-0.6860121192134911
-0.1349717415811181,0.031132911194053974
1.0576389327346305,0.2702580728004176
1.5001329237968763,0.6602805100249244
-0.1480433324735318,0.037192515693474947
-0.0869279118975974,0.062212993486869865
-0.0795894749053651,0.05660755399066105
-0.1479733879959496,0.02522338304253039
-0.1989537391071433,-0.6516104912313615
1.2750401286295114,0.4012760334460901
-0.1532203704453957,-0.1030122539703574
0.2086735031957589,0.6974806791519542
-0.0955849742868714,-0.02608014272796321
-0.166876743035628,-0.13130416238175346
0.1873461706870838,0.35640645986739367
0.1343718286494071,0.019302431845964668
-0.1474413513140128,-0.0890031944050712
-0.1642108264720436,0.11613242574670984
-0.058606131630701,0.1321521176317227
0.0318630369141625,-0.07177252858015923
-0.1553875026196643,-0.16293480679080183
-0.1224161345397207,0.6998375609297477
-0.0787123023586374,-0.09903758146371333
-0.0952983165918623,-0.11294643200645654
-0.1019487751160728,0.05232246902191048
0.8708527786667181,0.43876784368064237
-0.6983573090441504,-0.7667841621222684
-0.102269831734483,-0.3252610049034018
-0.024422774816259,-0.020872977768340552
-0.1451194239844393,-0.5266615939673812
-0.1174282906465628,-0.03478724619178282
-0.0410626806961457,0.023763529377977995
-0.2114766671713096,-0.5247801233163301
-0.1042133709066445,-0.3368374102558972
0.1747045663371837,0.06648591593469749
0.2760953930618929,0.46506817568618264
-1.5490254852913756,-0.36212397251993006
-0.0314309821438408,0.08054531597377534
0.0834063837383539,0.06191683146374715
0.1257720977991349,0.16880037259524017
0.0028389452944938,0.0040684909767322724
-0.0473870374265139,0.2863855666010164
-0.1344557577301018,0.09322597426974971
0.1247401300971022,0.3303196969325532
-0.1349476623347373,0.031879766469527344
0.7191535264679166,0.9234854884155624
2.192115426502539,1.1733922607132057
-0.1923262131985335,-0.5068611501062952
-0.0180841998642184,0.9878817342318426
1.4732983236516868,0.8369226192545901
-0.0733976686931691,-0.09007965232527047
-0.1642108264720436,-0.6377010103349495
-0.0371641360440223,0.05901413123844739
-0.10028042733112,-0.04322589724840376
-0.245484016161016,-0.34382214864468214
-0.0242072082296122,0.06744289841449455
-0.1575030364088313,0.03900048417434109
-0.2267687085692636,-0.30331959983494544
0.1975913167067081,0.17317483870028993
-0.1232761076247479,0.12259792637385014
-0.1593949771958911,0.029184255305818717
0.0260152199359774,-0.06828395552178611
-1.5379318324945246,-0.7496025631401555
0.582933789799605,1.1934492385919784
-0.2425371750563227,-0.8811398680818003
-2.3202493479437862,-0.7529186736050582
-0.0247231920806285,0.0978948511266417
0.1391876779255595,0.0998305558594671
-0.131146581298917,0.06285754621462844
0.1082286468645796,0.1326723988770571
0.1367797532874833,0.09553502040151099
-0.157652098410236,-0.5071752006997119
-0.0851621004963415,0.09359265353685331
0.4577217086196418,0.31566473622311364
-1.00858973289077,-0.32446898021467746
-0.5954701291514938,-1.1152410677302944
-0.175218481960392,-0.6542237850016311
-0.1492472947925699,0.1109680148713279
-0.1036687212861273,-0.3722270470085295
-0.1084845705622797,0.07143133832925322
-0.0013663230912892,1.6249261122814194
-0.1580190202598476,-0.47788168566154554
0.1144204530767756,0.028904264193349426
-0.1266472021180546,-0.26367222488817516
-0.0893358365356736,-0.12731769592727063
-0.1426633408536015,-0.21600135107284063
-0.0426811500421669,-0.1763323275221022
-0.1040843749438904,0.010563001564718538
-0.295178994167789,-0.6620563579651432
1.5481991127806076,1.0234157315980528
-0.0849901058793361,-0.055664479966042915
-0.7517444381626402,-0.4509335563776667
-0.109000554413296,-0.0035557596165629937
-0.0930050550317898,0.04579604230703745
-0.0565421962266356,0.1281771819850696
0.2989362782002159,0.27589083227731304
0.2252279850825328,-0.0069961029943184025
0.0033119304912588,0.07277244611556799
-0.040030712994113,0.09633161972974486
-0.3742162538356907,-0.4887049879228885
-0.083029367245474,0.10655188684967679
1.5385358818818518,0.7594540077179801
0.6588866126692091,0.007717378486739243
-0.4862707468147374,1.1303114554996088
-0.1511392355796298,0.011676896349112162
0.1001930583580853,0.09478400392550851
-1.2040902808869578,-0.4021905428542493
-0.1188042475826064,0.04865157882595312
0.2263889487473196,0.1473213476544267
-0.192280347967332,-0.4535252974801903
0.0862821337346849,0.15066410580946124
-0.0486304438443852,0.0057399607123003946
-0.0163642536941639,-0.10189943307318108
0.1041007760564489,0.02318511231010245
-0.1408195585593032,0.10941345772074784
-0.2224138048666858,-0.6445990777511362
-0.3671145960995359,-0.6506956274774
0.1297606529674911,-0.35158066571527075
-0.1223129377695174,0.07047682759744445
-0.0574595008506647,-0.04239403450787506
0.3491931052892066,0.26642406830151766
-0.0380630945755707,-0.1058789811381694
-0.2982806304277872,-0.9360641776454441
-0.0873292326706101,0.1099508021921054
-0.101604785882062,0.032186560887191455
-0.340642904596228,-1.0350149620386504
0.3600287661605496,0.21789158355755922
-0.959972587817231,-0.7180899535595208
-1.070416064550327,-0.6887177040760902
-0.1036687212861273,0.0025622727099491316
0.0102605130182787,0.005302728962160309
0.9273134515910954,0.5655131280650939
-0.2273901824520433,-0.5153018787861556
-0.2490385715791285,-0.9238496790983345
0.0590840516322241,2.4394389954546565
0.1749625582626919,0.15749073812035896
6.674639134898419,3.3151343708157994
-0.5240952296711846,0.009790004924281684
-0.1256840322628241,-0.03796181160616771
-0.3119198035563189,0.21361992264599125
-0.164666612207108,-0.48706926871690903
-0.0955849742868714,0.11041946234493882
0.0137726430975299,0.21137525251150674
0.0373668646583367,0.366827298008705
-0.1318758384750201,0.02353704885594305
0.066949938783273,0.04437766075184626
-0.1604991826370661,-0.3574381824250705
-1.2655274460597703,-0.23963636645522657
-0.934540317116026,-0.18827412564664892
-0.2089122274317584,-0.025637471168933553
-0.1298119030709548,0.03321022769466447
-0.1611149233659456,0.0727104496801835
1.0522204143204907,1.0724369804746734
-0.2387188945588019,-0.7273441620955726
-0.1642108264720436,0.07282357779812537
0.3882358833494424,0.12298984389479561
0.0100311868622714,-0.29252557452037814
-0.210477378446508,-1.0773352689763698
-0.1287799353689221,0.04191281767319726
-0.2493137629663372,-0.7293867894027796
-0.1332517954110637,0.12675981078554904
-0.141507537027325,0.050780569567684945
2.7944405752556034,1.0474961109405583
-0.1561844110117895,-0.12231831144602809
-0.1440874562824066,0.06164870337599681
-0.1541204756077242,0.06458916012983376
1.2058982925933228,1.7729530175774546
-0.1863637331423447,-0.5651842903722489
-0.1504787762503289,-0.24446119850438308
-0.1075042012453487,-0.06555415420208643
-0.0450713019031526,-0.07733249000144421
-0.1262034560061806,-0.2599447622394071
-0.0529303092695213,0.04922304071534538
-0.266490292051281,-0.4814491266961585
-0.1609601282106407,-0.09879816045225126
0.8396185562185295,0.2208489175669855
-0.2380429557139705,-0.274535505287397
0.0535618777955693,0.13162545420735652
-0.2535929890374327,-0.2188695669011918
-0.1453648029713671,-0.24410105381020636
0.6845482095264214,0.192313679707732
0.0064078335973568,-0.07689805477542913
-0.0950689904358551,0.16367480122354283
0.9448104639790592,0.8846600716507758
-0.0575741639286683,0.101149818937661
-0.1281607547477025,-0.21931972164088354
0.3940837003276274,0.17225999223869964
4.079343561056473,2.1675052993142603
0.2705915653177188,0.400176513779411
0.0714217988254146,0.09191125458856417
-0.0440072285392789,-0.06849110058673893
-0.1700242445268276,-0.1496864895311767
-0.1969586015498801,-0.4718494865771507
-0.1748813725110613,-0.14154888598126797
-0.2699410773838002,-0.5830149607419065
-0.0620735431095307,-0.24653852446012775
-0.0206813185810006,-0.12685969502894598
0.7134777041067369,0.20838361329544772
-0.2675555120459347,0.018318465276706837
-0.1246520645607915,0.0042662303109517324
-0.0826853780114631,0.13700221526278877
-0.1514832248136407,0.06882443142770242
-0.1076331972081028,-0.2375927618070912
0.5134479645294057,0.4283122345908492
-0.106883873993349,0.03203367228892554
-0.2989170105107073,-0.48773030585653604
-0.1914547738057059,-0.4958794909599101
-0.0744296363952018,-0.11850813153259657
-1.6038057708076097,-0.760590839036775
-0.0770301950043241,-0.2901501065048675
0.0573182402309682,0.05513982226812119
-0.058606131630701,0.010279918307368567
0.6541395612398588,0.9102854948123117
-0.3610586656347742,0.0542356572145389
0.4386303061320375,0.16638583723150052
1.4537379491750475,1.05755171829079
1.3390221261555366,0.49140828343630727
-0.4599039720278029,-0.4309169558254582
-0.1604751033906853,0.06912501507731264
-0.1188455262906877,-0.13569842603598048
-1.441649245894877,-0.734686077847525
0.3940837003276274,1.3323618226487903
0.1164843884808409,0.8087693218417412
-7.634831415026904,0.7662388273043514
-0.1735902662527405,-0.4616992619002896
-0.155095111770755,0.0566408376113433
0.7986150395244318,0.7585553779365967
-0.0754616040972345,-0.024924158621805925
0.3402562649896038,0.18899552538845527
0.0705618257403874,0.23069108292987572
0.0163835213836725,0.3716791577719952
-1.0380294781682018,-0.28724489106724865
-0.1435714724313903,0.05630825308822653
-0.0191987249824136,0.11276209021895112
-0.1490753001755645,0.07171902040459396
-0.8797772310614926,-0.30488828656351497
-0.1839328758886678,-0.5057449904233584
-0.629880518860383,0.51399136855535
0.8334439494680341,0.23040249409741353
-0.0859532757345666,0.12445545280553066
-0.0549598457501855,-0.08009917522325247
-0.1479401357033286,-0.18766856292077677
-0.0013892557068899,0.1640079625684937
-0.1526871871326788,0.05781085943034627
-0.1632109644318519,0.0926838031349696
-0.1373796662191943,0.05877861183332148
-0.157337921576506,-0.2409835732355312
-0.2746244908048584,0.047094740915556425
0.0826358478541695,0.09446440843335122
-0.136863682368178,0.04559328956336239
-0.1406475639422978,0.04573268340347799
-0.1280919569009003,0.013452667235793685
0.2212291102371563,0.07596993289026566
-0.0728816848421528,0.11137535289668354
-0.5462968681496374,-0.09802190275852105
0.1078846576305687,-0.07480956221955545
-0.1616309072169619,0.02470563849566592
-0.01560747737934,0.054535169275262925
-0.1196412880520328,0.03750000946923592
-0.1867077223763556,-0.7456359346628195
-0.1080373845580656,-0.050709267806245746
-0.0015555171699952,-0.1618714917804388
0.3228779288873736,0.3411009394346717
-0.1718473874670853,-0.10416576806920858
-0.0919730873297571,0.06886692434180952
-1.547047547195813,-0.14027851710275444
-0.2474562211026784,-0.6516413607083216
-0.0641099593748752,0.08107676646321116
0.2072975462597153,1.1073520994642545
-0.117087741304892,-0.14680582798738318
-0.1294679138369439,0.05875870119627213
0.1918180307292254,0.06424332312959513
-0.1041847051371436,0.12381313462135224
-0.1740718511803557,-0.6569017680562912
-0.109062472475418,0.10057132963677196
-0.0548222500565812,0.5770784426509062
-0.2092046182806677,-0.3006721204491679
-0.0656579109279242,-0.1791244759122475
0.5392471570802222,0.24995100359636224
0.3724123785849415,0.1794494581078373
0.0390868108283911,0.1089148264770679
0.0267031984039991,0.0036781053261131513
-0.5317117246275758,-0.3400434147757462
-0.3630366037303368,-0.5646128979339415
-7.434079298058149,0.2990385431498003
-0.1441390546675083,0.06450491979085637
0.460129633257718,-0.07482054831971954
-0.0742668148244367,-0.04139431989255629
-0.3323355645948651,-0.5432350288222384
0.2325234234205138,-0.04500114768932388
-1.672534819762985,0.6741958057575755
-0.0615300401197935,0.11949950262477033
-0.1468898219088153,-0.16733952181006256
-0.1757688647348094,-0.2290505124716996
-0.1777984012154737,-0.8559628307909515
0.1820258038677154,0.1789805037907024
-0.1212855565906049,0.03676961134103356
-0.2093594134359726,-0.6451243416531096
-0.1208681829866717,-0.16652726703998866
-1.17289045736217,-0.8294809965670874
-0.0978209043079422,0.08242873146919069
-0.0545814575927736,0.06746290713093042
0.0373668646583367,0.0805755647066724
-0.0962729527548932,0.11409907225278493
-0.2316327163381776,-0.5996910085010566
-0.1370356769851834,0.0813196272019075
1.3543296470690214,0.7266237223392594
-0.1354877254321344,0.08646309612066241
-0.1326687336594152,-0.1635143899660727
-0.138411633921227,0.02515760348165689
0.3491931052892066,0.6447103880306171
-0.1346277523471072,0.08849375833477152
0.2311652392615608,0.17971875618388433
-0.1184602583485955,-0.09647074093930535
-0.2140204675568202,-0.7065704327574941
0.050014202162137,-0.1114957544147897
-0.0432412791782146,0.6742710577670403
0.8429896507118364,0.41644613395412344
-0.9727919199380368,-0.5629404417581411
-0.1270599891988677,-0.015495604303327314
0.18975409532516,0.12156259523780072
0.2459246706621879,0.2889364622530086
-0.2514464962172048,-0.5502125325923091
0.1920335973158722,-0.08263494129147908
-0.1924867415077386,-0.6067682248966556
-0.0627340024388316,0.12111519410174826
-0.1083469748686754,0.08407257132724483
0.2743754468918385,0.003753131703604695
-0.0627340024388316,0.011277083751706558
-0.1294679138369439,0.07386366699979172
-0.1165109860225338,-0.1304520858777845
-0.0121675850392311,0.048518820263987815
-0.1426541678073613,0.12992177159517948
-0.1401315800912814,0.30695782460033316
0.2833191669761216,0.2218851547163811
0.3015505963786986,0.12292608731863408
-0.1377236554532052,0.06809989800406147
-0.3860838824090663,-0.6240392799921138
-0.1795252271702083,-0.13982782709872776
-0.0383107668240586,0.1186528383108667
0.329172931869773,-0.09272073730275693
-0.1818460078690018,-0.38326028503531273
-0.0630779916728425,0.04045506670686486
-0.1175314874167661,-0.10876716677112658
-0.1411635477933141,0.05661756410138379
-0.0082919730027084,-0.06796500600187125
-0.1484561195543449,-0.09427842343167261
0.0628220679751424,0.10262212032972767
0.1055615836702152,0.008887000306920134
-0.1740575182956052,-0.5206519756325032
-0.0967889366059095,0.04314154746751719
-0.0630779916728425,0.08190522183698701
0.469073353342001,0.45391265885434656
-0.152786944010542,-0.26308060691901
0.1467554410737991,0.08610620707178154
0.848063491913497,0.07548665951512726
-0.1157427433999094,-0.05460919088249722
-0.3826439900689575,-0.6437185620646989
-0.1571017156358186,0.005371835920836225
-0.1425395047293576,-0.13653265542892004
-0.0845199872595212,-0.0035718935464332177
-0.02919505212277,0.040395776184549835
-0.0395061294122464,-0.05907906279286363
-0.0737588573888806,0.011324477472002076
-0.1642108264720436,0.06648049631145225
-0.5419110054159986,-0.1813457672636153
0.1758225313477191,0.21722762863387518
-0.0958429662123796,-0.1147177691400936
0.1227449925398391,-0.14051560227042
-0.122932118390737,-0.02270268704686089
-0.2026000249876587,-0.5166582730736514
-0.0558542177586139,0.32434324560723743
0.419882892878444,0.5365880650258589
0.1146039140015814,0.08848632811328755
-0.0065261616014525,-0.20019445384550982
0.2805672531040344,0.23608703606260112
-0.1204095306746572,0.03897124602455889
0.0076117959163949,0.1529490374664385
-0.0810800949194123,0.05620709097292705
2.4483874058406503,0.7769097910582471
0.3538369599483536,0.14979668069048835
-0.1575718342556334,-0.0885094417571613
-0.1315318492410092,0.015132448211048824
-0.0674351886369804,0.027164354884603926
-0.1554391010047659,-0.007568193116805982
-0.0103341224219531,-0.32295595856585574
-0.0802774533733869,-0.02912628880091269
-0.1550607128473539,-0.22442460130182237
-0.4571830171867767,-0.6009514412942114
-0.0547075869785776,-0.03961958852364392
0.8701304012752953,2.1008976317165087
-0.2510337091363917,-0.4887741114739606
-0.2331462689678255,-0.11621878313033174
0.0366788861903149,0.09978497010105086
-0.175470740732,-0.16468289889640508
-0.2375034659319634,-0.5694080460281609
-0.0988528720099749,-0.15535878660518446
2.3537903664876563,0.6222326122309324
-0.1546479257665409,-0.08847078390872747
-0.1343984261910999,-0.5398283632745644
-0.3482106677444676,-0.9478260304057612
-0.2681850123441746,-0.3875778008008657
0.1038714499004417,0.0893527289703927
-0.1074526028602471,0.007678680906728914
0.2888229947202957,-0.01570688014973704
-0.1504512571116081,0.05305674471080004
-0.1918159625014173,-0.6513467242337352
-0.1330224692550564,-0.006386081494679362
-0.1032215352819131,-0.08455295810694818
-0.1205241937526608,0.005390867191855629
-0.0763215771822617,0.16959512402984678
-0.0413378720833544,0.33487338523072746
-0.2753881469043626,-0.19213051878618864
-0.2061958591138525,-0.9512996945763181
-0.1119244629023886,-0.4793349857955187
0.0738297234634908,0.23091203617701073
-0.1285460226897947,0.06114000578187768
-0.0868132488195938,-0.1112009997763733
-0.0679018673644552,-0.11760797748196719
-0.1889780513208275,-0.4970757106469158
-0.1270599891988677,0.006598028895990711
0.503128287509079,1.268342255940157
0.0218873491278467,0.10408149045323264
-0.1188042475826064,-0.11627643415636954
0.0291799208888775,0.006174233629619941
-0.2316327163381776,-0.6463347231707336
-0.0410626806961457,0.12345615442412258
-1.169530829176664,-0.9135972832533157
-0.1139471195983726,-0.23541369799518597
-0.1242771162957196,0.013063925228038786
0.5736460804813109,0.3081107727423657
3.864763076880481,2.9876557500291985
-0.2372792996144663,-0.6444137763385546
-3.756146408013736,0.7420682632165116
-0.1642108264720436,0.13284749990935973
-0.1371526333247471,-0.27208911884747494
-0.4706020372055414,-0.7866311568896732
-0.0203442091316699,0.12066201423184753
-0.1240787491707733,0.021172013043627987
-0.1040127105201382,-0.06102078797451529
-0.3914558476135363,-0.406809549422884
0.5808698543955397,0.024366591729860436
-0.0527583146525159,0.03685296353906458
0.0434726735620299,-0.21398827370328913
-0.1075093610838588,0.07230312268402858
0.7841674916959742,0.39224678054211204
0.1816130167869024,0.11529573284051686
-0.1125144044387173,-0.030613803983045404
0.5392471570802222,0.19915069402186902
-0.0620460239708098,-0.00026949626539751054
-0.063851967449367,-0.006353327046560067
-0.0981648935419531,-0.004705996738086245
0.8934597511259139,0.45570306571453606
-0.1456354078354556,0.07253496954154748
-0.3257137718401555,-0.5958507671118966
-0.1499788452302331,0.026239204532301594
0.1261160870331458,0.07346405961627869
1.6363354610034873,1.4947248393422397
-0.1334117504048787,-0.02118160576171218
-0.1534324971397024,0.0046925946012957645
-0.1828378434937332,-0.8767988978592974
-0.0594661047157282,0.06693609339234083
-0.1226018887260866,-0.1839368275360201
-0.1642108264720436,0.09300523853364223
0.018103467553727,0.07114460416510726
-0.144603440133423,0.00917973647936797
-0.0781676527381201,-0.23475542953900858
-0.1134930538094783,-0.1495526705677846
-0.0854372918835502,0.07884530194682823
0.0225753275958685,-0.038405735182606836
0.8569212146892774,0.4270886392741388
-0.1455436773730527,-0.4836499702940965
1.0524102963776647,0.32705112936247815
-0.0834880195574885,0.03774854806293353
4.03658569926892,1.0298729559675184
-0.1879460836187948,-0.7374417718591175
0.0127716344265582,0.0794265063285885
-0.23139192387437,-0.5451288438721527
-1.3273530897408592,-0.6858446882990982
-0.19031960933347,0.10144180368378641
-0.1036687212861273,0.06601465494985481
-0.1908183937227857,-0.22927901646147136
-0.1916439678844119,-0.7592400295177163
-0.374732237686707,-0.3258764522291843
-0.1600141578171107,-0.20283200940412632
1.0939378233382393,0.4003011723252496
3.0508742295336995,1.5577647020072891
-0.0750488170164214,0.005851291305408339
-0.1039095137499349,0.06263276424495265
-0.0606425478960454,0.0033772970625662938
0.1531192419030005,0.06589521357136724
0.0016607821680065,-0.16870253903477062
0.0791615565906596,0.05971730118523411
-0.1108924952003559,0.027544423849950588
-0.0574021693116629,0.32897171864158425
-0.0445025730362546,0.12337990527083739
0.1806590199779121,0.18023535878064428
-0.0634219809068534,0.09254809381031129
1.4643488704135037,0.6687105752997424
-0.1642108264720436,0.2269159771512722
-0.1846265875105898,-0.8192480135508843
0.0249832522339447,0.0036782343528020123
-0.4022376168382176,-0.755848697259872
-0.0975113139973324,-0.08550302143980537
-0.3786307823388303,-0.6331408862489339
0.0757216642505507,0.10991312815054599
-0.1000740337907135,-0.1707750374189722
-0.2752041126641667,-0.5775880972133851
0.1700589917318666,-0.05591701804876807
-0.9222943003852384,0.29906961959772294
-0.1778156006771742,-0.8929128105728456
1.9107322330816323,0.9591713303475801
0.0101917151714765,0.09008607190188386
-0.0682378301830058,-0.11158058649654568
-0.1213497679142869,0.05356326101417568
-0.1614589125999565,-0.12377837005624656
-0.1118849041404773,0.3196553287547641
2.4315319333741168,0.610225744030104
-0.5315913283956719,-0.5927987241959475
-0.0651419270769078,0.03391131493888771
-0.291830832290083,-0.30810411091226053
0.2547680605532179,1.3243018692933257
-0.1430554885803739,-0.008553920747864374
-0.155095111770755,0.011058307557358454
-0.1046227180951175,-0.09959648573343033
0.3863439425623825,0.1427557259497351
-0.0754616040972345,0.02699151936057511
-0.0844053241815176,0.05651245654895346
-0.2096174053614808,-0.5670902253166087
0.1122014931912494,0.13158488794301507
-0.1064636338124658,0.02572419740356017
-0.1098605274983233,0.07452693462013493
-0.139581197316864,-0.25749765731815466
0.0916923964072082,0.11199086469763242
-0.1336817819535773,-0.04148988976309149
-0.1642108264720436,-0.009850423144950687
0.4904006858506761,0.09802788325885758
0.3244258804404227,0.4080551965114737
-0.1207535199086681,0.03246048613982427
-0.1642108264720436,-0.04729139193701695
-0.0849402274404045,-0.2479445279397235
-0.1292156550653359,0.005367001438007855
-0.1426541678073613,0.04318433625105208
-0.0754616040972345,0.026978861427903976
0.0658033080032367,0.17051039864584921
-0.1621468910679782,0.07553502860495595
-0.1847435438501535,-0.1733282102464374
0.1585714712620731,1.1973002068617027
1.507576850820872,0.5746569463758459
0.3407653690559398,0.1806845763774863
0.1574191073281366,0.10058080733157443
-0.1485593163245482,0.026205740039056707
0.8805188761424242,0.46996271966888503
-0.1532031709836951,-6.221501647163397e-05
-0.2709850847090232,0.44361686814822027
3.9248286423142154,1.591115577360903
-0.0465665084403199,0.07946628130434275
-0.14861664786355,0.17724757745907008
0.021199370659825,0.22477243251335965
-0.3340039123798179,-0.47552507997201193
-0.1561844110117895,-0.038490424696493206
-0.1462087232254738,-0.2252769809803053
0.5328833562510208,0.21383142857996468
-0.8115985648805347,-0.6107114772455096
-0.3313895942013351,-0.45954803098670577
-0.1585350041108639,0.0597409740500509
-0.1642108264720436,0.23902950112702592
-0.206874664535634,-0.13708035653751569
-0.2720858502578581,-0.46883908417039644
0.1298999686072655,0.1258552021166003
-0.4019532524047686,-0.5435577858121051
-0.3448739721745619,-0.7856625705787874
-0.1435714724313903,0.00743981591292258
-2.000700549009372,-0.7279099889960617
-0.0661738947789405,0.024885467114339706
-0.1359761901444299,-0.2540802849647239
-1.4172948081269063,-0.0901958160849543
-0.119836215284639,-0.10607377064955423
-0.1401315800912814,-0.3032290335282975
-1.295591417133854,-0.5784090426865065
-0.1244284715586844,0.007744651153360489
-0.055510228524603,0.09082018717787826
0.5122096032869664,0.19027472297284
-0.0952409850528605,0.07620253055528067
-0.2025828255259581,-0.2480640125952869
-0.0736269948491764,0.08198463680990625
-0.0947250012018442,0.07646534834200652
0.0267811692970416,0.16173113128433425
-0.1385836285382324,0.04191816614995104
-0.1994697229581596,-0.5882900598482474
-0.1084845705622797,0.007090063658669807
0.2134893524719113,0.2559774053236179
-0.1248160327623366,0.01673241200827575
-0.1642108264720436,-0.025685614310500666
2.4483874058406503,0.7715038904704299
-0.2704243822575854,-1.1477823188139125
0.2122853901528732,0.13454160074876914
0.8799684933680068,0.3756288838637267
-0.087673221904621,0.1089433064801883
-0.0215516113430481,-0.005379645357887319
-0.1064206351582144,-0.3478395031914955
4.207857938882941,1.7433598180473082
-0.1610530053038236,-0.2611623925421182
-0.083029367245474,0.02530025659670144
0.291230919358372,0.25104030806482686
-0.6031324893390863,1.3469474113090305
-0.0045998218909916,0.07353975797660639
-0.1485822489401489,-0.04018964027136939
0.439375616139061,0.06881058298522888
-0.0777881179499281,0.09257112627842251
1.781873866021154,1.5113510078897936
0.5704125816816087,0.28653029521750184
0.9625431089923202,0.8778436436188795
-0.1449302299057333,0.10660717820569485
-0.1735214684059383,-0.6232002080257363
-0.1463784245809191,0.11511317505413057
4.091795971327668,1.6285080405729893
-0.2556087659487365,-0.6823692253217096
-0.2478948073760423,-0.13991487898720498
-0.2316327163381776,-0.7989639103783414
-0.43011450436246,-0.7222905437011848
-0.1323918223260364,0.06688946664224127
0.3997595226888071,0.07466145826874532
-0.1120391259803922,0.8635404905968508
-0.1142177244624612,0.8317842005659286
-2.538768508849203,-0.14395492321757533
-0.1706319588402468,-0.5430453727602682
-0.1092069479537026,0.11864875488032481
1.629761826741539,0.3185387757473144
-0.0823413887774522,-0.006987210260519034
-0.1214414983766898,-0.02081794088968794
-5.858350614362775,0.2659783497073257
-0.1101494784548924,1.0828859725845208
-0.1417093440446113,-0.1990423080789554
-0.0486304438443852,0.28815484737129954
2.319735432320578,1.1158191194735878
-0.1449474293674338,0.06383026621345275
0.0559422832949246,0.08259422228110483
-0.1022147934570413,0.07332999609928423
-0.0220286097475432,0.045207182466793276
-0.0104476388691767,0.12276770602724507
-0.0279096790183494,-0.18628340991991132
-0.3684028357809066,0.07510747016033231
-0.336377438094493,-0.930085765969016
-0.0643163529152817,-0.24016556685529558
-0.0438145945682328,0.14198229052610356
-0.1642108264720436,0.26196183222439423
-0.5611056046738061,-0.9991643846323615
-0.0498344061634233,-0.009181721175693415
-0.1332689948727642,-0.1454479453938692
-0.1642108264720436,0.09952135359969569
-0.5561521597040493,-0.7845261936655739
0.1096046038006231,-0.054112044052194025
-0.4371800432290436,-0.5601245005143914
-0.1573620008228868,-0.0014821356361164537
-0.0534462931205376,0.07783778790375603
0.2566600013402778,0.16177921671096107
1.1549878859597116,0.420272594364343
-0.1761816518156225,-0.261487499882435
-0.1215561614546935,0.054753116902062325
-0.0998848397120075,0.08763252311389602
0.0547956525148883,-0.06616236592271904
-0.0765004515839474,-0.02776025169496657
-0.3568447975181408,-0.5035207922279178
-0.0197353481874706,-0.03145162790071847
0.1233641731610586,0.03839824297255897
-0.1549712756465111,-0.23387498059709722
-0.0393427345260912,0.01381452441157232
-0.1585522035725645,-0.5961277442343275
-0.1316465123190129,-0.02169697503008337
-0.1555422977749692,0.06862629559463745
-0.1410488847153105,0.07125905222157289
-0.174272511566862,-0.6501147774901965
-0.1208681829866717,0.05925839908787355
-0.187856646417952,-0.8973630650376808
0.0725328840512697,0.18315733979729049
0.1526548564370858,-0.008043385133100545
-0.1512802711655743,-0.16902409271695173
-0.0073517357630787,-0.018494794958784082
0.1034127975884272,0.10525047506825619
-3.791061315265841,-0.26115635053736064
-0.0658299055449296,0.27745468805952267
-0.0031206681847447,-0.0693375626067246
0.398555560369769,0.9716567948578027
0.6005460385809624,2.103641384806619
0.2031283967435034,0.2042083239717588
0.021199370659825,0.20642085050444087
0.0943544144261405,-0.1066248976565232
-0.4078927998453566,-0.7322445950575508
-0.1775300896129452,-0.978856910036818
-0.1113740801279712,-0.12611542047085134
-0.0815261342928464,0.5405558804966967
-0.1483873217075427,0.05398226357723369
-0.1225881291567261,0.08985702679544699
-0.0291377205837682,0.09419178763150093
-0.4360311191874472,-0.8782996587307851
-0.1473553540055101,0.08340257310024476
-0.1706319588402468,-0.4860434145162052
-0.5020082542707356,-0.5057216879252668
0.1190069761969207,0.07915474464631952
-3.0503406979393453,-0.601737252199179
-0.1642108264720436,0.12493577530163685
-1.3793527956155052,-0.2445137798135591
0.1951719257608315,0.1749343021045038
-0.3391293519665802,-0.19127872062779644
-0.1412782108713177,-0.0489541123002166
-0.0090716819331331,-0.11356138810349131
-0.1419547230315391,-0.1453027581886314
-0.2643460924926131,-0.8613490601167224
-0.1294679138369439,0.10462801064862798
-0.144603440133423,0.05371384541103447
-0.0864692595855829,0.084007707869269
-0.1029807428181055,0.027983244191232236
-0.0775255395012998,-0.2150863241445602
0.9819613012522348,1.2091079754272869
-0.1268513023969011,-0.17934836454404252
-0.0909411196277244,-0.026615016644216456
-0.008404342819152,-0.1809188526987524
-0.056616727227338,0.45753888784985897
-0.1643484221656479,0.09675347498161943
-0.1538911494517169,0.07577785362509498
-0.1353570095232103,-0.27226772685468603
0.3476451537361576,0.24379537399524248
-1.7211060996053222,-0.7683990058528567
-0.245261569789689,-0.40599764061957366
-0.0775255395012998,0.021262326738350282
-0.5072575299817417,-0.027086104810617566
-0.0691046830527133,0.09641496552287077
0.4363943761109667,0.17868661224817362
-0.1107136207986703,0.07909651460311246
-0.141507537027325,0.03393223200629044
0.2286248787683903,0.001970626760056056
0.1711786766885721,0.2655411856445217
-0.0699577763530603,-0.029545684940660143
-0.3964723572761951,-0.4541220285063543
-0.0460505245893036,0.3369886334242297
-0.050487985708044,-0.16095257151934167
-0.1301558923049657,0.005599596804774641
2.0552077113662053,0.5944273571518676
-0.1192628998946209,0.026980680089051003
-0.1900100190228602,-0.6169216823373566
-0.3521321450121917,-0.46401447441382965
-2.2090204291263658,-0.46183927471508557
-0.1859050808303302,-0.8233301620241746
-0.156643063323804,0.15733730029114523
0.002623952023237,0.0008465311508759205
0.8992892220116183,0.34448076646911924
-0.0414066699301566,0.039786670022596136
-0.1435714724313903,0.04552366318218808
0.3763017501908247,0.5836185755985625
0.0219355076206083,-0.2006930880072697
-0.1604269448979238,0.0732703773410453
-0.1112364844343668,-0.31039262783669846
-0.1505544538818113,-0.5600184733070441
0.1797669412310439,0.14067192813414203
0.9860891720603656,0.3988915146381131
0.5192957815075907,0.25209184724581635
-0.0383107668240586,0.10053696232230336
-0.1336645824918767,-0.06174557471213402
-0.1252448726740702,-0.05272342082420887
1.6216092818954813,0.6877681127142626
-0.1162243283275247,0.05881120192998356
-0.116740312178541,0.017023231846300314
-0.1174282906465628,0.02332056951185256
-0.1642108264720436,-0.33060715771186866
0.0468265685936361,0.1637634388420635
-0.4167419228902867,-0.3279929486660263
-0.3262297556911718,-0.5348858318551347
-0.1618029018339673,0.07847083335632804
-0.0703017655870712,0.030118872088531666
-1.1051589771854264,-0.687238923461447
-0.1471833593885046,0.11208526985466843
-0.8521204966470172,-0.5692411145875909
-0.322445874117052,-0.41398212060552636
-0.1643484221656479,-0.1532075993017336
-0.1560697479337859,0.038352480554254297
0.3407309701325388,-0.015646186934076885
0.5179198245715472,0.06932565720344169
0.3625894220185267,0.18829749897642145
-0.1621468910679782,-0.03482490346016584
-0.130069894996463,-0.20812943295559894
-0.012511574273242,-0.07877547038630314
-0.1065926297752198,0.05914120469201938
-0.1587069987278694,-0.009783423422894563
-0.0960378934449858,0.019167034476829936
0.2960467686345244,0.056991349916431365
0.2499522112770654,0.10445712702521379
0.5825898005655941,0.5767842610025995
0.0275631714890264,0.043366821235420926
-0.1551553098867069,-0.22765449801105286
-0.196924202626479,-0.04308015123071662
-0.1511736345030309,-0.07755107387157825
-0.0924890711807734,0.2058366005073245
-0.0087276926991222,-0.03378235431178904
-0.1624324021322073,-0.4660975590507143
0.0538783478908593,0.01637849083974157
-0.3594315965579027,-0.47875148732515654
0.3208139934833083,0.16329425384604201
-0.4438792335614057,-0.6036127800238383
-0.1490753001755645,-0.238373266810186
0.2365022322272398,0.16843303134883397
0.0512984286357777,0.04410018112671051
0.2582767507401289,0.10077470579137293
-0.1449044307131825,-0.2422494194491987
-3.003497963997913,0.08484273748887786
-0.2815455541931574,-0.7256602064036978
-0.0522423308014995,-0.0855531185360087
-0.0776402025793034,0.025196857181971136
-0.1155363498595029,0.06783725228030452
-2.790836939747701,0.1615811315861984
-0.1580190202598476,-0.025998627984286014
0.1144204530767756,0.0013085714871409124
-0.0703017655870712,0.1414083901613969
-0.0594661047157282,0.06856977313852552
-0.1339397738790854,-0.10303150613907633
-0.1444887770554193,-0.020944521055377224
0.5613484653654218,-0.021642348581690007
-0.1543853473179126,-0.19515411922606513
-0.1311878600069983,0.002510194035007414
-0.1879701628651756,-0.5192949763918706
0.328290026169145,0.3782578245610961
-0.1818574741768021,-0.11989512721253981
-0.1447181032114266,0.006888961010067952
-0.0207673158895033,0.15604478080564632
-0.1370356769851834,0.09196049090719982
-0.1327925697836591,-0.29752810161371984
-0.1642108264720436,1.236548259536121
-0.1143323875404648,0.03905287090751736
-0.1499926047995935,0.009007614655993375
3.3313831169848283,2.61970014791007
0.0697018526553601,0.20566806439317392
0.2341287065125646,0.12282383559811921
0.6753272341195254,0.25490707451582684
-0.1583630094938585,0.05477751272293543
-0.0985639210534057,-0.19997501664153922
-0.1160523337105193,0.01845182251499916
-0.00012796184885,0.17187913635950464
0.3129017824487459,0.13521694197790077
-0.1940243733837672,0.23976946728205906
-0.6596011886789237,-0.5428524169165805
-0.1878084879251905,-0.7258360729134307
0.3906438079875186,0.09974954016732146
0.0529667764207304,-0.08286864988188627
-0.1619748964509728,0.08763855586902755
0.7800396208878437,0.2436670958352969
0.1964618853883723,-0.12245674921577646
0.7111041783920617,0.16784654112516476
-0.2619897662396385,-0.5917152525379052
-0.1141191142153781,-0.08903378402619153
0.4547118028220465,0.3760664483017771
-0.1420235208783413,0.037296237331465
