Actual Profit,Predicted Profit
-20.685,1.6813193460808264
-0.408,-9.436535158310186
9.72,-9.109539437592801
-64.14,-2.5696250232451483
560.7882,280.4451712576496
34.26,15.578637476569593
4.4088,-10.744518041179715
381.2375,187.08789299283683
2.82,-11.23501162225579
12.0,-3.0601186043212216
-147.8655,41.41129941324283
5.68,-10.254024460103642
27.243,6.749753017200259
6.3,-9.436535158310186
-56.277,-4.204603626832062
1.04,-3.7141100457559872
9.0,-5.349088649342901
747.72,301.0459016628447
6.08,-9.273037297951493
1.68,-9.600033018668876
3.3,-8.455547996158037
-12.468,-8.619045856516728
40.3956,6.586255156841567
39.72,69.04243781386165
30.3,70.35042069673119
3.18,-9.927028739386259
21.48,3.6432936703851233
-25.818,-8.94604157723411
32.34,40.75730797180806
9.48,-4.531599347549444
-0.06,2.335310787515592
2.52,-4.04110576647337
-117.144,0.8638300442873703
198.429,85.88271743080686
3.68,-0.11715711786477812
6.3732,-2.733122883603839
47.07,16.23262891800436
252.896,171.39209839840245
63.24,9.692714503656703
220.56,62.82951912023138
13.72,-6.657071532212432
57.3,10.51020380545016
6.78,15.415139616210901
2.3025,-10.908015901538407
9.78,19.666083985536876
15.825,-1.261642140375617
68.28,18.68509682338473
23.92,-0.7711485592995437
4.86,-8.619045856516728
10.92,-7.965054415081963
55.0584,20.974066868406407
21.96,11.654688827961
81.24,14.270654593700062
117.36,47.6242181068731
-2.7,-9.927028739386259
4.7259,-6.003080090777666
-39.62,91.27814682264368
167.04,51.22117103476431
8.085,12.145182409037073
-23.22,-7.474560834005889
1.26,8.548229481145864
-149.6745,26.042500539525836
5.94,-7.965054415081963
233.9961,85.71921957044817
2.76,-10.744518041179715
21.78,-3.223616464679914
-66.2302,21.791556170199865
5.85,-10.090526599744951
9.4392,-7.8015565547232715
111.744,42.555784435753665
57.42,12.96267171083053
-630.99,202.45669186655383
25.56,15.415139616210901
11.76,-7.147565113288506
-16.467,-10.744518041179715
119.13,35.19838071961256
150.31096,70.02342497601381
13.08,-2.5696250232451483
3.462,-10.417522320462332
74.57552,19.01209254410211
3.2,-6.49357367185374
-75.36,-0.11715711786477812
36.96,7.730740179352406
3.96,-8.78254371687542
-0.34,-11.889003063690556
-3.8864,0.373336463211297
14.49,21.62805830984117
52.965,92.7496275658719
11.6,-4.531599347549444
40.14,7.567242318993717
93.6,20.15657756661295
111.843,62.502523399514004
2.6964,-8.455547996158037
12.39,-3.5506121853972967
39.33,2.662306508232975
-67.02,26.36949626024322
-51.84,7.240246598276332
5.22,73.29338218318763
239.49,174.17156202450022
14.76,97.16406979555657
24.18,23.59003263414547
5.55,-4.04110576647337
-26.739,31.27443207100396
-19.8744,19.175590404460802
67.041,70.1869228363725
3.57,-5.676084370060284
-43.524,-0.11715711786477812
29.88,5.114774413613347
16.92,-5.18559078898421
10.98,10.183208084732776
12.42,-6.003080090777666
-37.488,20.15657756661295
-25.092,-4.204603626832062
-1.524,-1.261642140375617
43.2234,51.875162476199066
117.0104,134.7685776780556
5.6112,-9.763530879027567
19.8276,-1.9156335818103827
16.776,-3.223616464679914
125.16,49.586192431177395
124.46,62.993016980590085
24.0,2.662306508232975
217.8,70.51391855708988
73.8,58.57857475090542
9.03,-7.965054415081963
69.705,12.96267171083053
1.48,-9.600033018668876
-8.73,11.327693107243615
-17.136,-8.128552275440654
13.56,3.479795810026431
29.61,-2.733122883603839
-42.147,4.133787251461197
1.68,-7.8015565547232715
-7.578,12.308680269395765
-169.372,29.148959886340972
191.424,77.05383297143753
11.0,-8.619045856516728
10.5,73.78387576426371
6.0632,-8.619045856516728
0.0,21.62805830984117
-5.82,-10.581020180821024
1.672,-9.109539437592801
27.24,-2.896620743962531
-5.328,-10.581020180821024
-12.432,68.71544209314428
54.7425,35.36187857997125
58.968,14.761148174776135
-48.9,-0.28065497822346863
13.818,2.1718129271569016
4.68,0.5368343235699875
-0.796,-12.052500924049246
6.3,8.221233760428483
26.37,41.57479727360152
-4.86,-4.368101487190753
41.22,2.0083150667982093
-4.8024,-2.406127162886456
79.8795,98.79904839914349
-246.12,32.255419233156104
12.6,-3.7141100457559872
-58.26,12.472178129754457
-142.512,8.875225201863245
1.23,-10.417522320462332
5.67,-9.109539437592801
37.59,14.43415245405875
-20.55,-4.368101487190753
28.1421,4.62428083253727
2.397,-4.531599347549444
-15.252,-3.0601186043212216
121.1056,32.582414953873496
7.2576,-8.94604157723411
12.42,28.331470584547514
1.8,-10.090526599744951
298.536,196.89776461435832
-3.996,2.1718129271569016
3.15,-9.600033018668876
-122.76,16.23262891800436
-536.448,198.04224963686914
211.887,79.34280301645921
9.06,-6.820569392571123
66.762,129.70014400693617
75.06,69.53293139493773
-17.055,-8.128552275440654
6.16,-8.94604157723411
11.7,3.6432936703851233
-10.7298,-6.166577951136357
9.1269,37.32385290427554
-32.79,-9.927028739386259
-10.68,-5.349088649342901
69.0,17.377113940515198
111.86328,34.70788713853648
68.976,11.164195246884926
13.392,27.513981282754063
-2.568,5.7687658550481125
0.48,-9.600033018668876
13.02,-6.330075811495049
-18.315,-8.94604157723411
0.5,-7.474560834005889
11.912,13.616663152265296
9.12,-6.657071532212432
3.42,-7.311062973647197
-15.9984,-2.896620743962531
10.8836,-8.455547996158037
42.0,20.483573287330334
8.098,47.13372452579702
130.7581,46.643230944720955
408.24,432.8251771119499
-14.784,8.221233760428483
10.8,-5.0220929286255185
24.12,0.373336463211297
2.016,-10.254024460103642
-7.05,-11.39850948261448
27.72,4.460782972178581
9.207,-7.147565113288506
1.2,-2.079131442169073
29.32,-1.9156335818103827
100.44,65.93597846704652
-5.568,5.7687658550481125
-8.871,-11.39850948261448
0.84,-11.889003063690556
376.92,124.63171033581672
385.38,127.57467182227317
26.5,3.6432936703851233
4.536,-3.5506121853972967
-23.364,159.2932567318593
18.0096,-6.166577951136357
-147.28,24.734517656656305
85.92,25.552006958449763
63.4935,14.597650314417443
-16.002,-10.417522320462332
-108.978,0.7003321839286798
20.4,9.856212364015395
4.48,-10.581020180821024
121.88,104.84846923241507
119.2,65.60898274632915
-11.472,-8.292050135799347
-34.2,-3.3871143250386044
11.82,-7.147565113288506
43.6545,6.749753017200259
19.872,-5.676084370060284
3.84,-5.349088649342901
6.63,100.2705291423717
3.6,-8.128552275440654
17.28,-3.5506121853972967
13.68,-0.6076506989408514
26.55,-2.2426293025277655
141.48,244.80263769945486
21.84,-3.7141100457559872
61.6,7.730740179352406
46.88,370.8594880360059
32.58,54.32763038157944
36.96,1.6813193460808264
277.74,104.35797565133899
-4.896,-10.744518041179715
172.26,46.31623522400356
2.9304,-6.003080090777666
1.984,-9.763530879027567
1.3677,-11.889003063690556
-1.575,-5.839582230418975
-9.369,15.088143895493516
87.3,165.99666900656564
94.149,22.282049751275938
-36.405,-0.4441528385821609
-0.24,-10.417522320462332
36.96,42.555784435753665
37.568,69.53293139493773
3.0,-4.204603626832062
143.97,39.9398186700146
74.46,14.10715673334137
4.2,-7.474560834005889
21.15,-5.349088649342901
4.29,-3.5506121853972967
0.24,-7.965054415081963
18.48,7.894238039711098
12.09,-4.531599347549444
7.98,-8.78254371687542
2.065,-9.600033018668876
9.06,-6.657071532212432
13.16,-1.5886378610929999
-71.9604,95.85608691268705
7.184,-8.78254371687542
6.12,-6.820569392571123
160.4,60.54054907520971
5.88,-5.512586509701593
-18.81,-6.003080090777666
65.79,59.396064052698875
41.1208,6.749753017200259
-128.7468,476.6426036880792
38.7,45.335248061851416
5.1816,-9.927028739386259
-121.2,8.221233760428483
-8.676,-10.254024460103642
12.36,-6.9840672529298145
39.96,11.000697386526234
18.96,4.9512765532546545
-13.128,26.042500539525836
178.2,68.55194423278559
15.48,-5.349088649342901
-0.75,-2.2426293025277655
167.82,106.97394141707805
128.4,127.73816968263186
5.46,-3.3871143250386044
31.6,-1.5886378610929999
62.2,13.126169571189223
93.0552,40.10331653037329
2.4,-8.78254371687542
-2.664,-2.5696250232451483
14.04,4.133787251461197
-21.36,-4.858595068266827
215.52,123.1602295925885
325.716,168.7761326326634
6.0,-6.166577951136357
370.32,239.89770188869414
-18.186,29.312457746699668
-5.34,-11.23501162225579
1.746,13.943658872982677
66.36,27.84097700347144
16.14,-4.204603626832062
76.32,50.07668601225346
12.6,-3.0601186043212216
231.3,145.23244074101183
243.42,72.31239502103548
5.16,-5.839582230418975
-2.706,-9.927028739386259
-63.18,2.335310787515592
0.642,-7.311062973647197
19.53,-5.676084370060284
8.48,-9.600033018668876
12.096,0.373336463211297
8.0,3.9702893911025043
14.1,-7.63805869436458
48.5392,4.9512765532546545
20.61,38.141342206069
25.8,29.96644918813443
85.56,25.388509098091074
11.04,-7.63805869436458
3.66,-0.4441528385821609
-35.16,-5.18559078898421
10.5,-6.657071532212432
7.0128,-8.619045856516728
37.8,17.050118219797813
147.5,60.7040469355684
26.7,-1.0981442800169265
35.6778,19.01209254410211
56.973,55.1451196833729
-69.99,14.43415245405875
-28.926,-9.436535158310186
4.1328,-10.417522320462332
117.72,61.685034097720546
79.9056,42.065290854677585
158.76,45.335248061851416
12.5762,90.46065752085022
172.02,48.76870312938394
-30.528,62.17552767879663
2071.44,878.8473401704599
-80.466,-5.18559078898421
4.56,-9.927028739386259
22.246,0.5368343235699875
1.32,-6.9840672529298145
4.8546,-9.600033018668876
9.8625,-7.147565113288506
-0.024,-3.7141100457559872
9.03,-4.531599347549444
541.62,226.9813709203575
20.16,15.088143895493516
2.1,-11.39850948261448
15.594,-6.820569392571123
56.55,12.308680269395765
-15.696,-10.908015901538407
9.6048,-8.94604157723411
324.3825,252.81403285703072
8.04,4.133787251461197
2.64,-10.581020180821024
7.356,-7.147565113288506
2.46,-9.600033018668876
213.735,197.2247603350757
24.998,1.6813193460808264
6.18,-9.600033018668876
13.5,-5.18559078898421
-211.14,32.582414953873496
22.5408,-4.695097207908136
6.51,-5.676084370060284
49.14,77.21733083179623
7.14,-9.600033018668876
22.9488,1.0273279046460608
2.61,-7.474560834005889
7.002,-6.9840672529298145
-16.4886,-9.109539437592801
34.89,6.586255156841567
110.28,23.753530494504158
135.36,35.688874300688624
-59.58,2.9893022289503577
5.46,-3.3871143250386044
27.1503,5.60526799468942
247.062,94.54810402981751
20.1579,97.49106551627395
7.8,-8.292050135799347
-13.408,-10.254024460103642
-20.8776,-7.8015565547232715
1.5876,-11.39850948261448
70.4928,11.654688827961
76.7,57.27059186803588
-3.948,-10.090526599744951
46.662,36.66986146284077
55.016,23.59003263414547
-56.172,262.7874023389109
4.08,-6.657071532212432
-21.204,-4.204603626832062
-98.424,-2.896620743962531
9.29004,27.513981282754063
0.24,-11.39850948261448
8.7138,-9.273037297951493
62.04,65.77248060668784
18.45,2.0083150667982093
18.504,14.924646035134828
-202.344,70.35042069673119
-0.075,7.567242318993717
-0.048,2.662306508232975
-64.716,-4.204603626832062
184.17,78.85230943538313
380.88,143.27046641670754
52.272,329.8215250859744
200.8638,170.08411551553291
83.58,21.791556170199865
-48.1905,0.7003321839286798
15.06,-0.11715711786477812
99.36,30.293444908851814
12.6813,-7.311062973647197
36.72,0.2098386028526047
-15.024,-3.7141100457559872
123.36,83.75724524614388
-5.72,-8.455547996158037
4.68,-10.581020180821024
20.58,-2.406127162886456
10.92,-8.78254371687542
16.92,23.59003263414547
74.61,15.415139616210901
0.0,-8.78254371687542
1.7055,-10.908015901538407
-7.0146,-7.311062973647197
11.67,-8.292050135799347
9.0912,136.2400584212838
5.38,-9.600033018668876
40.8,9.20222092258063
30.24,20.647071147689022
333.585,165.50617542548957
2.64,31.110934210645272
24.3,6.586255156841567
5.949,-4.368101487190753
2.457,6.586255156841567
14.7582,19.829581845895564
3.344,-9.600033018668876
445.52,267.8558360100304
3.06,-8.128552275440654
17.19,7.730740179352406
37.9,10.673701665808853
29.2857,-2.2426293025277655
41.76,48.278209548307856
19.8,12.472178129754457
-330.352,51.22117103476431
2.7,-6.003080090777666
18.96,-6.003080090777666
28.8,5.114774413613347
690.9,269.9813081946933
6.84,-3.7141100457559872
-2.046,-5.0220929286255185
8.2764,5.60526799468942
6.18,-7.63805869436458
84.24,45.662243782568794
35.64,40.59381011144937
-21.021,-1.9156335818103827
338.8,119.56327666469728
-70.32,5.60526799468942
-11.888,-5.839582230418975
233.8,226.65437519964013
-5.31,-9.109539437592801
194.16,101.08801844416516
3.2,-1.5886378610929999
-0.99,-12.215998784407939
434.9913,183.817935785663
-4.288,-11.562007342973173
3.3524,-10.908015901538407
0.96,-8.455547996158037
-26.235,-0.4441528385821609
0.0,3.9702893911025043
-19.74,41.08430369252544
-30.2013,-5.18559078898421
2.73,-10.581020180821024
19.6305,38.958831507862456
-121.536,13.289667431547912
-8.576,-10.581020180821024
-106.416,5.441770134330728
58.5,37.97784434571031
0.0,-8.78254371687542
11.803,-5.676084370060284
0.78,-10.908015901538407
-12.648,10.837199526167542
54.7756,28.331470584547514
23.55,2.9893022289503577
15.15,-5.18559078898421
2.88,-7.63805869436458
-2.6892,-11.725505203331863
21.0654,-5.0220929286255185
-19.3599,-7.63805869436458
78.75,21.46456044948248
12.76,-7.147565113288506
26.55,0.373336463211297
24.6,27.84097700347144
13.44,9.856212364015395
-22.89,-8.455547996158037
13.44,-2.406127162886456
28.8,12.472178129754457
68.8464,19.829581845895564
231.24,98.79904839914349
14.2,-6.657071532212432
4.6644,-10.090526599744951
359.9988,772.4102330769518
540.72,247.74559918591132
17.91,-6.166577951136357
10.02,-0.6076506989408514
55.62,7.403744458635025
4.41,-9.273037297951493
-16.824,-8.292050135799347
16.2,11.818186688319692
4.44,-5.676084370060284
-8.672,-7.311062973647197
-41.958,0.373336463211297
1.92,-0.7711485592995437
43.542,79.17930515610053
67.8156,64.30099986345961
3.21,-10.744518041179715
40.26,1.6813193460808264
6.27,-9.109539437592801
15.42,4.460782972178581
12.24,-7.63805869436458
25.05,-3.223616464679914
91.44,32.90941067459087
-44.1,-0.7711485592995437
36.84,2.335310787515592
13.3035,-7.965054415081963
1164.267,673.0035339788675
-28.368,8.221233760428483
79.68,14.761148174776135
227.88,298.26643803674693
-3.63,-11.562007342973173
365.64,123.48722531330587
51.36,21.30106258912379
20.64,-3.223616464679914
135.4068,578.0112771104679
3.96,-1.4251400007343094
431.82,178.42250639382618
3.9592,-5.0220929286255185
34.2,5.114774413613347
-7.608,43.37327373754712
44.955,28.49496844490621
15.06,-6.330075811495049
7.14,-8.128552275440654
316.2,291.72652362239927
3.7408,-10.581020180821024
-0.8999,-0.6076506989408514
128.7,47.78771596723179
104.31,58.742072611264106
12.04,-2.896620743962531
-17.0274,2.1718129271569016
21.42,8.221233760428483
112.68,49.095698850101314
-5.466,-7.474560834005889
-27.9312,-6.166577951136357
2.88,-0.6076506989408514
12.12,-7.8015565547232715
47.8788,78.68881157502445
10.35,-6.330075811495049
15.12,0.04634074249391418
15.012,-5.839582230418975
1.6,-10.417522320462332
7.56,-2.896620743962531
-54.306,-4.858595068266827
14.16,-3.7141100457559872
-15.2775,22.9360411927107
-6.21,14.761148174776135
244.2,92.7496275658719
-48.33,1.1908257650047531
13.104,-7.63805869436458
0.08,-10.744518041179715
162.54,143.92445785814232
62.16,20.483573287330334
59.64,22.445547611634627
32.4684,2.335310787515592
34.38,25.06151337737369
-69.792,2.825804368591667
7.4975,7.240246598276332
135.3,33.72689997638433
-104.832,9.20222092258063
0.96,-8.455547996158037
-6.774,-10.744518041179715
89.28,19.99307970625426
4.4,-10.090526599744951
116.3904,27.18698556203668
10.647,-1.9156335818103827
-15.486,-2.406127162886456
179.4,82.44926236327434
38.1576,11.654688827961
85.14,57.27059186803588
105.15,25.06151337737369
224.96,99.12604411986086
108.6,241.36918263192234
16.1838,-4.531599347549444
-38.8212,-9.927028739386259
438.75,286.4945920909212
3.006,11.000697386526234
100.68,32.091921372797415
53.28,21.137564728765096
2.28,-10.254024460103642
21.6,-4.204603626832062
-9.69,1.8448172064395187
8.28,-6.657071532212432
-230.51,31.43792993136265
18.492,1.0273279046460608
19.5,-3.7141100457559872
-320.229,98.6355505387848
109.998,95.52909119196966
61.92,50.89417531404692
4.5,-9.927028739386259
2.6416,-10.744518041179715
14.79,22.282049751275938
7.7,-9.763530879027567
-4.764,-7.8015565547232715
10.98,-8.619045856516728
5.04,-5.349088649342901
12.3284,-0.9346464196582343
96.804,29.475955607058356
23.64,6.0957615757654935
1.98,-1.4251400007343094
3.6288,-10.744518041179715
-10.804,1.6813193460808264
10.5728,-6.166577951136357
-457.245,94.38460616945882
-32.2,-1.4251400007343094
8.82,-6.166577951136357
18.09,-5.839582230418975
19.98,42.22878871503629
0.28,-10.090526599744951
11.1,-8.455547996158037
469.35,189.5403608982172
9.3,-4.695097207908136
8.91,-0.28065497822346863
12.03,-4.858595068266827
29.376,14.597650314417443
6.384,-1.7521357214516922
1.2,-8.455547996158037
-19.632,-6.820569392571123
-186.24,1.8448172064395187
-8.55,-10.581020180821024
-11.757,28.49496844490621
67.62,30.12994704849312
51.3,6.749753017200259
-24.987,-4.858595068266827
82.56,43.86376731862319
0.7938,-11.889003063690556
-2.688,-11.889003063690556
16.92,0.2098386028526047
8.04,-7.147565113288506
4.5448,-9.600033018668876
2.2155,-0.28065497822346863
-5.328,-9.763530879027567
4.77,-10.090526599744951
8.5914,-9.109539437592801
-41.604,3.8067915307438156
785.52,244.47564197873749
27.24,15.415139616210901
-3.3246,-5.349088649342901
-51.74,49.095698850101314
115.29,38.63183578714508
54.9,34.87138499889517
-2.918,-4.695097207908136
-0.891,-5.0220929286255185
21.384,-4.531599347549444
-26.726,-6.657071532212432
-20.142,-10.417522320462332
9.6192,-9.109539437592801
0.3336,-11.725505203331863
4.497,-10.090526599744951
1.458,-5.18559078898421
-3.792,-9.763530879027567
-3.675,-6.657071532212432
-8.505,-9.273037297951493
8.826,-9.109539437592801
27.72,3.8067915307438156
-15.776,13.453165291906604
-152.28,85.88271743080686
920.754,374.7834366846145
54.04,5.278272273972036
4.8,-9.436535158310186
2.8,33.72689997638433
111.517,133.46059479518607
27.12,-3.5506121853972967
-299.2614,142.1259813941967
-39.285,51.71166461584038
10.32,-7.965054415081963
35.01,69.36943353457904
7.92,-8.94604157723411
48.6,8.05773590006979
145.5894,159.78375031293538
39.608,27.513981282754063
-4.98,-8.619045856516728
1.46,-11.562007342973173
8.25,-7.147565113288506
5.52,-10.090526599744951
-199.617,36.99685718355816
238.32,68.87893995350296
6.06,-9.436535158310186
-9.624,-10.908015901538407
-218.84,18.358101102667344
616.95,227.79886022215098
11.49,2.662306508232975
-28.65,-4.858595068266827
0.0,-2.2426293025277655
61.6,11.000697386526234
113.4,64.95499130489438
6.7236,-8.128552275440654
41.04,13.453165291906604
5.2164,-10.417522320462332
10.2,-4.04110576647337
5.7,11.000697386526234
304.884,119.56327666469728
-147.12,27.677479143112752
-17.164,-8.292050135799347
-27.852,-9.600033018668876
555.48,221.25894580780331
25.1916,7.240246598276332
-63.462,7.894238039711098
257.9871,85.71921957044817
18.672,1.3543236253634436
-102.6,-0.6076506989408514
117.96,79.01580729574184
6.9,3.8067915307438156
445.26,145.8864321824466
-24.0,-9.436535158310186
-28.17,-1.4251400007343094
730.26,241.69617835263975
23.3184,11.491190967602307
143.91,49.91318815189477
3.389,-3.5506121853972967
2.04,-8.128552275440654
100.008,37.97784434571031
16.56,26.53299412060191
12.24,16.23262891800436
14.1,-6.003080090777666
1.12,-7.8015565547232715
-39.04,24.080526215221543
13.299,-4.04110576647337
12.096,-7.474560834005889
98.28,20.483573287330334
-38.9475,106.97394141707805
7.24,2.4988086478742844
42.88,10.183208084732776
2.3674,-7.965054415081963
21.0,3.9702893911025043
22.2,20.647071147689022
33.3136,-0.7711485592995437
-23.952,-7.474560834005889
-15.48,-10.254024460103642
39.15,3.15280008930905
-39.93,-4.695097207908136
-18.528,-8.292050135799347
15.4752,-2.5696250232451483
-32.088,-1.9156335818103827
22.5008,-4.858595068266827
25.128,-2.406127162886456
2.016,-2.406127162886456
-6.564,-8.78254371687542
246.12,71.49490571924203
56.352,110.57089434496926
26.649,0.04634074249391418
36.96,1.6813193460808264
8.94,-6.9840672529298145
18.767,48.932200989742626
54.24,10.346705945091468
0.891,-12.052500924049246
162.8604,54.49112824193813
21.99,-4.368101487190753
27.3,2.9893022289503577
9.534,-6.820569392571123
-18.1176,39.44932508893852
-52.3476,0.2098386028526047
-12.78,-9.273037297951493
23.028,25.225011237732378
-5.6943,-8.455547996158037
-0.0138,-11.23501162225579
68.46,127.57467182227317
-1.27248,91.44164468300238
15.3522,9.856212364015395
6.09,-10.254024460103642
5.1465,-10.581020180821024
-34.836,89.97016393977415
-167.3184,50.240183872612164
-6.612,-10.090526599744951
-17.631,-7.8015565547232715
10.92,-1.7521357214516922
9.24,-8.619045856516728
5.76,-10.090526599744951
178.92,405.52103443204845
11.5536,-7.147565113288506
0.7704,-11.23501162225579
-16.725,-7.965054415081963
13.84,15.905633197286974
-10.377,-10.908015901538407
74.14236,28.167972724188825
5.46,-9.436535158310186
93.2232,85.55572171008949
45.9,55.799111124807666
18.08,4.133787251461197
-117.864,32.90941067459087
3.0774,-11.23501162225579
69.624,13.289667431547912
15.84,2.0083150667982093
-60.744,5.114774413613347
-3.312,-10.744518041179715
14.628,-4.04110576647337
5.74,-3.7141100457559872
5.01,-7.474560834005889
-146.88,26.36949626024322
25.08,-3.7141100457559872
5.796,-9.600033018668876
-26.784,27.023487701677983
-7.605,4.9512765532546545
18.873,-0.9346464196582343
-3.9032,-12.052500924049246
29.964,27.677479143112752
129.9974,69.36943353457904
85.86,57.76108544911196
10.35,29.96644918813443
-113.7,90.9511511019263
14.88,36.342865742123394
368.16,249.3805777894982
359.91,134.7685776780556
3.33,-10.417522320462332
-24.615,43.209775877188434
22.68,-3.8776079061146795
58.5,18.521598963026037
18.447,-0.7711485592995437
-2.1465,-2.896620743962531
6.6,-9.273037297951493
-0.015,-10.090526599744951
-47.0583,47.4607202465144
5.24,-8.94604157723411
83.0502,34.3808914178191
-7.56,-10.254024460103642
161.25,41.41129941324283
108.24,23.099539053069396
0.864,-7.63805869436458
-18.26,27.350483422395367
33.1,-1.5886378610929999
17.844,31.43792993136265
5.8914,-9.600033018668876
9.9,-7.965054415081963
15.99,-3.3871143250386044
4.6812,-10.744518041179715
-25.6,-1.4251400007343094
29.8,-2.2426293025277655
4.95,-10.254024460103642
-14.5152,-9.109539437592801
-95.328,11.000697386526234
259.65,84.08424096686126
2.448,-8.292050135799347
13.38,0.5368343235699875
-7.392,-10.254024460103642
10.0467,-2.406127162886456
1.44,-11.39850948261448
1.95,-8.292050135799347
296.85,143.59746213742494
-37.08,4.9512765532546545
65.978,12.145182409037073
-85.572,71.49490571924203
15.4,1.6813193460808264
30.372,3.6432936703851233
4.995,-9.763530879027567
-14.081,68.22494851206821
7.08,-4.04110576647337
-2.3748,3.15280008930905
2.73,-10.581020180821024
6.496,-9.273037297951493
291.24,127.73816968263186
-17.115,-11.23501162225579
-915.705,140.3275049302511
15.84,-6.003080090777666
6.12,-2.2426293025277655
7.704,-9.600033018668876
6.0,-6.166577951136357
2.52,-5.512586509701593
1.056,-9.763530879027567
127.476,91.76864040371976
1192.86,597.1405267724348
-107.9928,75.9093479489267
25.68,34.3808914178191
57.4938,22.445547611634627
29.97,13.453165291906604
3.09,0.2098386028526047
5.6,-9.763530879027567
10.224,-8.619045856516728
5.76,-6.820569392571123
2.4585,-9.436535158310186
46.98,3.9702893911025043
-46.797,33.56340211602564
6.52,-5.18559078898421
18.03,-2.5696250232451483
27.93,-3.223616464679914
14.098,26.859989841319294
124.929,150.95486585356605
119.76,35.36187857997125
30.7848,17.540611800873886
16.32,-4.204603626832062
5.0055,-10.581020180821024
-12.404,-6.657071532212432
-6.462,72.1488971606768
-26.7204,12.635675990113146
25.551,76.39984153000277
6.8724,-9.927028739386259
236.04,89.1526746379807
113.8,68.55194423278559
39.996,29.639453467417045
89.7,29.475955607058356
21.06,-2.733122883603839
12.1,2.825804368591667
-32.736,-8.292050135799347
1.3716,-11.725505203331863
17.1774,34.3808914178191
0.0,12.145182409037073
51.2757,28.49496844490621
5.1,-10.090526599744951
29.97,13.453165291906604
19.14,-3.8776079061146795
15.75,-4.04110576647337
7.64,-9.436535158310186
-2.4726,-5.349088649342901
20.28,-3.5506121853972967
2.85,-8.455547996158037
4.074,-9.600033018668876
0.0,446.06850380100394
-8.64,-9.109539437592801
-14.2716,-10.090526599744951
64.53,11.654688827961
371.7,109.26291146209974
16.14,-4.368101487190753
-174.156,10.019710224374087
14.58,2.4988086478742844
3.68,18.194603242308652
-7.23,-11.39850948261448
-1.744,-10.254024460103642
-10.4214,-11.39850948261448
16.1,-3.8776079061146795
2.88,3.6432936703851233
-51.78,10.673701665808853
57.24,32.255419233156104
9.912,19.99307970625426
-0.003,13.616663152265296
-9.492,125.77619535832757
2.9061,-6.657071532212432
50.5632,22.118551890917242
-178.19792,56.78009828695981
7.04,-8.455547996158037
17.04,-4.695097207908136
8.58,7.730740179352406
0.24,-11.39850948261448
-85.128,11.98168454867838
210.8568,560.1900103313704
-47.58,-8.78254371687542
27.75,-2.733122883603839
146.43564,43.37327373754712
-10.995,-10.090526599744951
26.56,-1.5886378610929999
-35.52,-7.8015565547232715
7.98,-2.896620743962531
19.32,0.8638300442873703
-376.82,115.14883443501262
1.5,-9.273037297951493
42.24,1.517821485722136
-92.7996,50.07668601225346
9.84,-8.78254371687542
49.4982,95.52909119196966
128.7,47.78771596723179
-4.788,-6.49357367185374
6.57,1.1908257650047531
3.895,-9.763530879027567
7.98,-4.695097207908136
11.0016,-8.619045856516728
3.6288,-10.744518041179715
68.001,135.91306270056643
-4.7274,-9.436535158310186
2.0049,-11.562007342973173
34.59,29.96644918813443
2.891,-8.619045856516728
35.34,40.10331653037329
35.88,4.460782972178581
4.8,-9.927028739386259
55.35,8.711727341504556
-95.844,-4.204603626832062
178.56,52.529153917633835
10.08,-7.63805869436458
41.22,5.278272273972036
15.78,52.20215819691646
-10.173,-11.562007342973173
40.32,9.52921664329801
-18.2376,-7.63805869436458
-760.98,174.17156202450022
40.23,13.943658872982677
201.15,74.11087148498109
21.45,-2.406127162886456
-7.9634,-10.581020180821024
1.02,-3.7141100457559872
-42.6528,-1.4251400007343094
3.9144,-10.090526599744951
861.24,339.63139670749587
18.42,4.460782972178581
90.66,27.677479143112752
1.08,5.60526799468942
49.5,4.460782972178581
1.14,-9.273037297951493
-58.38,-5.676084370060284
10.98,-6.9840672529298145
574.14,183.16394434422824
5.6644,-10.417522320462332
3.44,-9.763530879027567
5.999,3.3162979496677405
8.2616,-9.436535158310186
-87.1488,-6.820569392571123
18.84,5.7687658550481125
93.1088,68.55194423278559
31.04,-2.2426293025277655
-113.481,2.662306508232975
-19.884,-10.254024460103642
-6.186,-11.562007342973173
42.24,3.15280008930905
-34.749,44.35426089969927
180.7659,47.95121382759048
4.44,-5.676084370060284
46.8,10.183208084732776
-56.712,-2.896620743962531
20.52,2.335310787515592
22.74,24.898015517015
57.258,13.453165291906604
-0.032,-2.406127162886456
56.511,21.791556170199865
6.471,-8.455547996158037
-2.4582,-9.600033018668876
-32.2425,-1.5886378610929999
884.058,372.9849602206689
112.725,172.20958770019593
15.0,-1.7521357214516922
-11.235,28.985462025982283
161.16,56.9435961473185
25.92,-2.079131442169073
98.5248,60.86754479592709
13.62,3.6432936703851233
38.4975,121.68874884936027
1.944,-8.78254371687542
24.12,12.308680269395765
96.36,41.901792994318896
12.72,-1.9156335818103827
9.4717,142.4529771149141
7.509,-3.223616464679914
-14.592,51.22117103476431
197.16,88.33518533618724
17.64,-5.676084370060284
54.624,68.0614506517095
-119.18,14.43415245405875
-11.1,-10.417522320462332
-331.5,112.69636652963224
24.42,3.6432936703851233
-30.336,-5.676084370060284
-96.4704,54.65462610229682
17.22,-2.2426293025277655
57.888,23.099539053069396
2.0025,-8.619045856516728
28.217,3.479795810026431
15.336,-6.820569392571123
0.0,188.39587587570637
6.5,-7.63805869436458
10.26,-0.4441528385821609
238.98,288.29306855486675
10.47,-3.3871143250386044
1.65,-10.417522320462332
56.4,24.571019796297616
6.74,-9.436535158310186
65.88,10.51020380545016
10.24,-7.474560834005889
3.78,-7.965054415081963
25.02,-4.204603626832062
-12.816,-4.04110576647337
4.04,-10.254024460103642
-0.036,95.36559333161097
4.6221,-9.927028739386259
-13.328,4.9512765532546545
93.884,31.43792993136265
87.84,83.4302495254265
8.636,-8.292050135799347
48.78,3.6432936703851233
0.0,28.6584663052649
-719.208,155.5328059436094
44.37,15.578637476569593
-22.92,10.183208084732776
-52.308,10.837199526167542
187.119,129.70014400693617
5.256,-7.147565113288506
0.0,180.71147643884785
46.32,50.73067745368823
-24.192,-6.820569392571123
11.28,-7.965054415081963
-40.776,-8.78254371687542
68.1,9.856212364015395
-8.5974,-10.581020180821024
33.8517,135.25907125913167
46.08,6.0957615757654935
0.0,-5.0220929286255185
1.26,-6.657071532212432
3.84,3.3162979496677405
60.39,13.616663152265296
11.4452,-5.18559078898421
48.48,35.19838071961256
14.22,-4.368101487190753
27.1764,46.80672880507964
-250.396,233.1942896139878
5.4,-4.368101487190753
5.7,-4.531599347549444
4.96,-2.5696250232451483
-17.505,18.358101102667344
-6.0,17.050118219797813
0.1692,-12.052500924049246
14.3136,-3.3871143250386044
11.454,-8.292050135799347
26.16,8.05773590006979
12.3,-7.311062973647197
14.13,1.1908257650047531
-356.664,41.901792994318896
160.632,83.10325380470911
48.114,34.87138499889517
199.2,55.472115404090275
-74.2086,16.396126778363048
482.28,155.3693080832507
-2.632,-10.908015901538407
24.66,7.730740179352406
26.64,3.15280008930905
-35.8176,-8.78254371687542
-10.035,-9.763530879027567
-16.428,25.388509098091074
-14.844,-9.763530879027567
175.52,50.07668601225346
-20.022,8.875225201863245
13.77,-6.657071532212432
130.833,71.33140785888334
-54.7908,30.783938489927888
38.2668,16.069131057645667
3.4,-4.204603626832062
481.05,345.19032395969134
17.64,2.825804368591667
-123.744,-3.0601186043212216
-84.669,6.586255156841567
27.0,2.825804368591667
18.08,14.43415245405875
-121.8735,186.92439513247814
66.252,20.974066868406407
1.704,-10.417522320462332
13.734,-6.330075811495049
16.7856,-2.079131442169073
-2.982,18.031105381949963
-3.558,-11.889003063690556
7.263,90.9511511019263
31.14,3.479795810026431
73.92,28.004474863830136
-19.047,-10.908015901538407
-65.475,-0.4441528385821609
58.74,11.000697386526234
52.02,10.673701665808853
16.3863,-2.406127162886456
204.282,280.1181755369322
2.46,-8.78254371687542
6.612,-9.273037297951493
4.92,-10.254024460103642
36.0,578.99226427262
-11.32,-0.11715711786477812
83.52,17.377113940515198
150.84,72.63939074175286
411.0,174.3350598848589
-1399.244,85.71921957044817
-2.144,-2.079131442169073
-90.567,120.87125954756682
-8.856,-7.311062973647197
135.84,80.16029231825267
4.62,-9.600033018668876
48.69,9.20222092258063
4.98,-4.204603626832062
18.84,5.7687658550481125
-3.198,-5.676084370060284
573.0,195.91677745220616
21.72,-2.5696250232451483
-2.836,-11.23501162225579
22.668,-1.261642140375617
-821.961,415.16740819321126
-24.324,11.491190967602307
6.09,-10.254024460103642
22.08,5.60526799468942
2.5302,2.825804368591667
12.838,-8.128552275440654
-2.54,-8.94604157723411
405.54,157.65827812827237
13.52,31.92842351243873
37.305,2.4988086478742844
-30.15,-9.273037297951493
4.89,-10.581020180821024
110.88184,29.96644918813443
35.64,0.5368343235699875
-14.4,7.240246598276332
1.62,-8.619045856516728
-2.73,-11.725505203331863
54.18,12.96267171083053
6.48,-4.858595068266827
18.48,-3.7141100457559872
6.72,15.251641755852209
217.1,141.96248353383803
-53.792,31.601427791721346
30.24,111.38838364676272
16.9497,6.0957615757654935
3.12,13.453165291906604
50.4063,11.98168454867838
-15.216,-8.292050135799347
6.12,-7.8015565547232715
5.319,-8.455547996158037
4.83,-10.090526599744951
179.64,59.23256619234017
-23.07,-8.455547996158037
48.48,11.000697386526234
-1.008,-9.109539437592801
4.88,-10.744518041179715
80.04,28.49496844490621
-104.76,-0.7711485592995437
-77.56,12.145182409037073
72.0,156.18679738504417
157.65,99.78003556129563
148.704,230.74182170860743
58.02,15.578637476569593
10.98,-8.619045856516728
64.92,139.34651776809895
11.85,1.517821485722136
5.526,-10.254024460103642
-4.428,-9.109539437592801
41.85,4.787778692895962
14.08,6.749753017200259
-10.4874,-10.090526599744951
55.5,28.821964165623594
3.288,-4.204603626832062
7.44,-1.261642140375617
137.52,81.30477734076351
86.82,28.167972724188825
-31.8942,-6.49357367185374
49.14,34.87138499889517
15.84,8.875225201863245
24.72,3.15280008930905
5.78,-7.147565113288506
207.8856,118.41879164218643
35.9604,28.331470584547514
143.088,77.54432655251361
-16.884,-10.744518041179715
-15.4581,-0.4441528385821609
85.44,51.22117103476431
2.1,-10.581020180821024
-33.93,-6.820569392571123
42.9914,3.9702893911025043
5.841,6.749753017200259
4.62,-10.581020180821024
5.1294,58.905570471622795
15.824,-6.820569392571123
109.62,37.48735076463423
15.777,-3.7141100457559872
-1.965,-11.889003063690556
0.0,-8.455547996158037
8.22,-8.94604157723411
80.7772,57.59758758875327
1.7375,-11.39850948261448
48.906,5.7687658550481125
-5.9157,-6.657071532212432
137.52,34.54438927817779
331.44,103.04999276846947
0.693,-11.071513761897098
220.4853,61.19454051664448
2.55,9.20222092258063
13.65,24.898015517015
4.56,-9.436535158310186
21.6,-5.0220929286255185
1898.4,849.9082188869716
15.57,-4.368101487190753
7.644,-9.763530879027567
31.68,2.0083150667982093
7.6,-9.600033018668876
13.98,-6.9840672529298145
0.0,4.62428083253727
3.48,-10.417522320462332
4.68,-2.5696250232451483
-0.036,65.93597846704652
3.3,-5.512586509701593
14.2758,-5.349088649342901
-165.368,35.36187857997125
24.45,7.567242318993717
19.8716,-5.512586509701593
6.6,-8.128552275440654
92.392,229.2703409653792
-1.428,-9.273037297951493
107.7216,23.59003263414547
13.92,2.825804368591667
82.728,107.79143071887151
23.16,-4.368101487190753
3.21,-10.744518041179715
107.613,44.19076303934058
1.062,-7.8015565547232715
5.85,20.15657756661295
12.225,21.62805830984117
8.4,-5.18559078898421
4.1391,-6.330075811495049
17.82,0.8638300442873703
40.32,6.586255156841567
5.22,-8.619045856516728
12.3,-0.4441528385821609
-3.12,-6.003080090777666
103.632,56.9435961473185
10.28,-7.474560834005889
26.824,0.2098386028526047
5.3,-9.109539437592801
0.36,-9.273037297951493
-18.52,-9.927028739386259
35.7,3.479795810026431
62.352,89.64316821905678
-3.99,-11.889003063690556
978.84,408.7909916392223
-813.393,98.4720526784261
2302.9671,788.7600191128209
111.96,74.76486292641586
227.28,107.46443499815413
89.28,19.99307970625426
9.96,-8.128552275440654
28.71,-3.0601186043212216
10.8,-8.78254371687542
3.7436,-11.071513761897098
16.38,-5.839582230418975
16.29,-0.7711485592995437
36.78,3.479795810026431
12.28,88.17168747582855
393.39,166.32366472728302
52.38,35.19838071961256
4.2,-2.5696250232451483
2.28,-11.071513761897098
160.1766,101.41501416488255
11.796,26.205998399884532
4.275,8.548229481145864
32.94,21.30106258912379
153.58,42.22878871503629
-44.1552,23.753530494504158
-0.0186,-8.94604157723411
2.82,-10.090526599744951
195.57,51.54816675548169
1.08,6.259259436124186
-114.19664,37.97784434571031
14.5,2.4988086478742844
8.94,-6.9840672529298145
-3.534,0.373336463211297
3.3,-9.600033018668876
-7.8939,68.0614506517095
-12.796,-6.9840672529298145
2.61,-8.78254371687542
-20.298,-9.927028739386259
10.104,-1.4251400007343094
5.6644,-10.417522320462332
1.53,-3.8776079061146795
-6.9708,1.517821485722136
21.0,12.145182409037073
-31.722,45.8257416429275
53.28,5.114774413613347
-313.98,41.57479727360152
-38.64,-2.406127162886456
10.29,9.038723062221937
28.9,-2.5696250232451483
20.682,-1.0981442800169265
146.7693,113.84085155214309
-33.075,22.77254333235201
-25.9136,8.875225201863245
7.2,-2.406127162886456
4.266,-8.78254371687542
0.882,0.7003321839286798
30.0,8.875225201863245
-23.5263,-6.003080090777666
8.055,27.84097700347144
7.92,-5.18559078898421
-84.2928,-1.5886378610929999
32.4,-0.7711485592995437
126.7194,149.15638938962044
33.0,0.5368343235699875
1.26,-7.147565113288506
14.82,-2.2426293025277655
-66.656,-5.0220929286255185
-32.094,-9.109539437592801
1.02,-8.128552275440654
23.01,8.548229481145864
20.88,72.96638646247025
-58.26,5.278272273972036
4630.4755,1532.6752837448664
5.76,6.4227572964828745
59.2275,25.879002679167147
-94.863,-3.0601186043212216
14.9556,-1.261642140375617
0.68,-8.619045856516728
-48.015,53.0196474987099
-22.656,-5.0220929286255185
9.96,-8.292050135799347
143.97,39.9398186700146
5.76,4.62428083253727
108.63,23.099539053069396
84.56,36.99685718355816
6.12,13.126169571189223
377.34,202.29319400619514
32.4688,54.00063466086206
1.002,-11.071513761897098
9.072,-8.128552275440654
19.56,-0.4441528385821609
5.0336,-7.311062973647197
39.9,8.548229481145864
3.528,-7.965054415081963
3.78,3.3162979496677405
58.671,9.20222092258063
-1.68,3.6432936703851233
26.46,3.6432936703851233
160.6,78.19831799394838
13.72,-6.657071532212432
17.19,-3.3871143250386044
78.7671,102.06900560631732
0.399,-11.562007342973173
40.12,26.205998399884532
5.7365,-5.512586509701593
-8.328,-11.23501162225579
329.994,131.49862047088178
120.96,36.99685718355816
102.144,30.6204406295692
-3.6212,-11.562007342973173
46.5,11.327693107243615
23.4,-3.8776079061146795
255.804,109.09941360174103
-51.645,114.00434941250178
-8.22,9.856212364015395
16.38,17.540611800873886
6.36,-6.49357367185374
18.5391,14.597650314417443
27.72,3.8067915307438156
-42.92,17.213616080156505
-14.688,-1.0981442800169265
24.12,-3.223616464679914
9.99,-6.820569392571123
27.68,4.460782972178581
29.67,5.60526799468942
6.15,-8.619045856516728
10.764,-8.455547996158037
31.56,19.99307970625426
83.58,21.791556170199865
4.0,20.810569008047718
75.63,49.422694570818706
-5.325,-11.889003063690556
327.15,128.39216112406663
20.52,-4.858595068266827
-19.602,-10.908015901538407
3.42,-10.090526599744951
30.392,1.3543236253634436
-37.665,44.35426089969927
65.28,19.99307970625426
-16.6848,-8.94604157723411
37.7874,2.335310787515592
10.5,2.0083150667982093
1.116,-9.436535158310186
27.9108,48.44170740866656
-14.0928,-9.436535158310186
36.81,10.837199526167542
105.84,23.753530494504158
-55.908,21.955054030558554
-7.965,-11.071513761897098
0.0,-5.839582230418975
6.6,-8.619045856516728
16.398,-6.49357367185374
-3.378,-12.052500924049246
-8.4444,-0.28065497822346863
78.96,59.396064052698875
9.51,-4.204603626832062
35.76,-0.11715711786477812
54.24,17.213616080156505
-8.2443,-10.744518041179715
0.8856,-11.071513761897098
3.12,-9.927028739386259
28.4928,40.92080583216675
-0.64,-9.436535158310186
1.89,-4.531599347549444
4.48,-10.581020180821024
11.7,-8.128552275440654
70.72496,52.529153917633835
-93.504,292.87100864491015
-2.37,-10.417522320462332
136.26,111.38838364676272
102.45,29.475955607058356
3.736,-10.744518041179715
6.78,-8.128552275440654
1.7472,-11.725505203331863
23.7,1.517821485722136
50.9208,17.377113940515198
-19.392,12.96267171083053
40.08,18.848594683743418
36.54,0.7003321839286798
2.6784,-1.4251400007343094
18.24,-1.7521357214516922
26.49,-2.2426293025277655
-76.9725,56.78009828695981
9.0,-8.128552275440654
-36.2352,21.137564728765096
-8.124,-6.330075811495049
323.19,113.5138558314257
120.6,110.89789006568664
272.9825,166.16016686692433
-76.275,0.04634074249391418
21.6,22.9360411927107
312.66,307.0953224961163
-3.7996,-11.562007342973173
60.39,13.616663152265296
4.9248,-9.927028739386259
15.84,13.616663152265296
1.08,-9.436535158310186
-69.81,60.54054907520971
142.08,65.11848916525307
-2.202,-11.39850948261448
-7.065,-5.349088649342901
9.3312,-9.273037297951493
-6.825,-5.349088649342901
16.56,55.472115404090275
14.2,-6.49357367185374
11.2,3.9702893911025043
1644.2913,729.2467979422573
54.99,14.10715673334137
13.86,12.799173850471838
-407.682,88.66218105690461
14.868,11.98168454867838
3.33,1.3543236253634436
37.8,13.453165291906604
18.12,-2.406127162886456
-6.723,-10.744518041179715
21.72,-3.7141100457559872
31.92,15.251641755852209
-3.48072,15.742135336928282
0.9,-9.436535158310186
33.12,8.875225201863245
8.7906,-9.436535158310186
-7.416,-10.417522320462332
17.82,7.240246598276332
24.882,21.46456044948248
-0.072,64.13750200310092
39.96,11.000697386526234
2.16,-0.11715711786477812
7.92,-8.94604157723411
-7.392,-11.889003063690556
4.32,-9.763530879027567
8.28,55.472115404090275
-18.012,-8.78254371687542
2.352,-9.109539437592801
2.19,-11.562007342973173
161.9919,66.09947632740521
-25.29,-0.28065497822346863
33.0,36.66986146284077
28.32,3.6432936703851233
80.541,50.07668601225346
-15.4188,164.03469468226135
1.032,-1.261642140375617
-13.32,-7.147565113288506
9.1581,-9.273037297951493
55.05,100.2705291423717
3.3524,-10.908015901538407
-451.008,61.35803837700317
6.88,-7.63805869436458
70.95,30.6204406295692
-3.828,-11.562007342973173
5.76,-1.9156335818103827
5.1435,-9.927028739386259
-191.84,54.818123962655505
5.07,-10.254024460103642
-33.336,-8.78254371687542
76.68,18.194603242308652
42.495,43.209775877188434
-127.46,195.91677745220616
3.18,-7.147565113288506
-54.696,17.377113940515198
-9.09,-9.109539437592801
3.6156,-11.071513761897098
24.57,-2.406127162886456
4.14,-6.657071532212432
18.54,-4.858595068266827
20.898,-2.079131442169073
44.4704,15.578637476569593
52.8966,33.07290853494956
0.99,5.114774413613347
46.44,3.479795810026431
56.01,69.04243781386165
5.46,-1.0981442800169265
3.6,-8.94604157723411
-44.94,-1.9156335818103827
3.717,-10.417522320462332
10.17,-7.311062973647197
215.9973,301.53639524392077
-58.968,13.943658872982677
6.8714,-9.927028739386259
-0.78,-9.273037297951493
-7.071,-7.63805869436458
1.7574,-11.071513761897098
48.0,10.019710224374087
-4.647,-11.725505203331863
18.3891,-2.406127162886456
-69.525,28.167972724188825
149.76,48.932200989742626
300.75424,102.23250346667601
-5.9607,5.278272273972036
7.71,-7.474560834005889
9.876,-8.619045856516728
88.83,39.612822949297225
-115.0641,53.0196474987099
-115.92,16.723122499080432
45.5,70.35042069673119
-11.052,-8.619045856516728
7.68,19.33908826481949
275.478,94.87509975053489
4.32,-0.6076506989408514
23.88,-2.5696250232451483
55.38,32.90941067459087
6.48,-6.49357367185374
-26.8398,-6.657071532212432
205.56,293.3615022259862
6.08,-9.273037297951493
8.64,-7.965054415081963
6.06,-9.600033018668876
5.32,-7.8015565547232715
23.76,2.662306508232975
-1.4352,-12.052500924049246
41.2938,12.635675990113146
22.128,-1.4251400007343094
-10.44,-10.254024460103642
17.46,11.491190967602307
36.54,4.297285111819889
1.14,-9.273037297951493
6.6,-8.619045856516728
1.256,-10.908015901538407
-39.1248,14.597650314417443
7.47,-7.965054415081963
158.9,80.48728803897005
-13.44,-10.744518041179715
7.44,-8.619045856516728
-0.066,8.221233760428483
1.68,-7.8015565547232715
64.32,21.62805830984117
6.48,-5.676084370060284
16.86,-2.896620743962531
29.34,-0.28065497822346863
1.44,-4.204603626832062
2.28,-3.0601186043212216
87.84,18.194603242308652
0.0,-11.39850948261448
24.16,-3.5506121853972967
40.8,3.15280008930905
0.0,81.79527092183959
-8.592,10.019710224374087
-50.535,-0.28065497822346863
-29.9568,13.126169571189223
40.05,17.377113940515198
156.45,54.98162182301421
1.89,-7.147565113288506
1.476,1.6813193460808264
35.82,2.335310787515592
118.476,45.00825234113404
6.21736,21.62805830984117
15.84,2.0083150667982093
271.4192,158.31226956970715
-4.884,-10.254024460103642
12.21,-7.147565113288506
-343.455,87.84469175511117
7.98,6.4227572964828745
1.95,-6.9840672529298145
3.9126,-3.5506121853972967
16.74,-6.657071532212432
0.04,-11.39850948261448
0.72,-9.436535158310186
2.0925,-2.896620743962531
76.0878,18.031105381949963
18.3,6.259259436124186
7.92,-6.820569392571123
36.84,5.932263715406801
16.485,22.77254333235201
59.88,9.856212364015395
153.9,59.559561913057564
3.6645,-6.166577951136357
-0.531,-4.531599347549444
113.4,30.783938489927888
-3.036,-10.090526599744951
421.578,142.77997283563147
37.44,43.209775877188434
50.76,29.148959886340972
9.8424,7.240246598276332
65.3256,82.61276022363305
113.28,358.106654928028
13.68,-3.7141100457559872
-30.69,-3.5506121853972967
47.5072,11.491190967602307
15.552,-7.147565113288506
11.1,4.133787251461197
150.252,61.35803837700317
18.48,5.441770134330728
-16.41,24.734517656656305
40.68,0.8638300442873703
4.1,-9.109539437592801
-7.68,-7.965054415081963
36.3,2.825804368591667
0.0,-7.474560834005889
135.78,33.89039783674302
185.52,49.586192431177395
-94.752,49.586192431177395
11.34,4.460782972178581
35.28,45.335248061851416
11.82,-7.147565113288506
72.72,35.19838071961256
-597.681,541.387756390121
15.12,-6.166577951136357
0.0,-1.0981442800169265
4.65,13.126169571189223
12.4416,-8.128552275440654
-20.25,0.373336463211297
1.904,6.749753017200259
77.625,29.96644918813443
0.0,10.019710224374087
332.178,175.64304276772845
4.62,-10.908015901538407
16.896,29.148959886340972
115.5,33.72689997638433
-13.35,9.365718782939322
6.2208,-10.254024460103642
18.9,5.7687658550481125
4.944,-5.512586509701593
6.465,8.711727341504556
36.0,3.15280008930905
-12.951,-9.436535158310186
48.632,51.22117103476431
3.06,-5.18559078898421
1.308,-9.763530879027567
4.476,-6.820569392571123
181.32,67.73445493099213
-101.88,43.04627801682973
-143.37,24.24402407558023
15.5232,-7.147565113288506
8.142,-7.63805869436458
2.4012,-11.562007342973173
10.02,-8.128552275440654
14.24,-2.5696250232451483
47.3,17.377113940515198
28.365,2.1718129271569016
9.6632,-8.94604157723411
8.064,7.894238039711098
98.88,30.293444908851814
46.68,3.15280008930905
188.1404,97.49106551627395
30.24,4.133787251461197
35.22,3.6432936703851233
4.92,-8.78254371687542
5.484,-9.927028739386259
35.6238,9.20222092258063
-430.617,94.22110830910013
0.0,21.955054030558554
37.26,4.62428083253727
9.9,7.07674873791764
2.16,24.898015517015
20.5764,-2.079131442169073
-15.3072,-4.531599347549444
328.779,207.52512553767323
217.224,97.81806123699134
-17.91,-0.28065497822346863
56.07,28.167972724188825
11.1,4.133787251461197
460.2,258.53645796958494
37.784,16.723122499080432
11.97,-7.147565113288506
6.1308,-9.273037297951493
356.4,252.48703713631335
560.52,235.31976179865077
-163.728,13.126169571189223
100.08,28.49496844490621
12.7368,-5.18559078898421
10.92,-7.965054415081963
60.48,70.02342497601381
34.14,4.62428083253727
7.4,-8.455547996158037
13.74,-5.18559078898421
5.94,-0.11715711786477812
-3.336,-1.4251400007343094
19.4376,-2.5696250232451483
2.61,-10.581020180821024
91.88664,29.475955607058356
41.55,33.07290853494956
42.45,24.24402407558023
0.54,-9.436535158310186
296.0671,90.62415538120892
-509.997,487.9239560528289
90.12,51.71166461584038
112.47,40.10331653037329
21.84,-3.7141100457559872
-14.384,-7.311062973647197
-2.5472,-11.39850948261448
624.3135,275.37673758653017
0.0,12.145182409037073
12.72,-7.8015565547232715
187.404,99.12604411986086
1644.03,743.6346096538222
-31.86,143.27046641670754
59.76,28.331470584547514
60.4968,18.031105381949963
0.4644,-11.39850948261448
8.76,23.59003263414547
7.1988,-4.531599347549444
97.38,44.51775876005796
4.92,-8.292050135799347
16.6568,-6.657071532212432
-9.354,-10.417522320462332
15.2712,-3.0601186043212216
1.9712,-11.39850948261448
-36.1116,12.96267171083053
12.54,28.6584663052649
266.35588,187.08789299283683
311.49,118.25529378182775
9.03,-4.531599347549444
181.656,53.67363894014467
17.1574,-1.5886378610929999
9.654,-4.04110576647337
3.84,-8.455547996158037
3.36,-7.147565113288506
5.97,-7.474560834005889
0.91,-11.889003063690556
536.22,201.47570470440166
95.76,45.662243782568794
-6.549,83.92074310650257
-10.6137,-9.109539437592801
5.1948,-9.109539437592801
13.365,-7.474560834005889
-10.9611,-8.619045856516728
-15.1767,1.1908257650047531
5.76,-4.531599347549444
411.7365,137.22104558343597
1.6416,-11.562007342973173
-8.607,-10.908015901538407
29.976,50.89417531404692
31.59,-2.079131442169073
7.38,-0.28065497822346863
22.38,170.574609096609
102.9528,137.22104558343597
6.6,-8.292050135799347
18.81,2.335310787515592
42.93,65.60898274632915
18.33,-3.5506121853972967
-3.0396,-12.052500924049246
8.208,-8.455547996158037
2.97,-6.330075811495049
-3.504,-9.436535158310186
7.56,112.69636652963224
-14.586,-11.23501162225579
45.52,55.308617543731586
3.6444,12.635675990113146
-76.53,160.60123961472883
740.178,376.7454110089188
45.48,2.825804368591667
10.5,-4.204603626832062
-39.672,71.00441213816596
-27.2646,21.30106258912379
5.24,30.783938489927888
40.5,19.175590404460802
9.876,-8.619045856516728
45.558,11.491190967602307
21.03,-5.512586509701593
1.32,-8.78254371687542
10.05,1.3543236253634436
92.2368,19.01209254410211
-6.696,-10.581020180821024
5.88,-8.128552275440654
28.28,7.730740179352406
-25.109,6.913250877558951
11.58,3.479795810026431
37.98,57.59758758875327
46.02,29.475955607058356
50.4,23.59003263414547
67.0644,29.80295132777574
-49.47,91.27814682264368
99.23,19.99307970625426
5.88,-9.436535158310186
32.16,1.8448172064395187
-3.7884,-11.071513761897098
35.37,278.8101926540627
6.42,-9.109539437592801
22.26,-4.695097207908136
-6.564,-8.78254371687542
-44.0648,-1.4251400007343094
8.82,-6.166577951136357
-143.472,56.126106845525044
-5.589,-11.071513761897098
3.4686,-11.23501162225579
3.7128,-10.581020180821024
4.5,-7.965054415081963
9.92,-0.7711485592995437
26.52,-3.7141100457559872
-99.02,12.472178129754457
4.32,-6.9840672529298145
-2.86,-9.273037297951493
10.71,-5.512586509701593
-0.021,189.3768630378585
22.4082,134.11458623662082
7.2,7.240246598276332
4.95,-10.254024460103642
56.88,17.70410966123258
31.05,2.1718129271569016
-3.783,-9.273037297951493
91.08,87.02720245331771
0.51,-9.600033018668876
17.73,-6.330075811495049
117.5,53.83713680050336
511.52,367.7530286891908
17.766,13.453165291906604
22.2,20.647071147689022
169.332,63.15651484094877
21.0,3.9702893911025043
-4.44,5.441770134330728
-28.784,-5.18559078898421
-4.584,-5.0220929286255185
-19.812,-2.733122883603839
8.274,5.114774413613347
2.25,-6.166577951136357
3.18,-7.63805869436458
561.48,400.7795964816464
45.9,113.18686011070832
2.2815,-2.079131442169073
45.024,71.98539930031811
-64.08,3.9702893911025043
856.44,506.23571641300236
20.5842,-0.7711485592995437
-24.6,-8.455547996158037
-30.57,-5.18559078898421
8.52,-9.273037297951493
2.748,14.597650314417443
-13.7274,2.4988086478742844
238.12,87.51769603439378
-1020.108,64.62799558417699
158.472,68.0614506517095
11.9952,-6.657071532212432
26.6304,-3.3871143250386044
48.84,17.213616080156505
-10.188,-10.254024460103642
0.0,102.88649490811076
251.6934,105.66595853420853
211.26,88.00818961546986
21.51,-0.28065497822346863
-17.248,-10.581020180821024
0.0,-4.695097207908136
21.66,-3.5506121853972967
-81.216,-6.003080090777666
43.32,5.278272273972036
174.6,49.74969029153608
-7.956,103.86748207026292
44.01,11.654688827961
197.352,119.72677452505597
12.0,-0.11715711786477812
33.84,3.9702893911025043
10.0725,-5.839582230418975
9.48,4.9512765532546545
8.3958,-4.531599347549444
121.59,27.350483422395367
-18.192,-7.474560834005889
-149.4432,28.004474863830136
13.7931,-2.5696250232451483
-2.0034,-9.600033018668876
96.48,30.293444908851814
202.86,55.308617543731586
118.62,30.783938489927888
183.288,121.68874884936027
-3.076,-6.657071532212432
-8.22,-10.581020180821024
266.58,137.87503702487072
3.597,-10.581020180821024
68.64852,50.56717959332954
10.518,-6.657071532212432
0.36,-6.330075811495049
14.4,-0.6076506989408514
5.8751,-1.4251400007343094
-23.358,-8.292050135799347
7.1592,-9.273037297951493
-2.205,4.460782972178581
10.08,-7.965054415081963
4.38,-9.600033018668876
12.222,-5.676084370060284
106.5216,23.917028354862854
58.65,44.02726517898189
-17.94,-3.7141100457559872
3.51,-10.744518041179715
0.216,-10.744518041179715
-490.14,82.93975594435042
40.32,2.662306508232975
0.0,-11.39850948261448
39.39,19.829581845895564
9.92,-8.128552275440654
27.63,12.799173850471838
43.68,5.114774413613347
681.204,258.20946224886757
7.774,-9.600033018668876
-177.312,7.894238039711098
2.88,3.6432936703851233
12.2946,-1.9156335818103827
-19.578,-9.109539437592801
-21.704,-6.003080090777666
21.06,-1.9156335818103827
16.12,-3.8776079061146795
48.48,44.19076303934058
949.2,418.76436112110247
14.04,4.133787251461197
8.1,-6.003080090777666
-4.452,-10.090526599744951
-27.096,-4.368101487190753
3.894,0.373336463211297
-34.332,-9.927028739386259
220.68,71.49490571924203
-8.152,-10.254024460103642
371.04,111.38838364676272
9.96,8.05773590006979
325.71,283.5516306044647
78.93,23.426534773786774
-2.37,-12.052500924049246
7.0224,-9.109539437592801
3.768,-8.619045856516728
5.88,-10.254024460103642
-163.4516,113.35035797106701
29.85,8.05773590006979
7.74,114.33134513321916
203.28,70.67741641744857
0.432,-7.63805869436458
-128.388,-1.261642140375617
10.24,0.5368343235699875
2.68,-6.820569392571123
75.5424,152.26284873643556
37.77,6.259259436124186
4.32,-0.6076506989408514
28.08,0.373336463211297
-15.852,-10.581020180821024
6.8982,25.225011237732378
1.5312,-11.562007342973173
-8.1312,-10.581020180821024
-11.84,-6.003080090777666
0.4,-10.090526599744951
6.12,-9.600033018668876
146.7,35.688874300688624
0.48,-2.896620743962531
81.711,17.70410966123258
20.16,15.251641755852209
-512.1468,38.30484006642769
30.54,15.415139616210901
115.1808,26.859989841319294
-76.5,50.240183872612164
64.8,13.453165291906604
206.3727,74.76486292641586
0.0,2.825804368591667
6.08,1.8448172064395187
126.16,216.84450357811866
57.24,32.255419233156104
-4.1832,-11.562007342973173
-0.74,-11.39850948261448
29.601,5.7687658550481125
-45.6,-7.965054415081963
18.54,0.8638300442873703
4.68,-5.349088649342901
-8.0,-8.128552275440654
0.96,-2.896620743962531
115.92,70.02342497601381
98.55,189.04986731714112
-4.9878,-11.889003063690556
46.02,34.70788713853648
35.7,7.894238039711098
29.268,4.133787251461197
1439.976,478.11408443130745
16.4,-5.676084370060284
559.74,362.03060357663657
-93.54,3.479795810026431
29.172,-1.5886378610929999
65.12844,34.21739355746041
147.24384,65.60898274632915
-0.864,-4.368101487190753
151.52,67.57095707063344
-9.972,-11.23501162225579
-61.32,8.711727341504556
-44.35904,26.36949626024322
-24.0309,-6.9840672529298145
3.99,-4.858595068266827
108.7408,38.468337926786376
-50.052,92.7496275658719
1.26,9.038723062221937
9.12,25.06151337737369
13.41,11.98168454867838
164.08,43.53677159790581
22.8,-2.733122883603839
-11.0691,3.6432936703851233
4.29,-3.5506121853972967
12.0,1.6813193460808264
6.04,-1.4251400007343094
-8.384,-6.49357367185374
3.99,-9.273037297951493
47.28,26.36949626024322
-7.98,52.529153917633835
4.38,-5.839582230418975
24.84,12.96267171083053
55.08,12.145182409037073
19.92,14.924646035134828
12.72,-7.8015565547232715
28.62,1.0273279046460608
11.88,9.365718782939322
12.6,6.586255156841567
-14.544,-10.090526599744951
-43.17,-4.368101487190753
11.37,-3.5506121853972967
25.38,-3.0601186043212216
-11.925,-1.5886378610929999
26.32,9.20222092258063
69.54,35.034882859253855
44.6,9.692714503656703
-25.938,63.97400414274223
26.496,20.15657756661295
196.74024,85.55572171008949
17.82,-5.839582230418975
12.21,-6.003080090777666
4.62,-4.04110576647337
4.56,-6.9840672529298145
-7.7292,-6.9840672529298145
12.546,0.8638300442873703
4.8,-2.5696250232451483
-6.4233,15.578637476569593
-4.68,-4.368101487190753
3.6,-10.908015901538407
37.14,3.6432936703851233
-1.692,-11.562007342973173
-81.864,106.64694569636067
210.735,182.83694862351086
10.35,-7.474560834005889
-503.4105,41.901792994318896
54.0,114.00434941250178
194.73,63.48351056166615
7.56,-4.04110576647337
-4.036,-12.052500924049246
36.0,4.460782972178581
10.7325,-7.8015565547232715
45.84,2.662306508232975
7.056,1.6813193460808264
-34.173,37.97784434571031
6.78,-10.090526599744951
-5.43,-6.003080090777666
-9.792,-9.273037297951493
9.808,-3.223616464679914
10.96,-2.733122883603839
22.44,3.6432936703851233
-0.792,-8.94604157723411
78.78,52.038660336557754
-21.945,-7.474560834005889
-140.32,191.3388373621628
101.64,27.18698556203668
37.92,35.36187857997125
16.2,1.6813193460808264
79.0,43.86376731862319
-82.818,-5.349088649342901
0.0,-5.0220929286255185
-44.52,16.723122499080432
27.09,-0.7711485592995437
40.8,26.859989841319294
246.72,354.50970200013677
313.11,718.9464327396598
15.675,-0.7711485592995437
146.388,67.40745921027475
109.863,30.293444908851814
215.73,62.66602125987269
58.77,27.023487701677983
-6.276,-2.2426293025277655
16.23,-4.04110576647337
15.6884,-2.5696250232451483
9.0,-9.436535158310186
36.0,71.98539930031811
2.16,5.441770134330728
-13.8,-10.581020180821024
-4.311,-12.052500924049246
11.76,-1.7521357214516922
89.997,36.66986146284077
0.0,-10.581020180821024
6.48,-8.455547996158037
-20.58,6.259259436124186
2.94,-9.927028739386259
21.42,37.81434648535162
14.04,-0.7711485592995437
19.92,-5.512586509701593
18.392,47.78771596723179
22.86,113.02336225034963
17.76,-4.695097207908136
1.26,-11.39850948261448
23.76,15.415139616210901
14.4,-2.5696250232451483
-3399.98,404.5400472698963
28.8,30.456942769210503
-1.9008,-12.052500924049246
-1.5,-12.052500924049246
1032.57,399.4716135987769
38.22,6.586255156841567
-42.48,-6.9840672529298145
4.6644,-10.090526599744951
10.6011,-1.261642140375617
376.53,145.55943646172923
-6.008,-10.254024460103642
6.16,-8.619045856516728
1.6,-10.744518041179715
4.1124,-10.908015901538407
39.78,28.331470584547514
-114.492,109.09941360174103
-18.405,-10.744518041179715
-71.82,93.24012114694798
223.236,206.5441383755211
13.86,-2.896620743962531
19.68,19.829581845895564
-0.648,-7.63805869436458
5.9598,-8.619045856516728
15.33,8.548229481145864
0.42,-11.725505203331863
74.325,97.00057193519788
38.82,2.335310787515592
-272.58,93.73061472802405
34.422,44.02726517898189
0.34,-11.562007342973173
114.972,113.02336225034963
20.58,-2.406127162886456
-14.52,-7.965054415081963
15.0416,-3.5506121853972967
0.0,-11.725505203331863
202.284,64.4644977238183
-17.392,-3.7141100457559872
29.385,54.16413252122075
8.8062,-6.820569392571123
4.7067,-10.254024460103642
-5.784,-11.23501162225579
-28.953,-9.927028739386259
0.48,-3.8776079061146795
7.92,-8.292050135799347
1.296,-9.927028739386259
3.744,-3.0601186043212216
4.48,-7.147565113288506
-3.576,-11.725505203331863
123.75,324.91658927521365
-42.588,24.734517656656305
7.04,-9.763530879027567
-4.647,-11.889003063690556
5.52,-8.619045856516728
7.08,-8.128552275440654
5.8704,0.373336463211297
364.23,247.74559918591132
9.0,-7.965054415081963
8.28,-0.9346464196582343
110.376,83.92074310650257
0.54,-2.5696250232451483
-40.59,-6.003080090777666
-16.632,7.403744458635025
30.5,13.943658872982677
-9.132,-7.474560834005889
19.44,-4.368101487190753
5.4432,-9.763530879027567
1.962,-8.128552275440654
12.0,2.825804368591667
22.86,-4.368101487190753
11.445,7.730740179352406
106.26,28.985462025982283
-7.3232,-10.744518041179715
-11.58,-10.254024460103642
4.5816,-10.744518041179715
15.2712,-3.0601186043212216
8.73,11.491190967602307
26.64,0.8638300442873703
76.56,16.069131057645667
25.8,26.042500539525836
96.84,19.33908826481949
70.49,183.49094006494562
34.1784,62.17552767879663
-6.3018,-12.052500924049246
23.04,-2.896620743962531
10.8136,-6.003080090777666
148.5,38.30484006642769
35.238,4.297285111819889
2.3521,-11.562007342973173
4.2294,42.88278015647104
0.0,-4.531599347549444
106.47,57.27059186803588
4.02,-6.820569392571123
4.1988,-3.223616464679914
148.5,84.73823240829603
27.693,10.346705945091468
40.98,37.97784434571031
5.13,-9.109539437592801
14.58,-7.474560834005889
-18.4419,-8.128552275440654
-0.036,3.15280008930905
3.78,50.07668601225346
119.34,137.71153916451203
61.29,15.415139616210901
4.95,8.05773590006979
-447.18,138.85602418702288
47.994,13.780161012623989
5.1588,21.30106258912379
61.44,27.84097700347144
78.396,115.80282587644739
6.3,-9.600033018668876
293.4,128.719156844784
55.98,13.126169571189223
1.98,4.297285111819889
36.63,3.479795810026431
0.48,-8.292050135799347
-25.83,50.73067745368823
13.68,8.221233760428483
-97.089,-5.512586509701593
0.0,43.04627801682973
-19.62,-6.820569392571123
1.962,-10.744518041179715
-71.84,22.77254333235201
9.876,-8.619045856516728
49.248,30.293444908851814
12.12,0.04634074249391418
-12.363,-11.39850948261448
10.92,-6.9840672529298145
54.18,12.96267171083053
-4.8448,-8.455547996158037
-12.9568,8.875225201863245
-17.46,-8.94604157723411
2.58,-10.090526599744951
20.352,20.974066868406407
110.7,94.22110830910013
340.2,240.5516933301289
40.98,37.97784434571031
3.33,-8.455547996158037
3.792,-10.417522320462332
6.6,-4.04110576647337
118.5945,188.068880154989
-32.3616,1.517821485722136
166.6,45.498745922210105
9.09,-7.965054415081963
-152.7156,133.29709693482738
-3.3506,-8.455547996158037
12.4416,-8.128552275440654
-6.688,-9.109539437592801
7.92,-8.78254371687542
4.65,-10.417522320462332
-3.09,-9.600033018668876
18.06,-3.3871143250386044
-91.44,70.67741641744857
4.5,-0.11715711786477812
297.36,100.76102272344778
7.6965,2.0083150667982093
-18.136,2.4988086478742844
54.27,28.004474863830136
4.52,-7.147565113288506
-46.3946,-7.474560834005889
13.132,-4.695097207908136
0.0,91.76864040371976
14.85,6.259259436124186
92.19,21.137564728765096
16.416,1.8448172064395187
-7.7728,12.96267171083053
41.79,10.346705945091468
-47.5236,4.787778692895962
0.66,-7.474560834005889
-56.538,-8.128552275440654
419.8185,224.36540515461846
107.94,28.6584663052649
22.152,-0.28065497822346863
25.92,5.278272273972036
10.2,-5.676084370060284
4.5,-10.090526599744951
20.58,156.35029524540286
-15.78,-10.744518041179715
9.0171,-8.94604157723411
1.6848,-11.562007342973173
-5.88,2.0083150667982093
41.46,44.19076303934058
0.7425,-12.052500924049246
16.47,-6.820569392571123
9.3312,-9.273037297951493
4.92,-4.368101487190753
269.73,81.4682752011222
22.35,-2.733122883603839
5.32,-7.311062973647197
4.5,-9.927028739386259
-26.946,-9.763530879027567
6.8908,-9.927028739386259
14.8752,14.597650314417443
-8.1312,-10.581020180821024
19.8,14.597650314417443
6.84,-8.78254371687542
11.1,-4.04110576647337
3.16,-8.94604157723411
88.83,48.278209548307856
0.63,-10.581020180821024
9.3152,-8.619045856516728
23.97,9.365718782939322
228.96,165.99666900656564
1.3622,-11.889003063690556
87.219,24.24402407558023
88.485,219.13347362314033
17.04,6.259259436124186
15.426,-5.349088649342901
209.34,101.74200988559993
3.6162,-11.23501162225579
0.0,-3.7141100457559872
73.35,47.6242181068731
1.62,-10.581020180821024
-3.804,-3.0601186043212216
-49.52,-4.04110576647337
53.97,9.692714503656703
17.6,-5.839582230418975
36.9288,0.7003321839286798
38.52,36.179367881764705
322.1829,122.66973601151243
2.72,33.72689997638433
129.3,98.96254625950218
56.358,125.93969321868626
139.2,69.04243781386165
18.9,4.787778692895962
-162.04,40.59381011144937
1.78,-11.23501162225579
-6.441,-11.39850948261448
125.28,108.28192429994758
20.43,-5.676084370060284
4.98,-5.512586509701593
-32.16,-2.5696250232451483
10.24,-5.839582230418975
27.434,3.15280008930905
-11.52,-3.0601186043212216
-3.416,-11.071513761897098
1049.985,536.9733141604363
74.4,29.639453467417045
12.0,-7.474560834005889
-26.2272,-9.763530879027567
-104.712,0.04634074249391418
58.59,16.723122499080432
74.975,36.66986146284077
-12.372,-10.744518041179715
20.754,-1.4251400007343094
5.07,-5.512586509701593
-75.222,-4.04110576647337
65.355,23.263036913428085
1.35,-0.7711485592995437
17.9634,-6.166577951136357
10.56,-8.455547996158037
67.941,50.07668601225346
209.993,85.71921957044817
13.86,-7.8015565547232715
11.0808,-5.676084370060284
11.1,4.133787251461197
1.26,-10.581020180821024
2.0388,-7.965054415081963
-20.994,-9.273037297951493
-32.4549,-3.3871143250386044
-45.492,-6.657071532212432
91.14,111.8788772278388
-4.218,-11.562007342973173
-5.0,-10.417522320462332
1.1556,-10.744518041179715
0.0,7.567242318993717
10.52,-7.63805869436458
-10.638,9.856212364015395
2.73,-9.763530879027567
53.49,7.567242318993717
-1.2558,-6.9840672529298145
6.54,-8.292050135799347
4.65,-9.600033018668876
-143.431,73.9473736246224
0.72,-9.436535158310186
36.12,4.460782972178581
3.5775,-10.908015901538407
-37.68,-2.896620743962531
-0.648,-6.49357367185374
-5.424,-10.581020180821024
-177.345,30.293444908851814
164.5,80.32379017861136
1035.58,485.63498600780724
95.88,22.445547611634627
-53.52,16.723122499080432
1.368,-8.292050135799347
7.3008,-7.147565113288506
9.76,-6.003080090777666
24.72,6.913250877558951
0.0,-4.368101487190753
97.44,22.282049751275938
139.98,91.60514254336107
35.46,3.3162979496677405
39.6,59.72305977341625
-80.352,105.82945639456722
3.36,-7.147565113288506
27.12,-0.9346464196582343
-5.328,-8.94604157723411
-7.1013,-8.619045856516728
-18.207,0.2098386028526047
40.14,7.567242318993717
0.48,-10.417522320462332
10.312,4.460782972178581
4.536,-10.254024460103642
5.8,-7.311062973647197
164.3514,130.35413544837093
-54.09,-0.7711485592995437
20.52,2.9893022289503577
7.0,-9.927028739386259
73.788,73.9473736246224
12.09,-4.531599347549444
22.53,-5.0220929286255185
496.26,195.75327959184747
27.78,1.3543236253634436
46.98,3.9702893911025043
22.62,-4.695097207908136
69.705,12.96267171083053
77.58,54.32763038157944
4.95,-10.254024460103642
16.47,-6.820569392571123
-44.028,-3.0601186043212216
-6.693,27.513981282754063
-10.83,-11.562007342973173
182.1843,55.1451196833729
2.28,-9.273037297951493
1.2006,-11.889003063690556
166.20768,264.42238094249785
3.06,33.23640639530825
3.57,-10.254024460103642
8.4,-6.166577951136357
316.92,97.81806123699134
261.819,108.11842643958889
5.4417,2.335310787515592
26.7,42.22878871503629
11.64,-8.292050135799347
-19.168,-10.417522320462332
8.52,-3.0601186043212216
-187.056,9.52921664329801
2.94,-9.927028739386259
9.96,3.9702893911025043
31.02,3.479795810026431
28.5,12.145182409037073
7.9984,3.9702893911025043
-4.272,-9.600033018668876
8.2992,-7.147565113288506
7.584,-9.273037297951493
532.8,336.19794163996335
446.79,170.24761337589163
44.16,3.3162979496677405
94.0,32.90941067459087
8.88,-9.436535158310186
7.5,8.05773590006979
101.07,79.5063008768179
2.73,-7.474560834005889
2.56,-9.763530879027567
30.96,3.479795810026431
8.67,16.069131057645667
68.16,27.513981282754063
48.45,4.133787251461197
6.7,1.3543236253634436
26.847,20.483573287330334
-38.52,33.399904255666954
3.7208,2.825804368591667
2.43,-7.311062973647197
-125.552,52.365656057275146
1.71,-8.292050135799347
6.36,-9.600033018668876
4.02,-9.109539437592801
0.4728,-11.889003063690556
-182.208,53.83713680050336
9.28,-7.147565113288506
71.9469,49.095698850101314
-8.92,-8.94604157723411
-6.0324,-11.071513761897098
3.21,-10.254024460103642
9.9216,-8.292050135799347
-82.608,26.205998399884532
9.76,-4.695097207908136
5.4432,-9.763530879027567
52.878,13.616663152265296
5.1,-10.090526599744951
539.4432,269.1638188928999
10.14,6.4227572964828745
-18.4875,12.635675990113146
69.75,10.51020380545016
16.68,-2.2426293025277655
20.388,20.974066868406407
-24.032,-5.512586509701593
27.3582,47.29722238615571
317.7872,126.7571825204797
69.66,15.415139616210901
10.0744,-6.49357367185374
-71.748,15.742135336928282
27.84,-2.406127162886456
3.12,4.787778692895962
194.427,146.70392148424006
7.605,-8.292050135799347
142.32,47.4607202465144
278.56,144.74194715993576
-1.74,8.384731620787171
-2.112,-9.436535158310186
6.512,-9.763530879027567
35.46,15.415139616210901
4.3008,-10.908015901538407
176.0,57.92458330947065
3.09,-11.071513761897098
-4.455,-11.562007342973173
304.32,172.04608983983724
9.0,-8.94604157723411
0.0,22.77254333235201
44.1375,75.25535650749192
46.8,20.974066868406407
79.92,56.45310256624242
0.0,56.28960470588373
-19.944,-5.839582230418975
32.64,28.6584663052649
27.3825,3.9702893911025043
-168.456,-0.4441528385821609
21.5928,-0.6076506989408514
0.441,-11.562007342973173
11.34,-8.619045856516728
6.15,-7.63805869436458
4.3176,-5.349088649342901
18.18,14.761148174776135
-19.44,-7.147565113288506
-10.62,-9.436535158310186
-7.7808,-10.090526599744951
35.9248,13.289667431547912
15.399,41.24780155288413
22.68,24.734517656656305
31.95,46.47973308436225
117.9,45.989239503286186
29.76,2.335310787515592
14.0,-7.63805869436458
-35.2,-8.128552275440654
-18.7515,5.60526799468942
-46.944,0.373336463211297
20.58,-3.7141100457559872
10.56,-5.349088649342901
-37.908,22.9360411927107
5.2256,-10.581020180821024
-2.2455,-7.147565113288506
4.5,-7.147565113288506
303.3408,90.9511511019263
2.0574,-11.39850948261448
222.822,81.30477734076351
-2.622,-11.071513761897098
-138.8,10.346705945091468
135.054,67.08046348955736
17.46,3.479795810026431
437.28,234.17527677613992
11.556,-8.128552275440654
6.84,-9.927028739386259
4.38,-4.368101487190753
5.4432,-9.763530879027567
17.58,59.559561913057564
0.08,-10.744518041179715
317.16,166.4871625876417
42.0186,14.10715673334137
15.393,16.396126778363048
-56.1114,240.87868905084628
30.3,23.099539053069396
14.1,-3.223616464679914
9.8,-8.78254371687542
77.64,17.86760752159127
1622.88,529.1254168632191
-69.432,-7.311062973647197
-87.6672,59.23256619234017
71.76,20.647071147689022
-96.768,3.8067915307438156
5.94,-8.94604157723411
23.142,-1.261642140375617
3.5152,-10.581020180821024
32.55,1.6813193460808264
-45.465,7.07674873791764
339.444,304.8063524510946
16.32,-4.204603626832062
115.275,48.278209548307856
1.26,-11.39850948261448
2.8224,-11.39850948261448
52.32,6.586255156841567
11.91,-4.204603626832062
67.52,10.183208084732776
1.56,-9.600033018668876
-25.4772,8.384731620787171
-15.378,-9.273037297951493
42.3,3.6432936703851233
5.9175,-9.273037297951493
7.509,-8.455547996158037
-5.2278,-9.927028739386259
16.44,0.373336463211297
15.69,-2.896620743962531
-0.09,24.407521935938927
211.887,79.34280301645921
-21.408,3.6432936703851233
-97.46,31.110934210645272
-0.126,162.39971607867443
14.64,-3.8776079061146795
1.98,-10.908015901538407
45.487,16.23262891800436
210.03,59.23256619234017
29.331,48.11471168794917
94.08,38.958831507862456
12.84,-5.839582230418975
21.098,22.118551890917242
14.772,35.85237216104731
33.282,25.388509098091074
43.44,32.091921372797415
14.72,-0.9346464196582343
11.625,4.787778692895962
-10.524,-7.474560834005889
30.06,6.586255156841567
3.72,-10.417522320462332
24.2256,-4.368101487190753
15.12,6.749753017200259
34.6983,5.932263715406801
213.24,137.05754772307728
-321.372,113.6773536917844
0.0,3.9702893911025043
-21.888,-7.965054415081963
10.203,-3.5506121853972967
-376.065,18.848594683743418
11.586,25.552006958449763
21.72,3.8067915307438156
-6.188,-9.927028739386259
3.21,-10.744518041179715
-3.231,-7.63805869436458
63.27,11.164195246884926
6.6,-7.8015565547232715
355.92,220.44145650600987
116.4,225.5098901771293
-6.786,-6.820569392571123
174.42,60.7040469355684
5.1792,-9.763530879027567
-6.585,-6.49357367185374
-10.704,-8.455547996158037
251.6934,105.66595853420853
7.44,-8.78254371687542
23.94,-4.04110576647337
15.12,-6.166577951136357
24.88,-2.896620743962531
3.87,51.05767317440561
51.6,22.77254333235201
-191.646,8.548229481145864
41.02,1.517821485722136
18.92,-6.003080090777666
14.49,2.4988086478742844
12.36,-5.18559078898421
485.9892,223.05742227174892
21.92,0.373336463211297
18.93,-1.7521357214516922
-3.6892,11.818186688319692
7.56,-2.896620743962531
26.032,0.7003321839286798
1.41,-9.436535158310186
34.14,2.662306508232975
86.3856,17.050118219797813
8.37,-9.600033018668876
4.48,0.04634074249391418
57.15,10.346705945091468
-6.735,7.07674873791764
24.81,-2.896620743962531
0.93,-9.763530879027567
65.28,15.742135336928282
6.9384,-8.292050135799347
81.24,14.270654593700062
-3.864,6.4227572964828745
-114.444,30.783938489927888
-1.932,-2.896620743962531
1.995,-2.2426293025277655
36.4473,40.59381011144937
-5.07,-10.090526599744951
30.87,26.53299412060191
-8.325,-5.676084370060284
-10.674,0.373336463211297
3.7776,4.460782972178581
3.596,-6.49357367185374
22.84,-2.2426293025277655
3.27,-10.254024460103642
8.04,53.83713680050336
54.024,13.780161012623989
-8.8038,-6.003080090777666
5.84,11.654688827961
0.98,4.460782972178581
1.08,-7.8015565547232715
25.0236,36.342865742123394
153.12,55.308617543731586
2.52,-3.8776079061146795
13.62,-6.166577951136357
-11.644,-8.78254371687542
9.12,-9.436535158310186
48.12,17.86760752159127
12.3,-7.147565113288506
413.28,438.2206065037867
349.86,369.0610115720603
-292.1,130.844629029447
39.453,22.445547611634627
32.94,3.9702893911025043
1.4,-7.8015565547232715
-6.18,0.5368343235699875
68.25,28.985462025982283
6.03,-8.292050135799347
6.2208,-10.254024460103642
61.3824,54.49112824193813
63.252,18.848594683743418
84.12,17.540611800873886
12.0,5.441770134330728
1.29,-11.23501162225579
-12.03,-9.436535158310186
-4.1769,6.4227572964828745
28.92,66.75346776883998
12.9555,5.7687658550481125
-5.46,-9.436535158310186
21.6,-3.7141100457559872
43.92,9.365718782939322
-5.058,12.308680269395765
46.98,35.85237216104731
-16.9947,-4.695097207908136
-3009.435,559.6995167502944
14.742,-5.0220929286255185
23.7,-3.0601186043212216
17.745,11.491190967602307
20.04,0.2098386028526047
24.18,23.59003263414547
23.992,26.859989841319294
11.85,9.20222092258063
14.66,-7.147565113288506
7.76,-5.676084370060284
-5.646,-11.23501162225579
4.872,-10.090526599744951
151.62,95.52909119196966
1.992,-5.0220929286255185
15.68,-7.311062973647197
6.54,-6.003080090777666
1.992,-9.763530879027567
27.36,-3.223616464679914
0.88,-11.39850948261448
66.0,85.71921957044817
0.0,3.479795810026431
1.71,-5.18559078898421
9.12,11.164195246884926
-1023.03,266.3843552668021
2.304,-3.7141100457559872
-22.149,41.901792994318896
13.86,12.799173850471838
51.72,6.0957615757654935
-0.024,52.365656057275146
21.36,14.597650314417443
9.1312,-6.657071532212432
-0.045,43.209775877188434
56.5,11.327693107243615
-50.72,1.3543236253634436
32.7285,43.209775877188434
-39.456,-5.349088649342901
40.02,42.22878871503629
51.8238,12.799173850471838
1.905,-11.23501162225579
32.25,1.517821485722136
6.52,-1.7521357214516922
15.0742,-3.8776079061146795
-14.58,-6.166577951136357
39.96,2.1718129271569016
33.24,23.917028354862854
4.8,-10.744518041179715
2.34,-9.927028739386259
10.26,-8.78254371687542
10.8248,164.5251882633374
60.48,13.780161012623989
12.8151,-6.657071532212432
14.88,-5.0220929286255185
5.7,-4.531599347549444
138.87,45.989239503286186
2.7,-9.436535158310186
40.338,56.126106845525044
69.66,41.901792994318896
-12.6,14.10715673334137
64.02,9.856212364015395
20.72,-1.4251400007343094
7.92,-5.18559078898421
-3.087,-12.215998784407939
2.12,-7.965054415081963
12.3144,10.673701665808853
55.08,257.7189686677915
1.68,-9.763530879027567
31.5,13.453165291906604
1.02,-8.128552275440654
8.04,-5.839582230418975
-11.415,-11.562007342973173
14.94,2.825804368591667
0.96,4.133787251461197
-9.984,-7.965054415081963
760.305,387.20927407187503
1.68,-7.8015565547232715
40.0036,7.730740179352406
-5.0283,-4.858595068266827
88.83,29.148959886340972
288.3,124.46821247545803
0.4752,-11.725505203331863
-12.9568,-1.7521357214516922
34.26,8.384731620787171
68.256,131.49862047088178
64.8,13.453165291906604
57.18,15.088143895493516
5.4,-10.254024460103642
31.05,26.696491980960605
22.8096,-4.531599347549444
116.5976,28.167972724188825
-1.362,-12.052500924049246
16.6,10.346705945091468
0.0,-9.927028739386259
7.384,-8.619045856516728
26.73,-2.5696250232451483
29.37,-0.6076506989408514
0.27,-6.820569392571123
503.76,253.46802429846554
8.0,-2.2426293025277655
-110.772,14.43415245405875
143.36,56.61660042660111
31.8675,53.0196474987099
119.76,35.36187857997125
13.846,0.5368343235699875
100.685,40.26681439073198
49.122,27.84097700347144
11.34,-8.619045856516728
2.52,-3.7141100457559872
12.84,-6.003080090777666
-106.596,17.377113940515198
21.036,-0.9346464196582343
8.1144,-9.436535158310186
13.32,4.460782972178581
5.4432,-9.763530879027567
11.28,6.0957615757654935
90.2871,21.955054030558554
92.16,24.407521935938927
-17.28,-4.858595068266827
-1.878,14.43415245405875
-3.7737,-11.39850948261448
12.56,-7.965054415081963
25.02,14.924646035134828
13.89,-5.676084370060284
42.8,15.578637476569593
15.3952,-5.0220929286255185
104.412,83.59374738578519
72.6,72.47589288139417
-445.44,923.8092517691
38.178,10.673701665808853
18.774,-4.204603626832062
-6.392,-7.147565113288506
20.04,-3.8776079061146795
6.72,-8.128552275440654
72.6408,37.16035504391685
62.321,22.77254333235201
330.048,223.7114137131837
15.84,91.27814682264368
56.568,16.396126778363048
12.54,-4.368101487190753
17.04,-4.695097207908136
101.07,90.9511511019263
4.5738,-2.406127162886456
24.48,1.0273279046460608
394.62,131.0081268898057
-8.595,-8.292050135799347
40.32,26.53299412060191
-4.7625,-11.39850948261448
19.26,-3.0601186043212216
-119.16,39.612822949297225
-3.3,-11.562007342973173
0.91,-11.889003063690556
37.1084,4.297285111819889
1.32,-6.9840672529298145
12.2325,10.51020380545016
-15.741,-8.94604157723411
-10.872,-9.436535158310186
4.4541,-8.94604157723411
-20.7162,-7.965054415081963
-40.26,28.004474863830136
51.72,32.091921372797415
25.0536,3.3162979496677405
-18.2286,0.7003321839286798
-27.156,-3.223616464679914
224.58,171.22860053804376
-5.6508,0.2098386028526047
149.76,36.66986146284077
13.68,-7.474560834005889
-35.328,-1.9156335818103827
54.24,39.776320809655914
14.28,-6.820569392571123
15.03,-6.49357367185374
-67.5,-2.733122883603839
108.384,44.68125662041665
17.04,-6.820569392571123
93.54,27.84097700347144
106.477,30.12994704849312
36.7173,9.856212364015395
79.68,106.1564521152846
-218.568,85.0652281290134
73.29,42.065290854677585
2.132,-10.254024460103642
101.8,24.571019796297616
20.79,-0.6076506989408514
-80.916,1.3543236253634436
-7.824,-9.763530879027567
37.8,1.3543236253634436
132.0,40.26681439073198
20.1,-4.695097207908136
13.644,2.0083150667982093
2.97,-10.581020180821024
1.98,-7.63805869436458
2.25,6.4227572964828745
-32.088,-9.436535158310186
77.67,67.08046348955736
29.56,-1.5886378610929999
145.74,43.04627801682973
-13.77,-10.581020180821024
10.24,4.460782972178581
231.264,117.92829806111037
3.78,-7.147565113288506
42.96,7.730740179352406
35.46,15.415139616210901
3.48,-10.417522320462332
8.28,-3.3871143250386044
-109.9365,42.22878871503629
51.57,6.4227572964828745
16.821,-4.695097207908136
58.1,14.761148174776135
110.28,126.26668893940364
10.8,-3.8776079061146795
489.984,177.44151923167405
62.988,15.088143895493516
-17.523,-4.858595068266827
42.3,9.20222092258063
-2.436,-7.965054415081963
264.66,74.11087148498109
384.81,127.41117396191446
11.772,-0.7711485592995437
60.66,9.20222092258063
167.5,82.12226664255697
5.34,-9.109539437592801
-106.02,1.8448172064395187
56.4,7.730740179352406
77.472,91.27814682264368
111.51112,96.01958477304574
41.5779,5.7687658550481125
23.24,19.502586125178183
18.6,-1.4251400007343094
49.5,4.460782972178581
-7.11,-8.292050135799347
13.44,-7.474560834005889
7.264,-2.896620743962531
79.5,28.331470584547514
83.268,162.7267117993918
-19.356,-9.927028739386259
15.6,-4.204603626832062
2.4824,-10.908015901538407
-8.6058,-10.417522320462332
10.94,-8.78254371687542
40.5,3.8067915307438156
9.0,-9.436535158310186
102.054,62.339025539155315
3.12,-8.94604157723411
1.24,-11.39850948261448
61.4628,17.377113940515198
16.7475,31.43792993136265
-34.68,-3.8776079061146795
28.98,-2.2426293025277655
23.31,13.126169571189223
-10.26,-10.581020180821024
113.43356,28.985462025982283
70.5,55.472115404090275
38.3,7.240246598276332
-111.132,9.692714503656703
3.536,-9.927028739386259
11.4,1.0273279046460608
21.69,23.099539053069396
7.1,-3.3871143250386044
53.91,12.145182409037073
3.24,-8.292050135799347
44.1,27.677479143112752
63.888,34.3808914178191
-30.75,-0.4441528385821609
7.4571,1.517821485722136
-2.4564,-11.889003063690556
-1.636,-11.562007342973173
36.12,184.96242080817385
-1.08,-11.725505203331863
-8.928,-10.254024460103642
0.3,-9.763530879027567
104.04,33.56340211602564
-10.7973,3.3162979496677405
-46.944,0.373336463211297
8.16,-1.0981442800169265
-0.0657,6.913250877558951
19.98,2.4988086478742844
-16.62,69.04243781386165
81.09,27.84097700347144
24.5998,-3.8776079061146795
40.5,15.251641755852209
5.949,-9.109539437592801
72.768,146.54042362388137
15.18,2.335310787515592
38.948,497.2433340932743
1.824,1.1908257650047531
5.04,71.00441213816596
10.35,-0.11715711786477812
20.16,15.088143895493516
9.0,-7.63805869436458
9.96,-5.839582230418975
9.3312,-9.273037297951493
3.12,-9.109539437592801
239.82,132.97010121411
74.52,29.80295132777574
2.25,-6.166577951136357
71.01,60.37705121485102
9.5472,-3.7141100457559872
-23.133,-10.090526599744951
0.0,-7.311062973647197
-5.52,-6.330075811495049
225.4668,111.06138792604534
0.291,-11.562007342973173
3.3,-11.23501162225579
13.2,7.240246598276332
1.742,-10.581020180821024
-9.64,-4.531599347549444
-277.396,105.82945639456722
8.49,-5.0220929286255185
0.7728,-8.128552275440654
-172.816,31.110934210645272
15.599,8.05773590006979
67.92,46.152737363644874
20.9148,261.152423735324
0.0,-7.8015565547232715
21.4,0.5368343235699875
-51.39,2.0083150667982093
-31.86,-4.04110576647337
2.07,-9.600033018668876
9.32,-8.78254371687542
2.964,-6.49357367185374
42.84,65.77248060668784
32.64,11.98168454867838
-14.592,-8.78254371687542
-7.425,76.39984153000277
15.75,0.5368343235699875
65.82,34.3808914178191
18.5136,-1.9156335818103827
36.2877,8.05773590006979
17.4,28.331470584547514
1.8,-10.417522320462332
433.92,209.48709986197755
149.49,55.472115404090275
9.936,-8.94604157723411
14.28,34.3808914178191
164.4,95.20209547125228
19.8,5.60526799468942
38.88,51.54816675548169
2.61,-10.254024460103642
15.1116,-5.349088649342901
20.52,21.30106258912379
6.86,6.259259436124186
14.4,-1.5886378610929999
22.6296,-3.5506121853972967
4.71,-9.273037297951493
178.74,58.905570471622795
240.5648,71.33140785888334
16.38,-2.2426293025277655
1.656,-8.94604157723411
-12.4,-3.0601186043212216
33.12,0.5368343235699875
51.3,6.749753017200259
1.6116,-8.94604157723411
-0.96,-11.889003063690556
171.3,127.73816968263186
16.3737,11.491190967602307
-33.3,-3.3871143250386044
-36.848,3.3162979496677405
0.0,-0.4441528385821609
-4.452,-10.090526599744951
-4.4811,-11.39850948261448
74.574,96.01958477304574
-0.0069,-11.889003063690556
3.969,-9.927028739386259
2.2998,-11.071513761897098
205.725,76.72683725072015
2.25,0.04634074249391418
6.47,-10.254024460103642
0.0,0.2098386028526047
2799.984,1418.2267814937825
-16.5858,-9.109539437592801
-136.4895,62.01202981843794
13.2,4.297285111819889
-12.7785,11.491190967602307
155.25,183.00044648386955
4.68,-5.349088649342901
-2.532,-10.090526599744951
232.8,68.55194423278559
-2.112,-5.839582230418975
21.0752,-3.0601186043212216
76.92,23.59003263414547
27.18,-2.2426293025277655
158.16,42.719282296112354
-4.2987,-11.39850948261448
34.9236,2.9893022289503577
11.7488,-6.820569392571123
161.46,62.993016980590085
75.84,56.45310256624242
3.6288,-10.744518041179715
1.12,-10.417522320462332
8.0548,-7.311062973647197
87.35364,90.9511511019263
-19.128,-9.763530879027567
8.28,1.1908257650047531
12.9984,2.335310787515592
4.98,-8.94604157723411
66.186,44.84475448077535
-3.348,-11.725505203331863
608.55,199.35023251973868
21.21,-5.18559078898421
14.76,28.004474863830136
16.9975,32.091921372797415
2.3077,-11.562007342973173
165.5986,183.49094006494562
-7.5117,-7.147565113288506
-209.296,101.74200988559993
2.976,-3.5506121853972967
40.0536,78.19831799394838
-11.925,-9.600033018668876
12.12,-2.896620743962531
10.68,-8.78254371687542
2.01,-10.581020180821024
284.004,233.52128533470517
183.24,154.06132520038116
-9.396,-11.071513761897098
-15.4359,-7.474560834005889
180.48,101.08801844416516
69.813,30.456942769210503
-21.96,19.99307970625426
8.2944,-8.128552275440654
12.051,-6.003080090777666
12.7008,-6.49357367185374
93.7688,52.20215819691646
-21.264,18.358101102667344
103.14,100.10703128201301
621.9744,411.40695740496136
19.8972,5.60526799468942
2.7045,-10.254024460103642
1.71,-9.763530879027567
-45.24,-1.261642140375617
21.9,-3.8776079061146795
8.8548,-3.3871143250386044
2.224,-11.39850948261448
-3.12,-6.657071532212432
5.67,-4.531599347549444
14.76,-6.166577951136357
3.48,-10.254024460103642
4.58,-10.581020180821024
12.84,-5.18559078898421
17.25,-5.0220929286255185
-152.448,66.75346776883998
-6.592,-10.090526599744951
22.332,-3.223616464679914
102.24,47.29722238615571
12.906,-7.147565113288506
40.8,1.8448172064395187
-6.174,-1.0981442800169265
7.29,11.491190967602307
-25.856,-5.512586509701593
19.44,-0.6076506989408514
756.0,321.8101299283985
-9.0,-10.908015901538407
0.882,0.7003321839286798
30.7818,-2.079131442169073
-1779.768,191.8293309432389
10.8864,-7.311062973647197
0.42,-11.725505203331863
3.36,-7.8015565547232715
-221.904,42.065290854677585
15.48,23.753530494504158
26.31,0.7003321839286798
-111.816,15.088143895493516
-3.96,-10.090526599744951
-95.484,14.43415245405875
8.3916,-0.6076506989408514
123.591,199.84072610081475
-14.472,-2.2426293025277655
12.8574,6.259259436124186
9.06,-6.657071532212432
-4.968,-11.725505203331863
95.04,36.179367881764705
-7.695,-1.0981442800169265
3.78,-4.695097207908136
-1.488,-10.090526599744951
17.745,34.05389569710171
28.86,10.183208084732776
2.22,-3.223616464679914
352.296,107.62793285851282
-40.7976,-4.04110576647337
-0.171,-11.23501162225579
49.35,32.582414953873496
19.14,-4.204603626832062
-19.62,-1.7521357214516922
4.1916,-9.927028739386259
1155.36,484.8174967060138
0.546,-11.39850948261448
30.528,1.6813193460808264
31.7,3.8067915307438156
-8.19,-10.581020180821024
18.96,-4.695097207908136
1.56,-11.071513761897098
30.75,5.114774413613347
311.016,130.6811311690883
328.23,166.4871625876417
59.3595,18.194603242308652
-36.4752,-2.896620743962531
519.3,180.54797857848916
5.04,-6.820569392571123
2.32,-11.39850948261448
3.58,-6.9840672529298145
-15.8356,-8.78254371687542
84.39504,69.53293139493773
51.6558,4.787778692895962
390.8,342.5743581939523
29.04,-0.28065497822346863
32.64,1.6813193460808264
-30.87,-6.9840672529298145
4.32,60.54054907520971
4.6,-6.003080090777666
19.2,32.582414953873496
33.42,-0.28065497822346863
-144.8464,10.019710224374087
-82.1922,12.145182409037073
-14.76,-9.763530879027567
18.9,-3.7141100457559872
7.25,-7.63805869436458
6.66,-9.109539437592801
-41.25,10.019710224374087
1.56,3.6432936703851233
13.374,-4.204603626832062
3.6,-10.908015901538407
5.842,-10.254024460103642
7.44,-3.7141100457559872
-13.2,-9.600033018668876
-277.155,516.2090858948825
-79.284,-2.406127162886456
-66.7899,40.43031225109068
7.86,-6.003080090777666
39.564,2.9893022289503577
2.52,-9.600033018668876
3.5,-4.04110576647337
33.36,7.894238039711098
4.008,-10.254024460103642
2.3025,-10.908015901538407
6.64,1.1908257650047531
6.272,-3.5506121853972967
9.28,-8.78254371687542
-376.8,31.601427791721346
135.36,35.688874300688624
-38.2158,18.848594683743418
-26.946,58.08808116982934
16.56,1.1908257650047531
-9.936,-10.417522320462332
-7.6815,-9.273037297951493
13.0,-5.512586509701593
-6.138,9.856212364015395
11.562,-6.657071532212432
38.2,37.65084862499292
12.1032,13.943658872982677
2.06,-11.725505203331863
94.08,29.312457746699668
-9.042,-9.109539437592801
-396.684,333.4184780138656
15.9,0.7003321839286798
0.8792,2.0083150667982093
22.02,-4.368101487190753
42.3,3.6432936703851233
5.64,-7.474560834005889
19.95,1.1908257650047531
9.54,-5.18559078898421
13.5,-6.9840672529298145
-15.804,-10.417522320462332
12.7746,-7.965054415081963
0.0,5.114774413613347
47.64,20.15657756661295
9.03,-7.965054415081963
-14.352,-2.406127162886456
-29.0745,16.88662035943912
23.76,3.15280008930905
22.17012,34.05389569710171
-162.3,26.696491980960605
24.993,61.35803837700317
-22.2288,-2.2426293025277655
49.98,7.567242318993717
-32.64,-3.7141100457559872
-37.452,9.20222092258063
15.6,16.23262891800436
149.337,46.97022666543833
149.72,110.0804007638932
-83.88,5.60526799468942
-15.296,-4.04110576647337
7.74,-7.311062973647197
11.13,-2.2426293025277655
-4.641,-3.7141100457559872
-4.296,-11.725505203331863
56.34,18.358101102667344
9.3312,-9.273037297951493
13.32,42.22878871503629
43.47,1.8448172064395187
278.64,401.92408150415724
15.54,4.62428083253727
-36.696,-1.4251400007343094
100.88,66.42647204812259
2.82,-10.090526599744951
6.18,-7.63805869436458
11.2,-5.839582230418975
39.41,10.673701665808853
36.384,67.08046348955736
1.4672,-9.600033018668876
33.7212,2.825804368591667
0.51,-3.7141100457559872
94.56,52.20215819691646
52.8,4.9512765532546545
-8.224,-3.3871143250386044
123.507,48.278209548307856
50.06,151.4453594346421
203.28,70.67741641744857
-9.705,-11.39850948261448
18.15,-4.368101487190753
8.67,16.069131057645667
1.88,18.521598963026037
-154.476,0.5368343235699875
5.133,-10.090526599744951
26.6,5.7687658550481125
30.96,8.711727341504556
92.2368,19.01209254410211
58.338,10.183208084732776
-28.32,16.55962463872174
-362.556,81.14127948040482
159.39,132.4796076330339
-2.8752,-7.474560834005889
41.7186,13.616663152265296
154.08,68.87893995350296
28.71,-1.4251400007343094
-143.7904,-0.9346464196582343
29.04,-0.7711485592995437
0.84,-10.417522320462332
3.6,18.031105381949963
-2.88,29.639453467417045
51.03,4.297285111819889
209.2365,63.64700842202484
12.354,-4.858595068266827
24.426,77.7078244128723
36.66,5.278272273972036
22.35,-4.695097207908136
3.4827,-11.23501162225579
26.0,-0.28065497822346863
-1.744,-11.889003063690556
3.1842,-10.908015901538407
-4.068,-7.147565113288506
-3.768,-8.128552275440654
36.6,25.06151337737369
44.46,3.15280008930905
16.2,-6.330075811495049
68.82,74.27436934533978
38.172,4.787778692895962
183.36,112.53286866927355
79.8912,14.761148174776135
-98.691,10.019710224374087
13.23,-0.9346464196582343
6.84,-8.78254371687542
48.36,6.913250877558951
18.78,-2.079131442169073
56.28,102.72299704775207
1.26,-10.908015901538407
3.42,-10.417522320462332
8.56,-7.147565113288506
20.1408,1.3543236253634436
8.662,1.8448172064395187
16.11,-5.0220929286255185
-34.335,40.59381011144937
-93.912,82.12226664255697
23.99,-4.531599347549444
364.44,258.53645796958494
23.28,-4.04110576647337
7.04,16.723122499080432
24.2352,29.639453467417045
2.64,-7.474560834005889
-34.272,10.019710224374087
59.8,14.10715673334137
-241.296,230.41482598789003
43.68,42.555784435753665
58.98,8.548229481145864
2.4165,20.483573287330334
49.257,11.000697386526234
-38.22,-2.079131442169073
-245.064,22.9360411927107
16.56,-5.839582230418975
30.0,69.53293139493773
0.0,5.114774413613347
261.9,522.9124981695888
2.3086,-11.23501162225579
121.2,235.48325965900946
8.1072,4.133787251461197
6.75,-8.94604157723411
3.825,-8.94604157723411
3.6288,-10.744518041179715
35.64,11.98168454867838
97.92,29.80295132777574
23.9688,3.9702893911025043
9.12,4.297285111819889
43.56,11.327693107243615
0.7152,-11.23501162225579
205.845,88.66218105690461
4.32,-0.6076506989408514
30.06,6.586255156841567
42.24,45.17175020149273
28.7964,0.7003321839286798
7.44,-3.7141100457559872
13.7176,-5.512586509701593
2.7324,-10.744518041179715
4.4712,-10.417522320462332
12.3,4.460782972178581
4.41,-8.619045856516728
38.28,4.62428083253727
56.352,110.57089434496926
-3.789,-6.820569392571123
2.16,-11.562007342973173
1.59,-9.763530879027567
-451.476,104.1944777909803
39.06,0.8638300442873703
176.4,53.183145359068604
22.6233,1.3543236253634436
14.769,18.68509682338473
7.049,7.240246598276332
83.4,42.22878871503629
5.52,-6.657071532212432
227.757,374.12944524317976
126.99,50.56717959332954
14.5,0.2098386028526047
54.36,6.0957615757654935
-0.06,9.20222092258063
31.05,2.1718129271569016
-2.1792,-12.215998784407939
12.72,6.586255156841567
92.88,29.80295132777574
40.8,14.270654593700062
5.8696,-10.254024460103642
162.18,68.0614506517095
-41.5872,55.63561326444896
-27.588,-3.3871143250386044
9.534,-6.820569392571123
21.66,-3.7141100457559872
-71.728,46.152737363644874
12.936,-4.858595068266827
7.26,-9.273037297951493
-7.872,2.0083150667982093
137.46,34.3808914178191
31.626,3.15280008930905
30.9474,3.15280008930905
-61.884,19.502586125178183
4.17,-7.8015565547232715
3.3,41.901792994318896
146.79,56.126106845525044
15.42,4.460782972178581
68.96,11.164195246884926
-79.2,9.20222092258063
54.46,6.259259436124186
146.43564,43.37327373754712
62.82,124.63171033581672
-483.3,269.81781033433464
16.08,6.4227572964828745
-5.415,-12.052500924049246
43.69512,25.552006958449763
209.34,101.74200988559993
11.82,-7.147565113288506
6.858,-9.927028739386259
27.564,35.525376440329936
38.88,8.875225201863245
8.4966,-9.600033018668876
87.36,97.49106551627395
-1.902,-7.8015565547232715
59.22,113.5138558314257
71.82,13.780161012623989
123.3,28.821964165623594
43.371,34.05389569710171
-8.784,-6.330075811495049
185.76,55.1451196833729
-37.536,6.913250877558951
-5.472,3.6432936703851233
-210.384,38.79533364750377
127.995,99.78003556129563
9.24,-7.63805869436458
-6.0768,-11.725505203331863
2.816,-6.166577951136357
6.48,-4.204603626832062
-43.1178,26.042500539525836
3.36,-10.417522320462332
14.4,-5.18559078898421
27.9344,5.114774413613347
3.58,-11.23501162225579
76.95,16.23262891800436
1.86,-7.147565113288506
-109.9365,42.22878871503629
-25.088,-3.7141100457559872
-77.2038,510.97715436340434
1.312,-9.763530879027567
10.0632,-7.63805869436458
54.12,5.278272273972036
52.08,10.019710224374087
42.48,11.654688827961
28.152,9.52921664329801
16.8896,4.62428083253727
27.0,61.35803837700317
-128.52,97.16406979555657
10.327,-8.78254371687542
10.4628,0.5368343235699875
37.44,5.60526799468942
5.4432,-9.763530879027567
-1.62,-12.052500924049246
-8.1,-7.8015565547232715
71.46,36.342865742123394
95.4,34.87138499889517
-111.22116,38.958831507862456
0.88,-10.581020180821024
-12.4146,-3.3871143250386044
4.9815,-9.927028739386259
21.4758,9.038723062221937
2.49,-11.39850948261448
18.27,5.278272273972036
-30.528,-0.9346464196582343
36.72,1.6813193460808264
3.1752,-11.39850948261448
29.692,2.4988086478742844
84.96,265.5668659650087
49.4508,35.688874300688624
-92.7984,43.04627801682973
24.6,32.255419233156104
7.44,-8.78254371687542
-0.075,-0.4441528385821609
17.64,-4.531599347549444
485.28,172.20958770019593
8.262,28.167972724188825
0.9783,-9.436535158310186
-68.1525,145.39593860137055
8.79,-6.820569392571123
10.32,-7.147565113288506
-13.3176,31.110934210645272
0.0,-5.0220929286255185
3.24,-4.858595068266827
93.32,82.93975594435042
-2.792,-0.28065497822346863
36.8245,0.373336463211297
32.22,2.335310787515592
29.1,-1.7521357214516922
15.66,-5.512586509701593
-74.736,15.742135336928282
54.72,5.932263715406801
10.7912,-8.619045856516728
12.06,86.86370459295901
19.41,-4.858595068266827
4.05,-7.63805869436458
3.768,-3.0601186043212216
-18.354,122.17924243043636
41.28,1.3543236253634436
-13.896,-10.908015901538407
39.39,19.829581845895564
1007.9832,458.49434118826446
27.84,-2.406127162886456
19.68,-3.3871143250386044
-16.304,-10.090526599744951
42.6,5.441770134330728
-71.523,2.1718129271569016
47.94,5.114774413613347
23.04,0.2098386028526047
7.14,-9.600033018668876
58.5,37.97784434571031
0.0,-3.7141100457559872
-134.1,6.259259436124186
-7.8705,-10.744518041179715
2.364,-0.4441528385821609
39.06,2.4988086478742844
27.558,-1.4251400007343094
29.16,17.540611800873886
6.6,-10.090526599744951
118.3413,28.821964165623594
-68.292,-4.368101487190753
-53.442,-6.330075811495049
-461.97,64.62799558417699
94.92,39.285827228579834
152.495,67.40745921027475
-75.621,14.43415245405875
10.32,-3.5506121853972967
-34.188,-9.927028739386259
18.54,-5.839582230418975
-26.964,-6.003080090777666
-34.758,17.86760752159127
235.8,104.52147351169768
2.85,-8.455547996158037
-67.851,51.05767317440561
5.7,6.4227572964828745
11.703,-8.292050135799347
-3.414,12.635675990113146
29.1528,106.81044355671936
887.6,296.46796157280136
-0.294,-8.455547996158037
12.0,20.320075426971638
-2.04,-10.417522320462332
2.808,-11.39850948261448
253.998,100.92452058380647
285.72,190.68484592072804
96.36,30.293444908851814
-84.448,-1.7521357214516922
8.3556,44.35426089969927
55.5,6.586255156841567
6.4,0.7003321839286798
169.182,236.6277446815203
6.2016,-9.436535158310186
12.96,30.293444908851814
18.54,-0.7711485592995437
17.3656,16.069131057645667
338.4492,179.40349355597834
6719.9808,2276.590548376912
16.5242,-4.858595068266827
-349.788,19.33908826481949
22.869,-1.7521357214516922
5.832,-9.927028739386259
59.31,7.894238039711098
16.32,-5.0220929286255185
-30.245,71.65840357960072
-32.448,-6.166577951136357
1.7901,-11.23501162225579
72.18,33.07290853494956
5.67,-9.273037297951493
17.22,-6.166577951136357
35.7,-0.28065497822346863
75.84,12.472178129754457
192.0348,71.65840357960072
16.1847,-0.11715711786477812
-1.856,-6.330075811495049
468.132,190.19435233965197
5.1,-6.003080090777666
12.24,-7.63805869436458
-18.33,-9.927028739386259
40.55064,21.137564728765096
66.99,11.491190967602307
5.538,-9.600033018668876
-49.29,85.3922238497308
-1.964,-8.128552275440654
36.12752,12.635675990113146
39.36,3.6432936703851233
32.58,10.837199526167542
6.75,-8.78254371687542
-125.766,97.32756765591526
356.004,215.53652069524912
20.3439,3.3162979496677405
18.267,5.7687658550481125
30.4416,-0.6076506989408514
-3.1752,1.3543236253634436
-2.916,-7.147565113288506
11.7782,-8.292050135799347
-7.92,-11.39850948261448
-35.022,-9.600033018668876
7.82,0.373336463211297
14.76,68.22494851206821
3.78,-10.417522320462332
9.072,-9.273037297951493
44.64,12.799173850471838
13.2,-7.965054415081963
10.08,-8.455547996158037
23.9984,26.859989841319294
16.974,4.297285111819889
965.85,514.0836137102195
31.98,5.60526799468942
28.704,128.55565898442532
23.9169,-4.368101487190753
7.68,-8.78254371687542
-4.5192,-11.39850948261448
1.728,-11.39850948261448
-63.0056,105.33896281349114
-0.036,1.6813193460808264
243.096,81.79527092183959
11.151,-6.330075811495049
1.56,-9.436535158310186
-7.71,-9.600033018668876
5.46,2.825804368591667
1.71,-10.581020180821024
-47.04,-4.695097207908136
-1.3338,5.7687658550481125
-32.712,107.79143071887151
-2.193,-6.49357367185374
310.8,162.8902096597505
14.5638,-5.839582230418975
-41.898,-2.5696250232451483
13.26,30.947436350286576
-6.834,-6.49357367185374
287.982,113.18686011070832
4.08,-10.090526599744951
56.88,22.118551890917242
33.18,7.730740179352406
50.805,25.06151337737369
8.91,-6.820569392571123
-136.71,60.37705121485102
8.712,30.6204406295692
-18.288,-7.147565113288506
10.83,-8.128552275440654
596.0535,224.36540515461846
11.37,-3.5506121853972967
6.75,-3.0601186043212216
-100.8,10.51020380545016
366.3,141.14499423204455
44.52,2.1718129271569016
-335.16,49.91318815189477
35.2,3.6432936703851233
-6.0828,-5.839582230418975
-21.57072,37.81434648535162
2.25,-6.166577951136357
-47.07,19.502586125178183
9.0384,-8.128552275440654
13.53,-7.965054415081963
-0.188,-10.581020180821024
-5.433,-11.071513761897098
73.464,36.833359323199474
3.216,30.6204406295692
7.2576,-8.94604157723411
51.57,5.278272273972036
9.45,-3.7141100457559872
27.2,5.441770134330728
-106.002,182.18295718207608
2.856,-1.5886378610929999
1.36,-10.417522320462332
27.92,1.0273279046460608
-97.74,29.312457746699668
11.385,-3.5506121853972967
23.31,-3.0601186043212216
39.24,25.388509098091074
-13.662,-8.292050135799347
-74.7795,10.019710224374087
36.42,106.81044355671936
-29.6058,46.31623522400356
-36.294,35.034882859253855
3.04,-10.908015901538407
22.368,-0.6076506989408514
1.1,-10.254024460103642
67.89,10.673701665808853
131.13,47.13372452579702
-36.1764,125.61269749796885
23.49,11.654688827961
30.48,-1.7521357214516922
5.04,-5.349088649342901
38.396,50.40368173297085
199.7,63.64700842202484
1.44,-11.39850948261448
125.3,221.74943938887938
13.3008,-2.079131442169073
5.2,-7.63805869436458
132.96,91.11464896228499
942.8157,444.433525197417
-21.78,1.8448172064395187
421.0824,134.11458623662082
8.91,-6.330075811495049
-8.424,-4.04110576647337
21.72,-2.2426293025277655
91.9508,19.666083985536876
27.72,38.141342206069
6.93,-4.858595068266827
30.28,0.7003321839286798
-0.642,-7.8015565547232715
157.14,73.29338218318763
-24.57,-7.965054415081963
5.44,-7.63805869436458
77.28,62.01202981843794
2.76,-9.273037297951493
-139.692,41.41129941324283
55.428,20.647071147689022
52.532,6.259259436124186
-1.755,-10.417522320462332
133.6,86.86370459295901
15.048,-4.204603626832062
23.4,15.088143895493516
129.76,31.92842351243873
9.8406,-8.292050135799347
0.8988,-10.744518041179715
7.0,10.51020380545016
29.1528,27.350483422395367
21.7845,-4.858595068266827
8.79,5.60526799468942
41.58,21.62805830984117
-56.16,1.6813193460808264
3.0576,-11.39850948261448
21.12,-5.0220929286255185
5.6376,-9.763530879027567
1.48,-11.071513761897098
8.34,2.825804368591667
-8.672,-7.311062973647197
48.96,11.98168454867838
16.488,48.44170740866656
18.008,-3.7141100457559872
85.149,25.552006958449763
-8.76,-10.581020180821024
6.09,-4.04110576647337
29.61,14.597650314417443
0.8595,-8.292050135799347
9.3,-8.292050135799347
46.8,35.525376440329936
7.6416,-8.292050135799347
48.36,59.559561913057564
97.38,215.20952497453175
3.78,50.07668601225346
0.96,-3.8776079061146795
128.88,49.586192431177395
14.24,46.152737363644874
3.3,-9.436535158310186
134.9955,105.33896281349114
18.78,-2.079131442169073
11.214,-5.839582230418975
9.3,-6.330075811495049
12.6,-3.7141100457559872
146.16,466.17874062512294
-175.59,13.126169571189223
5.9988,12.145182409037073
26.55,14.761148174776135
0.8208,-9.927028739386259
33.0288,5.60526799468942
23.22,29.80295132777574
-15.861,16.723122499080432
28.566,8.384731620787171
-7.488,-4.204603626832062
1.068,-9.600033018668876
27.15,36.99685718355816
9.6,-9.109539437592801
31.08,3.9702893911025043
6.3,-5.0220929286255185
8.7048,-6.9840672529298145
6.5975,-8.619045856516728
2.7324,-11.071513761897098
41.76,3.479795810026431
79.758,31.110934210645272
4.56,-9.436535158310186
117.657,268.8368231721825
-1.05,-9.600033018668876
6.8992,-8.78254371687542
37.17,42.88278015647104
56.16,11.818186688319692
-17.648,-6.166577951136357
92.04,71.33140785888334
5.408,11.491190967602307
4.83,-10.090526599744951
35.1,2.335310787515592
139.99,60.86754479592709
3.4,-10.090526599744951
-6.921,0.2098386028526047
125.85672,45.00825234113404
15.1,-2.896620743962531
68.952,77.87132227323099
-81.672,1.8448172064395187
1.2038,-11.23501162225579
14.3856,-5.839582230418975
13.66,4.460782972178581
417.276,192.31982452431495
145.44,45.662243782568794
-160.532,11.000697386526234
1.4456,-11.39850948261448
124.8048,45.989239503286186
9.78,7.730740179352406
-6.858,-10.744518041179715
-26.376,52.20215819691646
0.72,-9.273037297951493
15.8436,22.118551890917242
1.89,21.791556170199865
345.15,190.84834378108673
-93.18,-0.6076506989408514
17.04,4.133787251461197
54.96,47.6242181068731
-36.76,0.2098386028526047
4.2,-9.273037297951493
34.26,15.578637476569593
1.1556,-10.744518041179715
2.52,-1.9156335818103827
0.0,-4.531599347549444
-33.9525,0.8638300442873703
140.625,43.53677159790581
209.01,58.742072611264106
-41.364,10.183208084732776
1.5,-8.292050135799347
8.22,-8.619045856516728
6.56,-7.63805869436458
15.84,-2.733122883603839
13.2,-2.5696250232451483
-761.082,60.86754479592709
21.693,7.567242318993717
4.08,-10.581020180821024
39.6,13.616663152265296
10.26,-6.9840672529298145
0.45,-8.619045856516728
-3.633,-9.927028739386259
88.74,195.2627860107714
-141.036,14.761148174776135
34.14,3.9702893911025043
1.0284,-10.090526599744951
105.6,22.118551890917242
6.06,-9.927028739386259
19.98,-3.5506121853972967
377.832,202.45669186655383
-938.28,102.72299704775207
301.466,194.28179884861925
-103.41,177.60501709203274
-76.0116,27.84097700347144
2.1336,-11.39850948261448
38.25,92.25913398479584
0.42,-5.18559078898421
13.5932,-5.839582230418975
4.29,-2.2426293025277655
-5.544,-11.39850948261448
3.96,-5.0220929286255185
-1.569,-9.927028739386259
15.246,-5.18559078898421
3.42,-10.254024460103642
24.1452,11.654688827961
15.9,-4.695097207908136
44.72,3.8067915307438156
6.21,2.1718129271569016
-44.196,45.498745922210105
-1.48,-11.39850948261448
-121.425,21.791556170199865
45.487,16.23262891800436
-11.2806,-4.204603626832062
16.9308,0.2098386028526047
82.02,27.023487701677983
-5.904,-5.349088649342901
0.9,-10.254024460103642
2.92,0.373336463211297
638.46,323.2816106716267
24.9366,-1.9156335818103827
10.65,1.0273279046460608
17.46,3.479795810026431
41.202,11.818186688319692
35.76,2.335310787515592
-50.568,1.3543236253634436
117.36,44.02726517898189
54.8,14.761148174776135
-597.924,50.07668601225346
1.302,7.07674873791764
-3.224,-11.39850948261448
-7.4394,36.342865742123394
-77.8464,49.74969029153608
0.6417,-3.223616464679914
-136.035,22.282049751275938
196.533,210.1410913034123
-6.12,-9.927028739386259
-140.196,148.0119043671096
2.808,-11.071513761897098
-0.288,-11.071513761897098
-1.668,-11.562007342973173
63.606,60.37705121485102
3.29,-10.581020180821024
-17.4,3.15280008930905
4.2606,38.79533364750377
96.8544,53.67363894014467
0.0,34.3808914178191
6.48,14.270654593700062
-265.761,233.84828105542255
1.76,-10.254024460103642
-320.2395,17.540611800873886
27.882,-2.2426293025277655
7.02,-5.676084370060284
53.07,20.974066868406407
12.6,-3.7141100457559872
25.68,4.460782972178581
2.61,-9.927028739386259
-317.3535,128.06516540334925
-8.553,-9.109539437592801
89.991,66.09947632740521
41.16,39.44932508893852
8.28,10.51020380545016
6.0,-6.166577951136357
216.72,70.02342497601381
111.75,25.71550481880846
6.3,8.221233760428483
11.64,-4.695097207908136
-48.708,-6.49357367185374
6.6352,-9.109539437592801
10.4148,-7.147565113288506
-25.44,-2.733122883603839
-34.6275,-2.079131442169073
159.39,49.74969029153608
-71.2,5.114774413613347
125.265,41.901792994318896
8.13,-9.763530879027567
36.3816,6.749753017200259
53.49,15.905633197286974
13.68,-0.6076506989408514
-373.68,38.468337926786376
73.6,32.255419233156104
782.28,243.49465481658535
26.1,18.194603242308652
6.57,1.1908257650047531
13.74,0.7003321839286798
259.02,290.0915450188124
516.06,163.3807032408266
0.72,0.2098386028526047
3.45,-7.147565113288506
-14.5764,-3.0601186043212216
-4.23,-9.927028739386259
1.02,-6.657071532212432
4.8,-8.94604157723411
-157.5714,77.7078244128723
3.4686,-11.23501162225579
33.92,9.038723062221937
9.2556,-8.128552275440654
-28.498,52.85614963835121
2.8512,-4.204603626832062
8.16,-8.128552275440654
2.82,-8.78254371687542
25.92,-2.896620743962531
16.8,-6.003080090777666
17.52,-1.261642140375617
15.624,2.9893022289503577
468.48,143.92445785814232
6.33,-9.763530879027567
2.5641,-7.63805869436458
3.18,-9.436535158310186
83.142,98.96254625950218
1.89,21.46456044948248
108.57,35.688874300688624
86.46,54.98162182301421
1.32,9.365718782939322
0.66,-10.744518041179715
-110.9025,52.365656057275146
4.74,3.15280008930905
-55.455,1.3543236253634436
11.94,-7.474560834005889
-121.788,2.1718129271569016
9.18,4.297285111819889
-395.235,77.38082869215492
84.828,31.92842351243873
7.48,18.358101102667344
-16.04,-5.18559078898421
-1.9575,11.654688827961
84.96,22.445547611634627
15.45,38.468337926786376
79.692,23.59003263414547
5.7,-5.676084370060284
10.128,4.297285111819889
5.256,-5.512586509701593
5.04,-5.349088649342901
18.715,-4.368101487190753
14.2002,-7.311062973647197
0.0,1.8448172064395187
10.02,-8.78254371687542
60.64,8.711727341504556
0.0,185.12591866853253
217.266,76.39984153000277
-64.42,4.297285111819889
0.556,-12.052500924049246
35.1,23.59003263414547
17.84,-1.0981442800169265
13.32,-7.474560834005889
6.9795,5.932263715406801
28.404,407.1560130356354
13.04,14.270654593700062
12.3,12.799173850471838
174.636,70.51391855708988
-28.756,-3.3871143250386044
3.96,-10.581020180821024
3.8822,-11.071513761897098
-3.555,-10.417522320462332
14.22,34.21739355746041
567.0,203.27418116834727
-28.5138,17.050118219797813
12.84,-3.5506121853972967
5.04,71.00441213816596
-1.248,-0.4441528385821609
22.512,29.80295132777574
-44.016,4.133787251461197
-306.36,51.875162476199066
-2.508,-11.23501162225579
0.606,-10.090526599744951
-15.4035,-6.820569392571123
-82.224,26.042500539525836
31.5,4.297285111819889
24.45,-4.368101487190753
10.44,-4.368101487190753
29.1375,-1.7521357214516922
20.58,35.85237216104731
423.78,185.6164122496086
58.6,11.654688827961
-88.68,4.133787251461197
0.504,-9.600033018668876
9.6192,-9.109539437592801
-0.2685,-8.94604157723411
27.3,5.441770134330728
14.3952,-4.531599347549444
6.4128,-10.254024460103642
-361.944,82.28576450291565
-19.0656,-7.147565113288506
9.36,65.11848916525307
27.756,25.06151337737369
82.8,26.36949626024322
-20.7,1.1908257650047531
-9.9705,-10.254024460103642
-28.866,-7.474560834005889
16.5,55.799111124807666
40.416,8.221233760428483
74.691,14.761148174776135
78.3,35.19838071961256
-25.44,-6.820569392571123
18.0375,20.15657756661295
6.78,-8.128552275440654
5.7,-9.436535158310186
11.4,25.225011237732378
45.8064,112.36937080891487
53.07,20.974066868406407
45.45,94.05761044874144
-47.412,-4.204603626832062
175.14,59.23256619234017
133.74,37.32385290427554
5.2,-8.455547996158037
14.682,-6.003080090777666
23.76,3.15280008930905
-6.678,-11.39850948261448
-33.6414,-3.8776079061146795
509.04,307.74931393755105
52.9173,64.4644977238183
-1.452,-5.839582230418975
4.96,-6.657071532212432
-0.042,45.8257416429275
-24.6,-2.406127162886456
93.96,20.320075426971638
79.08,15.088143895493516
7.9086,-9.763530879027567
-2.5212,-11.889003063690556
28.2,6.0957615757654935
56.5264,6.4227572964828745
-1.578,-12.052500924049246
6.42,-3.5506121853972967
-102.012,108.93591574138235
9.18,-7.965054415081963
11.7576,6.913250877558951
236.04,89.1526746379807
-0.9156,-9.273037297951493
751.8,360.0686292523323
205.5,122.01574457007764
21.507,0.8638300442873703
0.68,-11.39850948261448
3.44,-11.071513761897098
30.735,7.730740179352406
202.86,55.308617543731586
-29.07,21.46456044948248
9.0,-3.7141100457559872
166.74,46.97022666543833
5.2,-8.455547996158037
0.0,85.55572171008949
7.2,-6.9840672529298145
3.68,11.818186688319692
-190.125,267.3653424289543
-1.44,-10.254024460103642
712.44,403.7225579681029
23.1,11.164195246884926
175.86,52.365656057275146
-9.024,-8.128552275440654
24.84,-2.2426293025277655
32.13,2.1718129271569016
70.98,34.05389569710171
126.8973,172.04608983983724
1.95,-11.071513761897098
0.6,-7.474560834005889
34.05,27.513981282754063
7.2298,-9.109539437592801
44.22,27.84097700347144
49.497,14.597650314417443
4.74,-3.7141100457559872
81.88,48.44170740866656
-71.7228,1.3543236253634436
4.0192,-10.254024460103642
3.96,-1.5886378610929999
7.17,-6.49357367185374
49.44,7.894238039711098
148.5106,39.285827228579834
-118.86,73.9473736246224
-19.6425,-5.839582230418975
49.2,3.8067915307438156
-45.39,-5.18559078898421
338.46,160.60123961472883
58.66,21.955054030558554
-120.0508,38.79533364750377
12.672,-8.128552275440654
19.26,-4.04110576647337
19.5858,-0.11715711786477812
61.968,15.251641755852209
56.0547,11.164195246884926
-140.31,11.327693107243615
9.48,-2.5696250232451483
-9.6768,-10.254024460103642
11.9,-6.49357367185374
90.9762,157.65827812827237
24.3,-3.5506121853972967
12.4416,-8.128552275440654
46.9952,9.52921664329801
-21.0848,-7.63805869436458
-176.769,507.2167035751545
6.54,-2.5696250232451483
25.2,4.787778692895962
34.4,0.7003321839286798
-10.098,-7.965054415081963
15.12,15.088143895493516
31.86032,18.521598963026037
6.88,-6.166577951136357
9.8658,-7.965054415081963
-23.568,-1.4251400007343094
0.0,-7.965054415081963
235.04,88.82567891726332
75.49,86.37321101188294
53.16,7.894238039711098
152.67,39.612822949297225
15.768,-4.695097207908136
5.52,-3.223616464679914
48.056,17.540611800873886
-5.888,2.0083150667982093
-16.888,-2.5696250232451483
-19.644,-8.128552275440654
94.5,42.88278015647104
151.74,42.719282296112354
21.0,13.616663152265296
306.4894,160.43774175437014
-57.6312,56.126106845525044
38.04,20.483573287330334
53.46,18.848594683743418
201.6,101.25151630452386
53.88,21.46456044948248
17.1574,-1.5886378610929999
18.84,-2.079131442169073
12.5118,-7.474560834005889
-24.2715,99.45303984057826
-44.01,11.654688827961
19.9665,16.55962463872174
7.11,-8.128552275440654
-9.7972,-5.512586509701593
79.2441,54.65462610229682
13.8,6.4227572964828745
-5.496,-10.908015901538407
0.0,-5.349088649342901
1.752,-10.581020180821024
-510.435,80.32379017861136
-39.088,-5.0220929286255185
-145.464,4.62428083253727
1.8,2.9893022289503577
26.94,-1.261642140375617
53.25,10.019710224374087
85.59,68.3884463724269
0.36,-11.725505203331863
301.968,90.46065752085022
19.2384,-5.839582230418975
2.6068,-11.562007342973173
62.2,41.24780155288413
2.22,-9.763530879027567
23.04,-4.204603626832062
129.807,79.66979873717659
234.645,106.81044355671936
53.28,96.67357621448049
9.2,1.3543236253634436
5.88,-10.254024460103642
-20.6208,-4.531599347549444
15.84,-4.531599347549444
-54.489,-5.839582230418975
-239.61,14.597650314417443
18.36,3.479795810026431
-22.728,21.137564728765096
47.1,5.932263715406801
260.4,124.9587060565341
142.344,249.70757351021564
14.64,-5.18559078898421
-222.204,13.126169571189223
4.5,-10.908015901538407
6.58,-6.9840672529298145
55.8,10.51020380545016
18.0,24.571019796297616
7.2,11.327693107243615
4.2952,-10.254024460103642
19.17,-3.0601186043212216
14.34,3.3162979496677405
35.688,12.308680269395765
7.1022,-9.273037297951493
8.64,3.3162979496677405
8.556,25.06151337737369
13.95,-6.330075811495049
288.75,102.88649490811076
37.65,22.282049751275938
-3.924,6.749753017200259
18.6624,-6.003080090777666
68.88,27.84097700347144
3.06,-10.908015901538407
39.6,7.894238039711098
32.44,-1.261642140375617
2.82,-10.090526599744951
-27.5175,51.05767317440561
-21.7,-6.166577951136357
-1.049,1.3543236253634436
81.468,73.29338218318763
-115.47,0.8638300442873703
2.7,-10.908015901538407
-59.44,43.209775877188434
0.36,-4.204603626832062
83.1924,28.985462025982283
-4.128,-2.733122883603839
-3.42,-10.254024460103642
112.3508,84.24773882721996
44.46,17.86760752159127
18.336,-4.368101487190753
16.96,7.403744458635025
-542.328,171.06510267768508
42.84,18.194603242308652
-6.549,83.92074310650257
3.72,-10.908015901538407
-11.8185,-5.18559078898421
58.8,75.09185864713324
66.75,11.98168454867838
-14.556,94.7116018901762
-0.84832,56.78009828695981
2.97,-6.820569392571123
2.64,-7.474560834005889
10.7964,-2.5696250232451483
16.46,-6.657071532212432
1.6,-10.417522320462332
37.98,39.44932508893852
39.8,3.479795810026431
9.6,-8.78254371687542
-23.0319,9.856212364015395
11.34,-2.079131442169073
-29.178,-9.109539437592801
6.24,89.80666607941546
-201.276,11.491190967602307
8.28,-2.733122883603839
1.638,-11.562007342973173
15.2292,-7.311062973647197
-253.8,74.11087148498109
36.64,8.221233760428483
1.7904,24.24402407558023
29.34,3.6432936703851233
-57.504,4.62428083253727
-9.46,-9.600033018668876
67.68,20.15657756661295
0.96,-8.455547996158037
6.12,-7.311062973647197
386.835,359.74163353161487
18.12,-5.676084370060284
-36.72,47.6242181068731
26.13,-1.4251400007343094
4.68,-9.109539437592801
-421.74,113.02336225034963
2.562,-10.254024460103642
15.12,-3.5506121853972967
13.473,-5.839582230418975
18.33,-2.406127162886456
3.9512,-10.090526599744951
6.66,-9.927028739386259
11.7,-6.657071532212432
3.96,-8.78254371687542
69.93,47.78771596723179
4.83,-8.94604157723411
39.6,15.415139616210901
0.0,25.06151337737369
33.57,0.7003321839286798
11.34,3.15280008930905
-1479.126,379.68837249537523
16.38,-5.839582230418975
7.95,0.7003321839286798
-0.663,-10.417522320462332
12.974,-5.839582230418975
-46.3725,44.35426089969927
-2.2878,-12.215998784407939
2.31,1.1908257650047531
8.34,-3.223616464679914
6.3296,-10.090526599744951
1.44,-9.273037297951493
45.81,16.396126778363048
0.48,-0.7711485592995437
18.27,-5.839582230418975
29.892,5.441770134330728
90.24,40.26681439073198
294.671,172.86357914163068
301.32,157.49478026791368
-2.865,-12.052500924049246
-9.68,-9.927028739386259
-52.716,65.11848916525307
18.9,8.221233760428483
7.626,1.6813193460808264
8.1144,-9.436535158310186
40.0,5.7687658550481125
20.52,-2.733122883603839
180.7659,47.95121382759048
91.2,29.148959886340972
21.48,3.6432936703851233
-8.334,-4.204603626832062
55.44,7.403744458635025
2.37,-11.071513761897098
20.7808,-2.406127162886456
9.198,-9.109539437592801
30.52,-2.406127162886456
6.54,-9.600033018668876
10.44,-2.2426293025277655
1.2506,-11.889003063690556
141.2775,73.12988432282894
7.58,-9.600033018668876
2.0322,-7.965054415081963
40.95,43.53677159790581
8.2782,-0.28065497822346863
4.0338,-10.417522320462332
0.4,-4.204603626832062
-32.85,-9.109539437592801
22.41,9.692714503656703
40.59,3.15280008930905
-90.204,17.050118219797813
23.94,-3.8776079061146795
-8.997,-10.908015901538407
-1.476,-12.052500924049246
62.0368,22.609045471993323
22.9954,0.7003321839286798
66.68,48.278209548307856
3.18,-5.839582230418975
228.48,267.8558360100304
25.4384,3.6432936703851233
85.68,70.02342497601381
6.42,-8.94604157723411
23.04,9.856212364015395
-193.818,2.1718129271569016
0.0,-10.908015901538407
93.15,104.84846923241507
14.16,-4.368101487190753
72.54856,14.597650314417443
11.88,-6.330075811495049
460.62,144.57844929957707
28.14,45.17175020149273
9.96,1.1908257650047531
3.48,-8.78254371687542
22.74,3.15280008930905
-10.192,-8.455547996158037
-249.84,24.734517656656305
12.336,-2.896620743962531
14.5236,-6.657071532212432
-6.18,-6.820569392571123
8.07,-9.273037297951493
14.913,-5.0220929286255185
17.55,45.17175020149273
16.749,-5.512586509701593
12.36,-2.733122883603839
12.78,-0.6076506989408514
-5.082,-11.562007342973173
5.7,-7.474560834005889
20.64,2.9893022289503577
10.02,-8.128552275440654
714.96,272.7607718207911
5.2029,-10.581020180821024
10.68,-8.78254371687542
13.2,4.297285111819889
9.8901,-6.330075811495049
79.08,16.396126778363048
9.72,5.278272273972036
-298.41,76.72683725072015
-6.567,-11.725505203331863
9.072,-8.128552275440654
0.0,446.06850380100394
2.0748,-11.071513761897098
140.16,196.08027531256485
20.6816,-5.0220929286255185
-9.612,54.00063466086206
41.85,6.259259436124186
-197.4,36.50636360248208
-15.39,-5.0220929286255185
174.9825,69.36943353457904
3.08,-8.78254371687542
11.2,-4.368101487190753
15.33,8.548229481145864
5.8604,-10.417522320462332
22.968,10.183208084732776
-15.492,-11.23501162225579
-166.3935,-2.079131442169073
34.95,1.517821485722136
24.84,-2.2426293025277655
-4.647,-11.725505203331863
-19.8144,-10.417522320462332
3.3,-4.531599347549444
16.56,-5.18559078898421
-10.536,141.96248353383803
-0.9012,-6.49357367185374
73.26,19.175590404460802
16.4,-4.04110576647337
8.25,-8.292050135799347
37.4144,4.133787251461197
340.41,210.304589163771
92.952,29.148959886340972
5.7716,-10.417522320462332
12.66,-5.676084370060284
32.58,-1.261642140375617
5.68,-6.166577951136357
3.348,-10.908015901538407
-2.6025,-10.090526599744951
-55.84,0.7003321839286798
74.0547,46.97022666543833
7.5,-9.436535158310186
201.72,70.02342497601381
32.1,-1.9156335818103827
32.52,1.1908257650047531
23.01,8.548229481145864
8.983,61.03104265628578
6.84,-7.474560834005889
181.62,55.1451196833729
-29.604,-9.927028739386259
18.6624,-6.003080090777666
-23.085,-8.292050135799347
3.24,43.37327373754712
135.98,76.56333939036146
-78.94,-3.3871143250386044
7.9248,-7.474560834005889
22.68,12.472178129754457
39.84,46.80672880507964
-19.392,-7.147565113288506
19.76,13.453165291906604
39.6,59.72305977341625
-8.312,3.8067915307438156
28.4,65.11848916525307
52.08,7.403744458635025
10.44,16.23262891800436
3.0,-6.166577951136357
6.3504,-10.254024460103642
5.88,-9.763530879027567
7.7896,-8.455547996158037
130.56,43.86376731862319
-53.784,7.894238039711098
10.242,-3.5506121853972967
-172.125,138.20203274558813
-4.992,-4.368101487190753
8.88,-8.128552275440654
208.44,200.65821540260822
121.65,27.350483422395367
88.11,22.77254333235201
6.54,-8.128552275440654
60.74,32.745912814232184
0.75,-9.927028739386259
1.043,-9.927028739386259
-37.168,0.7003321839286798
9.87,-8.94604157723411
25.36,0.5368343235699875
3.44,-10.090526599744951
134.21196,110.73439220532795
20.52,0.04634074249391418
33.57,5.114774413613347
118.17,84.24773882721996
11.43,-8.455547996158037
-10.152,-9.109539437592801
196.5036,790.885491297484
-63.504,3.6432936703851233
171.36,54.32763038157944
2.205,-3.5506121853972967
148.98,43.04627801682973
1.232,-11.562007342973173
38.3572,59.23256619234017
-38.472,2.335310787515592
-14.52,-2.896620743962531
-4.66,2.825804368591667
-51.5154,-1.4251400007343094
23.1,25.552006958449763
17.52,-3.8776079061146795
-277.38,52.365656057275146
1.38,-9.600033018668876
269.82,145.23244074101183
-35.952,-9.600033018668876
6.9,3.8067915307438156
-26.496,30.783938489927888
180.54,67.40745921027475
1.4602,-8.94604157723411
0.0,15.251641755852209
-3.789,-11.889003063690556
24.0,13.780161012623989
2.28,-7.965054415081963
4.68,-9.109539437592801
7.1864,46.31623522400356
-197.64,68.3884463724269
9.504,-8.94604157723411
-93.42,109.7534050431758
238.653,204.41866619085812
55.56,9.856212364015395
40.5,19.175590404460802
9.68,-0.11715711786477812
70.41,150.95486585356605
275.85,92.58612970551322
1.38,-7.8015565547232715
-1.624,-8.128552275440654
11.76,-8.292050135799347
44.4768,60.37705121485102
-10.668,-7.474560834005889
45.6,6.259259436124186
-25.2,-8.78254371687542
200.64,81.30477734076351
-4.896,-10.744518041179715
5.022,-10.254024460103642
5.9175,-9.273037297951493
7.56,-8.78254371687542
54.6,43.7002694582645
33.2156,36.99685718355816
15.16,-6.003080090777666
86.646,36.99685718355816
-57.288,37.48735076463423
-31.5624,55.962608985166355
11.04,78.19831799394838
3.6,-5.0220929286255185
-57.96,1.1908257650047531
15.7194,-6.166577951136357
84.6,56.9435961473185
9.18,2.662306508232975
-199.605,2.9893022289503577
0.0,36.66986146284077
-4.9005,-5.18559078898421
69.84,33.399904255666954
421.5853,134.2780840969795
10.8588,35.034882859253855
8.85,-8.128552275440654
1.8,-8.128552275440654
28.5,-1.261642140375617
41.986,12.145182409037073
6.72,-7.63805869436458
20.7,157.1677845471963
-320.2395,17.540611800873886
-15.804,-9.436535158310186
36.228,12.96267171083053
8.5372,5.60526799468942
77.7,31.43792993136265
97.2,31.764925652080034
-19.722,-9.109539437592801
-42.534,135.25907125913167
-42.525,5.7687658550481125
11.37,-3.5506121853972967
12.057,7.403744458635025
21.3,45.662243782568794
0.99,-4.204603626832062
39.6,7.894238039711098
2.124,-9.763530879027567
14.94,14.924646035134828
-5.36,-11.39850948261448
8.61,-9.273037297951493
35.1,14.924646035134828
9.99,-3.7141100457559872
-9.3,21.62805830984117
10.62,31.110934210645272
31.896,50.89417531404692
17.28,-2.896620743962531
10.98,2.662306508232975
2.97,-2.5696250232451483
28.14,10.673701665808853
7.2,7.567242318993717
8.4,-7.63805869436458
181.62,55.1451196833729
-10.656,-10.417522320462332
-3.9702,-5.512586509701593
-5.4558,-7.311062973647197
6.96,-7.63805869436458
27.3,-3.0601186043212216
5.9712,-2.5696250232451483
10.35,-6.330075811495049
63.546,924.2997453501761
-98.625,8.221233760428483
29.372,1.3543236253634436
6.12,-3.223616464679914
69.93,16.88662035943912
27.78,1.0273279046460608
113.67,68.3884463724269
977.22,359.2511399505388
32.58,4.787778692895962
-8.1,-9.763530879027567
19.52,-3.8776079061146795
36.693,1.0273279046460608
4.34,-6.9840672529298145
13.65,-3.3871143250386044
-28.437,-3.5506121853972967
0.57,-11.071513761897098
587.19,249.54407564985695
2.232,10.346705945091468
99.0,21.30106258912379
-3.345,-0.11715711786477812
-5.58,-8.292050135799347
561.96,235.97375324008553
-3.768,-11.725505203331863
29.76,85.0652281290134
304.56,129.86364186729486
34.5,5.7687658550481125
31.8,3.3162979496677405
-60.408,-4.695097207908136
10.768,0.8638300442873703
-216.72,112.69636652963224
9.072,-8.128552275440654
8.46,-8.128552275440654
-6.03,-11.23501162225579
168.96,68.87893995350296
0.3,-9.436535158310186
13.68,-4.04110576647337
-91.896,5.7687658550481125
20.07,-3.5506121853972967
-224.756,25.225011237732378
-51.456,-0.7711485592995437
1.5,-8.292050135799347
471.6,221.25894580780331
-19.296,23.59003263414547
1.8144,-11.562007342973173
76.8,77.38082869215492
270.72,145.72293432208792
2.85,-0.4441528385821609
6.24,-3.0601186043212216
37.35,9.52921664329801
-19.776,-0.9346464196582343
25.65,-2.896620743962531
-0.93,-8.619045856516728
18.92,-4.04110576647337
6.3732,-2.733122883603839
0.34,-6.657071532212432
47.25,26.36949626024322
6.5888,-8.619045856516728
-37.488,-4.368101487190753
9.8,-2.733122883603839
291.6,305.62384175288804
40.32,12.145182409037073
227.48,115.96632373680607
15.764,-3.223616464679914
9.06,-8.94604157723411
108.18,25.225011237732378
-83.8752,39.122329368221145
91.8228,104.03097993062161
4.293,-10.744518041179715
18.398,62.82951912023138
0.0,26.696491980960605
2.355,-6.166577951136357
3.6,-6.9840672529298145
18.093,-4.368101487190753
215.5,94.38460616945882
3.4684,-10.744518041179715
0.45,-8.455547996158037
7.68,-6.657071532212432
-2.208,-7.147565113288506
-13.446,-4.858595068266827
31.86032,18.521598963026037
-14.5584,35.19838071961256
9.24,-3.8776079061146795
-4.2,-4.204603626832062
26.4,20.810569008047718
8.8275,5.114774413613347
143.94,51.22117103476431
-3.618,0.7003321839286798
51.6,11.000697386526234
82.9293,45.00825234113404
26.34,-3.7141100457559872
102.84,407.97350233742884
1.98,4.133787251461197
3.87,-10.090526599744951
25.38,3.15280008930905
31.08,30.12994704849312
65.43,10.346705945091468
6.08,-5.676084370060284
15.6,-4.204603626832062
-408.016,154.38832092109857
28.71,-1.4251400007343094
5.07,-10.254024460103642
7.38,-0.28065497822346863
19.998,8.711727341504556
16.7,33.399904255666954
4.68,-3.8776079061146795
4.3,-6.003080090777666
3.18,-7.63805869436458
24.9,-2.733122883603839
7.74,-7.965054415081963
12.9,-6.820569392571123
-5.9712,14.10715673334137
0.72,-9.436535158310186
23.844,-2.5696250232451483
24.84,-2.733122883603839
0.54,-3.0601186043212216
1.8,-10.581020180821024
2.82,-5.676084370060284
95.52,26.696491980960605
-113.76,-4.695097207908136
7.08,-1.9156335818103827
25.68,-1.261642140375617
460.08,196.57076889364092
52.5,10.183208084732776
2.592,-11.562007342973173
6.9654,-9.927028739386259
6.66,-9.436535158310186
65.7,36.50636360248208
10.5,0.04634074249391418
9.84,3.8067915307438156
11.586,25.552006958449763
24.84,-2.733122883603839
40.95,12.799173850471838
9.7119,-6.49357367185374
-16.92,-3.8776079061146795
1.71,-11.562007342973173
-18.28,-6.166577951136357
32.48,94.05761044874144
-31.05,7.894238039711098
11.808,31.110934210645272
32.8,1.3543236253634436
6.28,-10.090526599744951
-21.375,-8.78254371687542
156.402,582.4257193401525
57.6,34.70788713853648
22.48,110.24389862425188
6.6,-5.18559078898421
-39.6,-5.18559078898421
7.92,2.0083150667982093
301.968,90.46065752085022
12.0276,-4.858595068266827
-164.472,35.034882859253855
-32.32,-3.8776079061146795
9.0,-5.349088649342901
42.48,33.89039783674302
0.0,1.0273279046460608
-27.204,-9.109539437592801
8.88,-8.619045856516728
235.04,88.82567891726332
1.98,-8.292050135799347
17.7,-0.7711485592995437
19.44,-4.368101487190753
8.3493,-6.003080090777666
271.332,147.35791292567484
-3.675,-10.417522320462332
91.95,363.8290800405822
2.04,-11.562007342973173
15.84,-1.9156335818103827
141.16,41.24780155288413
4.38,-7.965054415081963
25.792,3.8067915307438156
16.14,11.654688827961
10.56,-8.455547996158037
-2.24,-5.18559078898421
280.59,85.22872598937211
274.08,127.73816968263186
0.0,-3.7141100457559872
232.083,75.25535650749192
75.628,97.49106551627395
34.776,-0.6076506989408514
-22.164,-6.9840672529298145
2.8536,-10.744518041179715
39.9,1.1908257650047531
90.2283,47.29722238615571
37.98,2.0083150667982093
11.025,-8.128552275440654
18.18,-6.003080090777666
36.15,53.51014107978598
-32.36,3.479795810026431
-14.598,-6.657071532212432
17.19,6.4227572964828745
23.808,0.5368343235699875
275.7,334.3994651760177
31.032,44.68125662041665
19.44,-4.531599347549444
86.82,28.167972724188825
-17.1,-8.94604157723411
94.4925,49.422694570818706
1.068,-9.600033018668876
-102.378,27.84097700347144
-9.6565,-11.39850948261448
92.12,103.54048634954553
8.0178,-9.600033018668876
7.945,13.616663152265296
65.772,79.99679445789398
-7.0752,-7.965054415081963
4.41,-9.273037297951493
18.216,26.042500539525836
5.434,-10.417522320462332
10.53,22.77254333235201
73.2,28.985462025982283
-26.268,-9.273037297951493
190.53,82.12226664255697
-19.78,-7.147565113288506
19.824,30.783938489927888
14.76,1.8448172064395187
-269.376,21.46456044948248
252.6,77.38082869215492
1.92,-4.531599347549444
50.2425,20.483573287330334
12.39,3.479795810026431
214.4675,203.43767902870596
3.36,1.3543236253634436
149.7,47.29722238615571
24.36,-3.5506121853972967
23.96,-0.28065497822346863
36.936,14.924646035134828
23.49,0.04634074249391418
196.6132,57.43408972839457
6.54,-7.474560834005889
35.37,278.8101926540627
30.15,16.723122499080432
45.52,10.183208084732776
37.568,69.53293139493773
-57.54,54.818123962655505
18.36,-3.8776079061146795
30.06,151.6088572950008
11.688,-0.9346464196582343
-34.128,-5.0220929286255185
-16.65,-7.147565113288506
17.01,-3.7141100457559872
16.56,-5.839582230418975
-26.001,27.023487701677983
-1.5,-11.562007342973173
30.09,16.55962463872174
39.5868,2.335310787515592
1.305,-11.725505203331863
14.22,10.837199526167542
7.68,-8.78254371687542
19.092,11.164195246884926
24.72,189.8673566189346
-44.2764,52.038660336557754
58.08,19.33908826481949
0.45,-8.455547996158037
-1.3584,-7.965054415081963
3.51,-11.23501162225579
6.745,-7.8015565547232715
8.0712,-8.94604157723411
-3.06,17.540611800873886
5.28,-8.94604157723411
5.72,-10.090526599744951
68.58,15.088143895493516
679.32,257.7189686677915
19.38,-0.11715711786477812
45.06,19.666083985536876
29.37,-0.6076506989408514
28.62,9.856212364015395
6.84,-2.2426293025277655
118.2,136.5670541420012
20.58,-1.9156335818103827
-423.45,92.42263184515453
4.59,-8.292050135799347
94.4937,90.62415538120892
1.68,16.069131057645667
-5.85,-11.562007342973173
-10.23,-8.455547996158037
2.52,-7.965054415081963
11.04,2.662306508232975
15.7584,-3.223616464679914
14.4495,2.1718129271569016
1.8,-4.695097207908136
-26.865,-0.11715711786477812
-132.216,10.019710224374087
16.65,12.472178129754457
429.75,143.76095999778363
6.3,-8.78254371687542
-20.4468,-7.8015565547232715
98.82,95.36559333161097
37.2,43.04627801682973
0.0,183.49094006494562
-8.37,-10.744518041179715
54.18,14.43415245405875
7.9188,4.9512765532546545
36.9,23.099539053069396
-32.472,106.81044355671936
11.07,-5.349088649342901
-3.345,12.145182409037073
56.46,36.179367881764705
24.3225,-1.7521357214516922
1.1225,-11.725505203331863
-5.373,-11.725505203331863
-801.528,82.93975594435042
166.62,52.529153917633835
2.88,-9.600033018668876
22.2,-5.18559078898421
405.72,122.9967317322298
21.2724,5.932263715406801
15.984,2.4988086478742844
0.42,-11.725505203331863
-31.14,38.468337926786376
5.6376,-9.763530879027567
24.12,31.43792993136265
156.96,115.96632373680607
238.236,95.03859761089359
19.98,4.787778692895962
-8.736,-6.9840672529298145
-1.6764,-12.052500924049246
10.65,-8.455547996158037
12.72,-5.0220929286255185
11.472,6.4227572964828745
23.34,115.14883443501262
-4.8,-2.079131442169073
120.48,63.32001270130746
88.29,32.582414953873496
-15.39,-1.9156335818103827
12.42,-6.820569392571123
38.88,18.031105381949963
1.23,-8.292050135799347
57.42,6.4227572964828745
33.54,1.0273279046460608
7.7832,-9.600033018668876
0.688,-5.512586509701593
3.18,-10.581020180821024
4.14,-0.9346464196582343
28.8,2.335310787515592
-74.704,19.502586125178183
2.304,-7.8015565547232715
195.12,51.384668895123
-167.445,11.491190967602307
6.63,9.365718782939322
-0.534,-8.455547996158037
1.92,-4.531599347549444
-43.824,10.183208084732776
25.2,7.240246598276332
61.68,23.753530494504158
-178.976,71.16790999852465
10.35,-7.474560834005889
29.16,4.133787251461197
2.24,-11.071513761897098
-9.981,-11.725505203331863
-32.208,0.7003321839286798
-29.628,14.10715673334137
53.25,7.07674873791764
24.96,-3.223616464679914
-17.796,-9.109539437592801
7.26,7.403744458635025
17.28,19.01209254410211
22.6,1.8448172064395187
37.32,2.825804368591667
1.5216,-5.512586509701593
-94.5084,164.19819254262003
690.12,301.0459016628447
7.8792,1.1908257650047531
7.7832,-9.600033018668876
5.55,-10.581020180821024
-3.348,-7.965054415081963
7.59,8.384731620787171
-197.505,82.61276022363305
15.2684,1.6813193460808264
375.7774,193.4643095468258
29.34,47.78771596723179
2.2828,-10.908015901538407
114.24,131.3351226105231
128.64,137.87503702487072
318.5,224.36540515461846
10.35,-0.11715711786477812
-3.064,-5.676084370060284
-27.576,21.46456044948248
5.49,10.346705945091468
19.32,-5.18559078898421
4.3956,-6.003080090777666
886.68,591.7450973805979
-8.3524,-6.657071532212432
8.992,0.2098386028526047
4.56,-7.965054415081963
10.8,-8.455547996158037
137.16,35.36187857997125
20.766,25.879002679167147
2.232,-6.820569392571123
224.64,98.96254625950218
73.14,39.612822949297225
18.06,86.37321101188294
-7.938,10.837199526167542
79.32,59.72305977341625
119.52,165.34267756513088
17.27,-6.657071532212432
512.4,187.08789299283683
6.52,-5.18559078898421
26.376,2.0083150667982093
-6.72,-8.78254371687542
168.1855,82.44926236327434
0.48,-2.896620743962531
-105.69,5.278272273972036
77.04,31.110934210645272
17.85,-0.11715711786477812
-13.3424,-10.908015901538407
3.7236,-10.254024460103642
-7.7247,88.66218105690461
-1.696,-8.292050135799347
4.95,-2.2426293025277655
10.2,-7.147565113288506
-42.696,127.08417824119708
16.2,2.4988086478742844
10.62,-4.04110576647337
3.51,-5.839582230418975
5.88,11.98168454867838
34.14,2.662306508232975
-3.784,-11.562007342973173
5.76,11.164195246884926
59.796,78.52531371466576
100.56,44.35426089969927
-50.6688,-6.003080090777666
8.2056,-4.204603626832062
152.418,60.05005549413363
11.79,-5.676084370060284
19.92,14.924646035134828
-2.82,-11.23501162225579
2.2,-11.39850948261448
36.3972,21.62805830984117
-4.968,-10.908015901538407
13.0928,-6.330075811495049
36.225,35.034882859253855
57.6,6.913250877558951
0.94,2.9893022289503577
33.948,12.635675990113146
8.136,-2.406127162886456
-12.0132,23.263036913428085
2.0,4.133787251461197
1.9089,-10.908015901538407
15.633,-1.9156335818103827
-7.728,-10.254024460103642
-62.118,-1.9156335818103827
114.24,44.35426089969927
9.63,23.59003263414547
59.19,62.17552767879663
-24.213,-9.763530879027567
-36.7362,-5.18559078898421
-4.875,-10.908015901538407
2.1,-11.39850948261448
233.52,83.10325380470911
15.12,-7.147565113288506
-3.5624,-1.5886378610929999
-26.514,-3.223616464679914
40.14,7.567242318993717
2.9646,-10.581020180821024
34.2,2.0083150667982093
2.7222,-11.071513761897098
1.584,-9.436535158310186
9.594,3.3162979496677405
84.9,80.16029231825267
12.03,-4.858595068266827
9.06,-5.839582230418975
-122.742,13.943658872982677
27.12,2.335310787515592
7.932,-5.839582230418975
-4.2,-5.676084370060284
28.16,11.98168454867838
50.58,12.635675990113146
-4.068,40.26681439073198
85.98,21.955054030558554
2.502,-11.23501162225579
2400.9657,788.7600191128209
60.72,20.647071147689022
14.0,-4.204603626832062
64.0728,80.81428375968744
-12.588,-9.436535158310186
-3.8646,-9.763530879027567
149.382,41.901792994318896
-29.94,-6.330075811495049
195.18,179.23999569561965
7.77,-3.8776079061146795
5.25,30.6204406295692
51.84,8.875225201863245
-371.04,60.37705121485102
19.7712,-3.3871143250386044
18.1,24.734517656656305
2.274,-11.071513761897098
227.88,72.31239502103548
5.88,64.4644977238183
11.4,-2.5696250232451483
0.88,-11.23501162225579
4.77,-4.531599347549444
46.62,12.308680269395765
93.12,22.282049751275938
116.145,41.08430369252544
3.51,-11.23501162225579
-152.448,66.75346776883998
10.02,-8.78254371687542
-93.114,-5.349088649342901
85.8,75.41885436785063
6.72,-7.965054415081963
-210.432,39.285827228579834
5.94,-8.455547996158037
7.152,-9.927028739386259
23.52,-1.9156335818103827
-247.092,22.77254333235201
3.9,51.71166461584038
45.72,5.932263715406801
20.7,-2.733122883603839
26.16,-3.3871143250386044
5.44,-7.63805869436458
9.18,-2.2426293025277655
-5.684,14.924646035134828
114.36,42.555784435753665
-5.892,0.373336463211297
40.4012,1.6813193460808264
27.81,16.069131057645667
-2.264,17.050118219797813
23.3954,-2.2426293025277655
0.9,-4.858595068266827
70.08,55.1451196833729
49.8042,32.90941067459087
6.4845,5.60526799468942
-98.205,276.1942268883236
13.86,3.15280008930905
-29.136,-6.49357367185374
5.4,-3.5506121853972967
39.78,0.7003321839286798
-132.68,11.164195246884926
-12.714,-8.94604157723411
20.43,-1.9156335818103827
1124.901,489.23193893569845
-31.828,-3.3871143250386044
25.8,2.1718129271569016
12.31016,40.59381011144937
69.03,50.40368173297085
-31.9144,91.93213826407845
63.0,134.9320755384143
5.096,-2.896620743962531
-28.6272,-6.49357367185374
137.151,33.399904255666954
1.26,-9.763530879027567
-18.432,-8.94604157723411
23.7,-0.6076506989408514
4.208,-10.254024460103642
1.1765,-11.23501162225579
-4.32,-3.0601186043212216
-12.87,-9.273037297951493
50.64,6.913250877558951
35.52,8.384731620787171
59.22,9.20222092258063
0.8946,-9.763530879027567
20.94,-2.2426293025277655
6.0,-10.254024460103642
59.84,14.924646035134828
-68.9826,27.023487701677983
42.4647,6.749753017200259
31.05,2.1718129271569016
4.2,-7.474560834005889
2.64,-6.166577951136357
353.22,122.01574457007764
8.5728,-9.436535158310186
-5.4882,11.491190967602307
1.4456,-11.39850948261448
311.52,450.809941751406
9.54,1.8448172064395187
-7.326,-11.562007342973173
10.8,-8.619045856516728
16.2204,-2.896620743962531
-9.4545,-9.600033018668876
-312.693,19.502586125178183
2.52,29.312457746699668
33.48,4.297285111819889
-18.306,-10.744518041179715
83.04,259.1904494110197
4.05,-10.908015901538407
1.53,-9.436535158310186
160.05,43.37327373754712
-263.088,168.61263477230472
6.6,-7.8015565547232715
1.36,-1.0981442800169265
10.944,-1.5886378610929999
28.02,4.9512765532546545
15.51,7.07674873791764
18.06,-3.8776079061146795
8.93,-9.273037297951493
719.85,249.21707992913952
-43.98816,34.3808914178191
-335.44432,86.37321101188294
15.0,-6.820569392571123
0.0,70.84091427780726
-8.2176,-7.311062973647197
-205.683,19.175590404460802
1.56,0.7003321839286798
-8.142,-6.9840672529298145
224.9925,183.817935785663
1.26,-10.908015901538407
-38.934,-3.5506121853972967
16.88,-6.003080090777666
1.0738,-11.889003063690556
3.4965,-5.839582230418975
-9.45,-10.581020180821024
17.7,-3.8776079061146795
0.0,2.1718129271569016
8.64,-7.311062973647197
42.3625,15.251641755852209
3.78,-7.965054415081963
-392.892,142.2894792545554
9.2232,-6.9840672529298145
1.32,-9.600033018668876
-15.516,200.16772182153213
-248.2458,89.1526746379807
-7.2672,-6.49357367185374
88.02,56.126106845525044
162.36,40.75730797180806
652.95,248.0725949066287
-46.332,63.15651484094877
36.1836,0.5368343235699875
74.0,15.088143895493516
-0.024,420.072344003972
5.7,-7.474560834005889
19.23,-3.3871143250386044
17.16,81.6317730614809
42.84,7.567242318993717
16.8,-6.330075811495049
28.1718,-2.5696250232451483
100.989,40.75730797180806
0.72,-8.128552275440654
2.56,-9.109539437592801
29.692,2.4988086478742844
-22.8,-10.254024460103642
-31.884,-5.839582230418975
10.8,5.278272273972036
57.66,73.45688004354632
-568.998,49.586192431177395
27.54,0.2098386028526047
6.75,-5.349088649342901
13.53,-7.965054415081963
-3.636,-6.49357367185374
32.4684,2.335310787515592
3.78,-7.965054415081963
22.792,-3.0601186043212216
7.8,-6.49357367185374
-3.6,-11.23501162225579
4.536,10.019710224374087
19.59,-3.8776079061146795
73.71,12.799173850471838
26.73,5.114774413613347
-1.35,-1.4251400007343094
28.32,80.32379017861136
87.273,27.84097700347144
3.36,-6.820569392571123
104.88,73.29338218318763
3.204,3.479795810026431
1.02,-10.417522320462332
27.882,-2.2426293025277655
-22.6215,3.8067915307438156
-30.735,5.60526799468942
1.38,-1.0981442800169265
184.32,61.19454051664448
19.8,5.60526799468942
0.96,-8.455547996158037
9.9,151.28186157428343
-95.52,72.63939074175286
-127.308,31.43792993136265
7.2268,-9.109539437592801
5.4,-10.090526599744951
46.98,3.6432936703851233
9.6,-6.49357367185374
68.31,17.050118219797813
3.36,-11.071513761897098
266.1262,91.60514254336107
2.97,-10.090526599744951
-96.296,77.54432655251361
3.69,7.730740179352406
108.36,148.82939366890307
7.1372,1.0273279046460608
5.01,-10.254024460103642
11.4,-7.311062973647197
21.36,45.989239503286186
9.8164,-8.94604157723411
18.4464,-1.5886378610929999
28.593,54.16413252122075
-44.676,53.34664321942729
-0.72,-10.744518041179715
0.51,-10.254024460103642
575.46,415.33090605356995
8.2062,-9.600033018668876
15.66,13.453165291906604
2.52,29.639453467417045
25.92,58.415076890546715
22.77,-4.531599347549444
13.347,-6.657071532212432
2.64,-6.166577951136357
13.8828,-7.474560834005889
6.48,-10.090526599744951
6.1704,-9.600033018668876
-7.944,-7.147565113288506
3.4398,-10.581020180821024
23.12,-4.531599347549444
17.58,9.692714503656703
-198.828,55.962608985166355
63.162,49.586192431177395
206.301,170.41111123625032
-1.656,-11.725505203331863
6.5569,-9.436535158310186
64.44,16.069131057645667
11.1,0.7003321839286798
9.78,-8.292050135799347
10.74,-8.619045856516728
0.0,2.335310787515592
41.5104,2.335310787515592
62.4,20.483573287330334
-2.19,-11.071513761897098
-42.688,5.7687658550481125
3.5752,-10.908015901538407
54.36,6.0957615757654935
-11.574,-11.39850948261448
183.636,287.9660728341494
15.165,0.8638300442873703
18.72,-3.3871143250386044
4.14,-7.8015565547232715
56.7,90.9511511019263
20.1584,20.647071147689022
49.98,42.065290854677585
-33.04,-8.128552275440654
4.2,-9.927028739386259
12.4902,-4.858595068266827
14.25,-4.858595068266827
5.94,-8.94604157723411
-6.504,11.164195246884926
54.057,105.50246067384982
7.08,-8.128552275440654
82.44,77.54432655251361
1470.21,488.414449633905
151.0314,66.91696562919867
4.596,-1.0981442800169265
11.0,32.582414953873496
2.7776,-10.908015901538407
3.66,-3.7141100457559872
110.16,39.122329368221145
28.35,13.453165291906604
4.74,-10.581020180821024
102.96,35.85237216104731
18.66,89.31617249833938
151.677,49.586192431177395
-35.52,-5.512586509701593
76.7904,50.40368173297085
58.9192,8.05773590006979
39.24,0.7003321839286798
58.86,15.088143895493516
-44.0475,9.20222092258063
362.8404,215.8635164159665
41.25,325.4070828562897
1.3068,-11.889003063690556
6.12,-9.436535158310186
18.2112,-6.166577951136357
38.04,3.6432936703851233
12.16,-6.166577951136357
-0.189,119.89027238541466
34.944,503.61975064726323
13.683,12.799173850471838
45.6,14.270654593700062
-111.6225,98.3085548180674
182.26,58.57857475090542
-12.528,-9.763530879027567
106.92,57.59758758875327
-4.368,-6.330075811495049
-5.8604,-11.071513761897098
132.06,55.1451196833729
1.44,-10.417522320462332
15.0,-1.7521357214516922
216.72,70.02342497601381
20.1,34.70788713853648
9.24,4.460782972178581
-18.18,-7.63805869436458
7.92,31.43792993136265
-88.548,4.62428083253727
0.4592,-11.562007342973173
0.0,-8.455547996158037
-29.682,49.91318815189477
97.38,28.49496844490621
4.32,-10.581020180821024
1055.25,526.8364468181975
3.7596,-10.417522320462332
3.6,-5.0220929286255185
10.0624,-8.128552275440654
-5.1066,-4.858595068266827
4.0,-7.965054415081963
64.92,20.810569008047718
1.6,-7.147565113288506
726.825,476.96959940879657
15.372,9.365718782939322
48.72,15.088143895493516
54.0,9.20222092258063
7.56,-8.78254371687542
-123.998,109.26291146209974
-12.5349,6.4227572964828745
60.15,25.552006958449763
-1.792,-11.889003063690556
39.69,34.21739355746041
41.76,40.26681439073198
56.31,6.0957615757654935
33.144,69.20593567422036
20.844,-1.0981442800169265
3.8,-9.600033018668876
3.69,-10.090526599744951
-4.464,-11.889003063690556
-12.6882,7.240246598276332
6.36,0.7003321839286798
32.64,1.6813193460808264
-20.1663,-10.417522320462332
14.67,-4.368101487190753
-62.79,-5.512586509701593
16.5354,-3.7141100457559872
36.0,-0.28065497822346863
21.5964,-2.5696250232451483
-0.0945,19.01209254410211
-14.463,-10.908015901538407
1722.48,691.6422900597584
238.56,544.8212114576535
2.1,-7.474560834005889
31.64,-1.5886378610929999
9.036,-4.858595068266827
-10.665,-10.581020180821024
-2.514,-7.147565113288506
5.34,-2.733122883603839
41.22,5.278272273972036
0.0,-9.109539437592801
0.48,-9.600033018668876
40.137,58.742072611264106
-8.88,-11.23501162225579
-216.765,80.81428375968744
19.56,-4.368101487190753
34.08,0.04634074249391418
36.9502,65.11848916525307
309.78,136.7305520023599
-17.9424,-8.78254371687542
2.3686,-9.927028739386259
169.14,62.339025539155315
4.2,-10.417522320462332
-63.252,28.985462025982283
176.386,90.62415538120892
5.1,-10.090526599744951
81.24,14.270654593700062
-2.97,-4.368101487190753
6.6906,-9.109539437592801
82.04,15.578637476569593
0.0,-7.8015565547232715
0.84,-7.474560834005889
81.27,17.213616080156505
14.28,34.3808914178191
335.5912,144.90544502029445
4.4,-10.254024460103642
43.152,14.10715673334137
42.24,4.460782972178581
37.44,0.373336463211297
7.92,-9.436535158310186
16.44,-4.858595068266827
22.68,14.10715673334137
-7.9002,-11.562007342973173
105.85888,97.00057193519788
89.88,36.66986146284077
4.512,-9.927028739386259
12.2,-1.9156335818103827
122.7,43.37327373754712
0.588,-3.5506121853972967
-9.8496,-0.28065497822346863
2.73,-7.474560834005889
217.2,129.70014400693617
9.52,-5.839582230418975
13.02,-6.330075811495049
144.42,111.8788772278388
1.86,-8.94604157723411
-7.2,-9.109539437592801
50.94,15.415139616210901
711.0,229.92433240681396
46.7955,117.76480020075168
34.146,14.270654593700062
1.26,8.548229481145864
45.72,10.346705945091468
13.44,3.3162979496677405
122.148,31.92842351243873
1.608,9.20222092258063
119.84,65.93597846704652
5.22,30.456942769210503
160.623,75.09185864713324
58.68,33.399904255666954
0.7101,-8.94604157723411
11.1176,-5.349088649342901
96.25072,29.148959886340972
10.8864,-7.311062973647197
-28.713,-8.292050135799347
7.92,-8.292050135799347
-7.935,-10.254024460103642
168.2928,130.35413544837093
0.6,-7.311062973647197
5.8604,-10.417522320462332
91.7892,29.312457746699668
-16.035,-11.071513761897098
53.07,20.974066868406407
174.78,117.60130234039299
-0.06,-8.78254371687542
27.45,-1.9156335818103827
50.82,36.66986146284077
24.48,5.932263715406801
-129.024,84.90173026865472
95.004,298.756931617823
-253.4337,178.91299997490225
2.8,-6.49357367185374
20.1,34.70788713853648
5.16,-10.090526599744951
45.9,6.4227572964828745
4.68,-9.600033018668876
8.0652,-7.311062973647197
13.65,32.255419233156104
3.33,-10.908015901538407
-6.036,-2.5696250232451483
71.4,12.472178129754457
188.78508,73.62037790390502
191.9968,223.05742227174892
265.92,194.60879456933662
68.55,362.03060357663657
1.5,-8.292050135799347
59.4,14.597650314417443
14.8,-6.820569392571123
11.6,14.761148174776135
18.36,15.088143895493516
63.7392,9.365718782939322
9.63,-7.311062973647197
-4.005,2.1718129271569016
-12.588,-9.927028739386259
-8.988,0.8638300442873703
-95.88,4.133787251461197
134.5665,62.502523399514004
-38.148,2.0083150667982093
752.64,287.8025749737907
-111.672,4.9512765532546545
3.96,-10.254024460103642
-48.45,58.905570471622795
1.65,-11.39850948261448
0.0,3.6432936703851233
-127.372,70.84091427780726
-5.487,-11.725505203331863
-112.728,40.26681439073198
2.16,-10.908015901538407
-1.146,2.4988086478742844
7.656,-9.109539437592801
-24.24,-8.292050135799347
6.24,39.612822949297225
4.104,-0.11715711786477812
11.64,11.491190967602307
203.58,88.49868319654593
26.703,5.60526799468942
7.6146,-9.763530879027567
5.48,-9.109539437592801
1.8,-8.128552275440654
-27.588,10.183208084732776
11.898,-5.839582230418975
-6.696,-11.23501162225579
16.26,-5.512586509701593
5.92,-9.927028739386259
9.0,8.711727341504556
-0.009,74.11087148498109
100.731,87.84469175511117
1.6524,-11.562007342973173
-362.664,29.148959886340972
238.653,204.41866619085812
35.2772,8.221233760428483
-996.78,126.26668893940364
-2.58,-8.128552275440654
9.54,18.848594683743418
6.57,-5.676084370060284
98.28,121.68874884936027
3.42,-10.581020180821024
24.696,48.76870312938394
-32.436,47.13372452579702
-116.59696,36.66986146284077
0.0,36.99685718355816
1.32,-6.166577951136357
85.98,21.955054030558554
99.84,30.6204406295692
10.1,-6.9840672529298145
4.74,-9.436535158310186
1.08,-3.0601186043212216
25.116,-2.406127162886456
566.73,286.65808995127986
3.54,-7.965054415081963
-8.4987,-8.78254371687542
4.6,25.879002679167147
3.87,-10.090526599744951
193.032,268.18283173074775
2.4,-10.581020180821024
68.76,62.502523399514004
93.6,89.80666607941546
603.24,327.69605290131136
4.05,-10.908015901538407
19.89,52.69265177799252
-4.14,1.1908257650047531
-23.496,-5.676084370060284
19.677,-3.8776079061146795
4.7,-6.330075811495049
43.008,34.54438927817779
8.88,-8.455547996158037
157.74,47.6242181068731
50.706,7.240246598276332
327.5818,193.6278074071845
101.16,37.81434648535162
5.8203,-9.763530879027567
-10.242,-2.5696250232451483
-32.04,-7.311062973647197
4.8392,50.89417531404692
11.223,-7.311062973647197
7.12,-7.8015565547232715
-412.6154,75.58235222820932
355.32,158.47576743006584
99.0896,114.16784727286047
177.6,87.84469175511117
-11.784,16.396126778363048
3.2,-8.292050135799347
6.84,-6.003080090777666
121.71,29.96644918813443
8.4784,22.282049751275938
65.92,12.635675990113146
8.6744,3.8067915307438156
-68.176,11.491190967602307
-1.35,-9.109539437592801
15.32,-5.349088649342901
139.2,150.30087441213126
22.3888,0.7003321839286798
16.92,0.2098386028526047
3.9,52.365656057275146
9.3312,-9.273037297951493
0.9963,-11.889003063690556
36.88,1.6813193460808264
3.852,-6.003080090777666
50.3658,18.194603242308652
-5.256,6.913250877558951
20.22,-3.3871143250386044
-52.248,-6.49357367185374
165.66,88.00818961546986
22.5,-5.0220929286255185
5.16,-10.090526599744951
65.52,9.52921664329801
98.55,189.04986731714112
-7.1991,-1.9156335818103827
-419.076,148.82939366890307
21.0,-5.349088649342901
-4.935,-5.18559078898421
7.344,-6.657071532212432
3.76,3.15280008930905
341.28,266.7113509875195
34.30984,70.02342497601381
38.52,12.799173850471838
301.84,105.17546495313245
-1.215,-2.733122883603839
141.48,45.498745922210105
71.088,162.39971607867443
2.98,-9.763530879027567
122.22,44.68125662041665
-124.664,73.45688004354632
84.48,17.050118219797813
64.44,251.01555639308515
11.4,3.15280008930905
5.1408,-4.858595068266827
3.6,-8.619045856516728
11.1664,-5.839582230418975
6.06,-6.820569392571123
-0.688,-9.436535158310186
8.16,121.36175312864289
31.9319,5.60526799468942
11.673,-2.733122883603839
5.55,-10.417522320462332
288.84,111.8788772278388
4.34,-4.368101487190753
10.2,11.491190967602307
27.7158,48.11471168794917
572.55,200.33121968189081
13.32,-6.9840672529298145
8.91,60.86754479592709
12.69,-5.839582230418975
-146.928,3.9702893911025043
8.1,-8.619045856516728
395.9604,134.7685776780556
2.99,-10.744518041179715
-167.536,7.894238039711098
2.2554,-8.455547996158037
65.52,11.98168454867838
-41.985,3.9702893911025043
8.262,28.167972724188825
-28.224,-4.04110576647337
-45.14,15.251641755852209
23.76,-0.28065497822346863
-3.44,-10.417522320462332
0.96,-8.455547996158037
12.84,-5.18559078898421
78.435,25.552006958449763
2.19,-9.109539437592801
-10.8792,2.1718129271569016
-46.3998,18.848594683743418
-2.032,-11.23501162225579
0.3336,-11.725505203331863
12.6,56.78009828695981
-63.6462,229.4338388257379
70.98,40.43031225109068
48.708,47.4607202465144
71.58,46.152737363644874
1.8704,-11.562007342973173
4.936,-6.330075811495049
-4.736,-6.330075811495049
-127.245,254.93950504169374
-3.6576,-12.052500924049246
0.0,-11.23501162225579
5.4,-4.368101487190753
-10.9116,-2.2426293025277655
26.1,3.479795810026431
-0.48,-6.166577951136357
14.16,-7.147565113288506
1.26,-9.763530879027567
-19.8252,105.33896281349114
-6.24,-6.166577951136357
117.984,106.31994997564328
646.38,239.24371044725936
-68.976,6.4227572964828745
73.68,14.43415245405875
-1.3104,-12.052500924049246
93.6,126.7571825204797
4.29,-3.5506121853972967
4.8519,-10.090526599744951
0.4752,-11.725505203331863
-4.206,-9.600033018668876
92.16,36.342865742123394
22.44,79.66979873717659
74.46,36.342865742123394
8.685,95.85608691268705
171.84,63.64700842202484
11.086,-8.455547996158037
-1.6446,-6.820569392571123
0.7198,-2.896620743962531
27.06,-3.5506121853972967
-8.982,-11.39850948261448
33.16,10.183208084732776
21.6,-5.0220929286255185
35.73,1.517821485722136
48.45,4.133787251461197
-8.13,9.692714503656703
2.0,-6.820569392571123
2.97,-8.619045856516728
128.9742,36.66986146284077
28.917,129.53664614657748
5.44,-1.261642140375617
50.052,17.050118219797813
14.67,-7.63805869436458
369.27,116.12982159716476
-32.226,-8.619045856516728
25.92,5.278272273972036
5.3898,31.601427791721346
582.232,327.5325550409527
15.57,-5.512586509701593
50.688,6.259259436124186
2.82,-8.78254371687542
120.9416,63.64700842202484
76.38,27.84097700347144
60.39,12.96267171083053
24.6,27.84097700347144
31.581,18.68509682338473
8.94,-2.5696250232451483
-3.8661,4.133787251461197
-124.662,1.517821485722136
60.392,36.99685718355816
61.05,24.571019796297616
192.06,54.49112824193813
12.4,6.0957615757654935
247.0272,147.35791292567484
-1.506,-9.436535158310186
145.5,146.213427903164
-121.2705,79.17930515610053
16.62,-1.0981442800169265
-4.74,-9.600033018668876
-5.34,-11.23501162225579
1.35,-0.7711485592995437
61.4,10.019710224374087
25.8,-1.261642140375617
35.91,22.118551890917242
86.08,26.696491980960605
113.16,36.342865742123394
-381.465,60.05005549413363
4.2,-9.273037297951493
21.0,-5.349088649342901
-17.76,-8.94604157723411
16.4,-5.512586509701593
7.5,-7.965054415081963
-8.0775,93.24012114694798
58.812,24.571019796297616
-63.105,7.403744458635025
-0.78,-9.273037297951493
9.04,-8.619045856516728
74.9985,134.7685776780556
9.816,3.6432936703851233
3.28,-6.9840672529298145
34.56,0.5368343235699875
32.22,119.3997788043386
121.932,62.502523399514004
10.476,-0.4441528385821609
83.46,42.22878871503629
-4.92,-4.368101487190753
-79.092,104.03097993062161
12.42,1.1908257650047531
24.1224,-3.8776079061146795
2.82,-6.9840672529298145
13.08,201.47570470440166
-45.216,3.479795810026431
-32.928,-7.311062973647197
193.44,145.8864321824466
16.352,-2.5696250232451483
30.72,5.60526799468942
1.64,-9.436535158310186
2.48,-11.39850948261448
70.983,42.555784435753665
4.05,-5.676084370060284
69.993,20.320075426971638
-1.374,-10.744518041179715
72.358,33.89039783674302
-29.52844,8.711727341504556
7.722,-9.600033018668876
1.288,-3.8776079061146795
16.7132,-6.49357367185374
63.24,9.692714503656703
83.52,36.50636360248208
59.22,17.86760752159127
478.38,183.16394434422824
32.396,3.9702893911025043
-75.0624,30.293444908851814
-4.904,-11.071513761897098
10.2,2.825804368591667
2.244,-11.39850948261448
39.6,7.894238039711098
-21.7395,-2.079131442169073
60.66,9.20222092258063
1.122,-11.889003063690556
34.98,14.924646035134828
395.988,149.48338511033782
18.45,-3.3871143250386044
5.78,-9.763530879027567
5.369,-9.600033018668876
0.0,5.114774413613347
0.0,9.20222092258063
2.4,-10.581020180821024
55.05,9.038723062221937
2.2365,-7.147565113288506
5.88,-10.090526599744951
-7.38,-5.512586509701593
13.959,-5.676084370060284
165.348,258.20946224886757
5.52,-6.657071532212432
-2.1896,-10.744518041179715
10.02,14.924646035134828
3.4086,-10.254024460103642
3.528,-10.744518041179715
5.94,-8.292050135799347
4.11,-10.581020180821024
23.9904,-0.7711485592995437
374.6286,253.9585178795416
4.92,28.331470584547514
5.4,17.050118219797813
-0.951,-10.090526599744951
38.52,6.749753017200259
5.32,-8.78254371687542
-3.258,-11.889003063690556
124.788,334.7264608967351
3.7996,-11.071513761897098
41.73,5.60526799468942
1594.89,594.0340674256196
149.76,36.66986146284077
-3.972,-11.071513761897098
-145.3508,18.68509682338473
-268.536,19.502586125178183
10.3071,-8.78254371687542
9.0,6.0957615757654935
-49.208,5.441770134330728
7.428,3.8067915307438156
1.92,-10.090526599744951
9.9873,-6.330075811495049
89.4,18.031105381949963
-9.528,1.6813193460808264
18.1,24.734517656656305
321.0,162.56321393903312
4.05,-4.04110576647337
-407.136,108.60892002066497
-734.5264,220.1144607852925
3.8073,-5.18559078898421
29.364,0.373336463211297
1.98,-8.292050135799347
0.804,-9.600033018668876
2.37,-11.071513761897098
0.0,-8.78254371687542
25.32,125.93969321868626
73.368,80.48728803897005
1.86,2.9893022289503577
-91.944,-4.368101487190753
4.32,2.0083150667982093
63.84,42.719282296112354
12.06,-6.003080090777666
12.912,11.818186688319692
14.28,-7.311062973647197
55.341,52.365656057275146
31.68,3.3162979496677405
1.12,-11.562007342973173
16.8,0.2098386028526047
30.1872,0.5368343235699875
-5.5968,-10.908015901538407
-24.195,38.30484006642769
4.3904,-10.908015901538407
17.19,7.730740179352406
6.2208,-10.254024460103642
-6.75,-11.071513761897098
7.9752,-4.04110576647337
1.26,-8.292050135799347
194.004,97.49106551627395
22.8,-0.28065497822346863
195.57,51.54816675548169
15.8,-1.0981442800169265
17.5344,-3.5506121853972967
38.08,5.932263715406801
10.1,-4.858595068266827
-65.88,95.03859761089359
14.22,-4.695097207908136
-0.0405,57.27059186803588
7.04,10.837199526167542
-29.7,30.783938489927888
16.65,-6.330075811495049
12.036,-6.330075811495049
-31.647,28.985462025982283
-104.4528,6.913250877558951
8.19,4.787778692895962
53.34,11.818186688319692
76.2,14.761148174776135
-4.0216,-11.562007342973173
40.32,9.692714503656703
6.8714,-9.927028739386259
13.32,42.22878871503629
-2.682,-12.052500924049246
15.525,-6.657071532212432
4.011,-3.8776079061146795
-308.85,97.32756765591526
96.15,32.582414953873496
132.588,109.58990718281711
-1472.376,105.9929542549259
24.0,-2.5696250232451483
27.462,3.15280008930905
12.744,-7.965054415081963
113.46,36.50636360248208
34.2144,-0.7711485592995437
5.7,-0.4441528385821609
19.9,14.761148174776135
428.121,220.1144607852925
-24.768,68.55194423278559
6.21,-9.600033018668876
4.4,-9.763530879027567
-14.176,8.221233760428483
5.01,-10.417522320462332
10.98,-8.619045856516728
43.5,3.479795810026431
12.6,-1.4251400007343094
5.8891,-10.254024460103642
59.316,22.9360411927107
-47.166,-7.311062973647197
-4.58,-3.5506121853972967
129.384,34.70788713853648
-781.848,243.33115695622666
5.16,-8.128552275440654
0.63,0.7003321839286798
1.05,-9.927028739386259
15.03,2.1718129271569016
-133.2,-1.9156335818103827
-4.23,-9.927028739386259
387.9,154.55181878145726
122.28,35.19838071961256
-24.966,-5.349088649342901
45.36,173.19057486234806
21.714,0.373336463211297
14.7546,15.251641755852209
187.28,62.339025539155315
-14.998,2.335310787515592
21.6,-5.0220929286255185
87.35364,90.9511511019263
236.67,192.48332238467364
-5.604,-11.562007342973173
11.94,-7.474560834005889
0.0,0.7003321839286798
61.92,15.742135336928282
2.7956,-11.071513761897098
148.2,103.04999276846947
0.0,-10.908015901538407
71.4,52.529153917633835
35.82,2.335310787515592
185.04,131.82561619159915
-67.83,0.8638300442873703
110.34,29.639453467417045
5.94,-9.273037297951493
6.9,3.8067915307438156
29.9475,48.932200989742626
55.17,8.548229481145864
9.4284,-7.8015565547232715
-31.728,-5.676084370060284
-24.192,-9.109539437592801
12.69,-5.0220929286255185
0.618,-10.090526599744951
269.22,113.35035797106701
89.9548,32.90941067459087
108.08,44.19076303934058
-138.9,10.346705945091468
61.44,11.491190967602307
23.52,-1.9156335818103827
1.999,-5.839582230418975
36.45,1.1908257650047531
-0.0525,358.106654928028
185.16,113.84085155214309
66.18,10.183208084732776
-46.9952,-7.63805869436458
17.22,2.4988086478742844
7.9548,117.60130234039299
46.8,35.525376440329936
20.55,-3.0601186043212216
-62.496,-7.965054415081963
14.6,130.844629029447
65.84,10.51020380545016
13.62,-4.695097207908136
-3.93,-4.531599347549444
36.0,11.164195246884926
4.32,-7.311062973647197
32.193,1.517821485722136
320.16,174.4985577452176
1.02,-6.657071532212432
-37.828,9.365718782939322
-8.277,-11.725505203331863
27.72,12.96267171083053
5.4432,-9.763530879027567
-2.025,-12.052500924049246
-48.1194,-1.0981442800169265
-8.576,-3.7141100457559872
9.044,9.856212364015395
-28.356,80.32379017861136
57.81,15.415139616210901
7.38,-5.0220929286255185
261.6,82.77625808399173
-15.12,-6.166577951136357
10.9368,-7.311062973647197
50.3658,97.49106551627395
9.76,-8.128552275440654
-2.536,-6.166577951136357
30.98,3.8067915307438156
50.9208,17.377113940515198
31.198,28.49496844490621
1.5,-7.311062973647197
17.6,-4.368101487190753
64.8,13.453165291906604
12.54,-2.5696250232451483
7.11,-9.600033018668876
35.34,3.6432936703851233
5.64,-7.965054415081963
5.0328,-9.600033018668876
7.9984,3.9702893911025043
13.92,-2.406127162886456
-86.064,5.932263715406801
-12.12,-9.273037297951493
-7.332,-11.23501162225579
-261.183,6.749753017200259
22.0748,0.04634074249391418
19.44,-2.406127162886456
23.04,-4.204603626832062
0.0,-5.349088649342901
-397.71,137.71153916451203
17.55,0.7003321839286798
12.42,-4.531599347549444
-22.98,-9.763530879027567
3.6784,-9.927028739386259
304.92,112.20587294855618
2.946,-9.763530879027567
1.44,-4.04110576647337
2.244,-11.39850948261448
287.16,96.8370740748392
3.51,7.240246598276332
2.16,-3.3871143250386044
2.97,-10.090526599744951
15.7,-2.079131442169073
50.94,71.00441213816596
3.12,-2.2426293025277655
-32.712,107.79143071887151
-12.432,-9.273037297951493
18.46,3.479795810026431
-259.605,84.08424096686126
-284.592,67.40745921027475
-82.224,-0.11715711786477812
251.4,71.49490571924203
927.6,297.1219530142361
12.28,-7.474560834005889
1.17,-2.733122883603839
-53.775,8.548229481145864
-36.0171,-0.9346464196582343
38.7792,44.02726517898189
34.884,11.000697386526234
50.88,9.038723062221937
0.0,4.62428083253727
7.11,-6.49357367185374
9.02376,18.358101102667344
10.83,-8.128552275440654
4.32,-4.531599347549444
39.72,0.7003321839286798
197.71296,95.85608691268705
70.218,28.331470584547514
-18.828,13.943658872982677
-3.45,-5.18559078898421
2.48,-7.8015565547232715
-25.305,-6.003080090777666
55.86,6.749753017200259
7.47,-7.965054415081963
0.0,-5.0220929286255185
8.445,-1.261642140375617
-59.8356,58.742072611264106
71.1,14.10715673334137
-27.456,-9.109539437592801
7.62,-9.763530879027567
-14.724,11.654688827961
4.26,-9.600033018668876
12.66,3.6432936703851233
4.9,-7.311062973647197
589.2,298.4299358971056
-8.376,24.080526215221543
15.52,-5.512586509701593
0.87,-9.436535158310186
12.96,-0.6076506989408514
0.0,179.8939871370544
4.74,-3.7141100457559872
31.6,39.285827228579834
-104.58,34.21739355746041
128.136,80.32379017861136
553.98,399.4716135987769
2.6088,-4.531599347549444
-40.2948,11.654688827961
31.2,9.856212364015395
12.78,-7.311062973647197
56.22,23.59003263414547
23.4,-4.04110576647337
222.66,127.57467182227317
5.04,12.472178129754457
14.76,47.95121382759048
-72.68,11.327693107243615
26.96,-0.4441528385821609
13.2,-8.128552275440654
24.48,2.9893022289503577
185.88,77.05383297143753
3.256,-6.003080090777666
32.928,28.331470584547514
-29.286,-9.109539437592801
25.5,-3.223616464679914
-9.111,8.548229481145864
-27.384,11.491190967602307
174.48,49.586192431177395
7.4872,-9.927028739386259
-166.152,108.28192429994758
30.8415,4.787778692895962
3.36,-10.908015901538407
165.348,258.20946224886757
72.0,156.18679738504417
0.0,32.41891709351481
0.45,-8.455547996158037
-27.288,9.856212364015395
37.758,9.692714503656703
4.95,28.821964165623594
3.48,-6.9840672529298145
9.499,-8.94604157723411
10.22,8.711727341504556
44.304,6.259259436124186
19.8,-2.733122883603839
-10.776,-6.49357367185374
19.32,7.403744458635025
5.76,-6.820569392571123
-1.935,-8.619045856516728
20.152,13.943658872982677
-42.747,85.3922238497308
5.8,44.51775876005796
33.12,21.46456044948248
23.82,3.8067915307438156
-13.284,-9.273037297951493
61.95,7.894238039711098
11.7782,-8.292050135799347
5.5512,-9.763530879027567
25.2,5.60526799468942
4.29,9.038723062221937
-261.336,26.53299412060191
-118.767,-2.733122883603839
127.26,31.92842351243873
-14.628,83.10325380470911
-5.988,16.88662035943912
-12.2025,-5.839582230418975
28.56,-1.261642140375617
94.14,54.65462610229682
25.6,2.0083150667982093
15.84,-1.0981442800169265
7.59,-5.512586509701593
290.0058,151.11836371392474
17.88,-1.5886378610929999
11.88,-1.5886378610929999
-81.576,-3.223616464679914
9.24,-3.3871143250386044
-95.202,-1.0981442800169265
8.94,-4.695097207908136
13.26,18.68509682338473
-24.3,0.8638300442873703
56.88,7.07674873791764
-81.8685,10.51020380545016
8.1,-2.2426293025277655
551.976,267.6923381496717
97.4586,71.49490571924203
23.232,-4.531599347549444
6.2208,-10.254024460103642
3.18,-7.63805869436458
11.34,-5.676084370060284
14.94,-3.7141100457559872
3.51,-9.273037297951493
2.844,1.517821485722136
34.437,12.96267171083053
59.16,20.974066868406407
6.48,-7.965054415081963
-10.248,-9.763530879027567
18.16,-6.003080090777666
8.64,-6.820569392571123
7.458,5.932263715406801
-2.43,-11.071513761897098
25.47,9.52921664329801
6.72,-5.0220929286255185
39.84,46.80672880507964
83.169,35.85237216104731
-95.6,32.255419233156104
23.7742,-1.5886378610929999
11.0508,-5.512586509701593
376.596,185.6164122496086
9.3312,-9.273037297951493
0.18,-9.109539437592801
22.4808,-2.2426293025277655
15.48,2.825804368591667
-99.2664,11.491190967602307
-65.5725,6.586255156841567
1.6209,-0.7711485592995437
5.84,-9.763530879027567
17.76,60.37705121485102
4.5,-3.223616464679914
2.28,-11.071513761897098
-1.1349,-9.600033018668876
4.14,1.1908257650047531
2.97,-10.581020180821024
-9.147,11.491190967602307
64.14,15.251641755852209
33.18,41.901792994318896
69.7374,84.08424096686126
105.195,29.475955607058356
7.14,-9.763530879027567
16.4647,-6.166577951136357
80.3682,133.62409265554476
7.04,-6.657071532212432
45.0,31.110934210645272
-12.84,-7.965054415081963
46.575,12.96267171083053
21.84,38.63183578714508
-66.672,-5.18559078898421
8.4071,-7.63805869436458
17.58,-6.657071532212432
3.78,-8.78254371687542
12.606,-6.49357367185374
-25.8345,38.79533364750377
0.0,16.88662035943912
8.955,-9.109539437592801
24.7724,19.175590404460802
3.744,-10.417522320462332
327.9458,193.79130526754318
53.532,45.989239503286186
-1.53,-11.071513761897098
14.2272,-2.5696250232451483
20.61,-3.5506121853972967
18.6624,-6.003080090777666
0.6056,-9.927028739386259
9.6,-2.406127162886456
16.7445,4.297285111819889
9.57,-7.311062973647197
2.3406,-11.562007342973173
34.4,0.7003321839286798
243.74,125.12220391689279
8.64,-4.858595068266827
19.296,-5.839582230418975
-1.624,-4.531599347549444
170.1,46.80672880507964
-175.352,18.358101102667344
12.96,-3.5506121853972967
4.04,-10.254024460103642
8.1,32.255419233156104
130.4913,46.47973308436225
-210.966,2.335310787515592
11.08,-0.28065497822346863
6.2608,-9.927028739386259
56.742,16.396126778363048
1.4112,-11.889003063690556
19.56,-0.4441528385821609
-14.7594,-10.908015901538407
-493.32,130.6811311690883
456.588,186.76089727211945
203.823,175.15254918665235
14.34,-1.7521357214516922
46.953,3.9702893911025043
6.4128,-10.254024460103642
570.9,174.3350598848589
63.09,8.221233760428483
1.8,-8.128552275440654
105.96,27.84097700347144
4.1988,-3.223616464679914
11.052,2.662306508232975
148.491,68.55194423278559
3.3,-8.455547996158037
-56.5425,1.0273279046460608
41.697,78.52531371466576
17.91,-6.166577951136357
17.38,-0.9346464196582343
27.06,-3.223616464679914
856.98,407.97350233742884
0.7695,-9.600033018668876
178.11,81.30477734076351
6.75,-8.128552275440654
92.88,21.30106258912379
-59.568,21.955054030558554
3.3,-9.436535158310186
49.8435,4.9512765532546545
82.44,77.54432655251361
27.32,5.60526799468942
-13.32,52.69265177799252
6.9552,-9.600033018668876
104.49,69.04243781386165
2.2272,-11.23501162225579
76.8,12.799173850471838
13.71,62.502523399514004
2.88,-10.581020180821024
20.4,-5.18559078898421
6.9088,-9.109539437592801
-226.464,100.2705291423717
24.42,5.7687658550481125
-59.05688,29.96644918813443
-13.9587,-8.78254371687542
35.52,52.20215819691646
-7.848,64.4644977238183
-115.83,8.221233760428483
38.7,4.297285111819889
-10.392,-8.455547996158037
7.434,-8.94604157723411
-55.842,69.85992711565511
-29.544,22.77254333235201
9.072,-8.128552275440654
-8.46,-8.78254371687542
5.912,-9.436535158310186
-76.08,1.3543236253634436
-11.808,4.133787251461197
61.95,7.894238039711098
-32.5908,-4.04110576647337
8.34,-7.311062973647197
10.16,-2.5696250232451483
4.08,-9.436535158310186
68.28,32.255419233156104
-36.7035,-4.204603626832062
0.1744,-11.725505203331863
-4.068,46.80672880507964
22.2264,-5.0220929286255185
790.47,246.11062058232443
28.7,-2.5696250232451483
4.4955,-10.744518041179715
7.89,-6.49357367185374
29.07,-2.406127162886456
12.48,-7.965054415081963
12.912,11.818186688319692
-51.192,20.974066868406407
-40.26,3.9702893911025043
-31.08,-8.94604157723411
9.06,-6.9840672529298145
37.4,4.62428083253727
-49.332,158.9662610111419
-13.596,-9.436535158310186
0.5668,-11.889003063690556
30.42,-2.406127162886456
14.184,10.837199526167542
3.24,-8.78254371687542
101.79,139.01952204738157
0.48,-8.128552275440654
188.2192,105.9929542549259
0.0,27.18698556203668
8.073,-9.436535158310186
23.22,-4.531599347549444
-1.38,-11.889003063690556
-0.2098,-9.600033018668876
97.38,215.20952497453175
25.461,12.635675990113146
1.64,-9.436535158310186
74.7,16.723122499080432
2.97,-9.273037297951493
2.46,1.1908257650047531
37.68,8.221233760428483
-9.27,-4.04110576647337
-10.7442,3.6432936703851233
1.7904,24.24402407558023
-20.313,47.13372452579702
661.86,243.98514839766142
-12.672,-8.78254371687542
1.35,-0.7711485592995437
11.9,-2.079131442169073
10.56,-4.204603626832062
82.83,37.81434648535162
-4.086,-9.763530879027567
0.81,-10.908015901538407
-3.248,-11.39850948261448
10.8825,0.5368343235699875
18.42,-2.406127162886456
63.0819,65.44548488597044
0.0,19.175590404460802
13.56,3.479795810026431
73.35,11.654688827961
0.0,15.415139616210901
59.46,28.167972724188825
11.7,-6.330075811495049
33.24,-0.7711485592995437
1.92,-7.8015565547232715
8.16,-9.600033018668876
15.294,7.567242318993717
41.0388,18.194603242308652
-16.888,-2.079131442169073
3.84,3.479795810026431
-4.3584,-11.889003063690556
-8.37,-8.292050135799347
11.619,-5.512586509701593
-36.048,7.240246598276332
121.32,33.72689997638433
52.38,16.23262891800436
18.45,3.6432936703851233
1.29,-8.128552275440654
-16.94,-9.109539437592801
12.822,-4.204603626832062
6.3936,-1.9156335818103827
1.71,-6.49357367185374
17.64,28.821964165623594
18.536,18.031105381949963
30.72,43.37327373754712
49.35,7.730740179352406
-39.144,15.905633197286974
64.7892,58.251579030188026
21.96,47.6242181068731
123.228,60.21355335449233
9.3906,-9.109539437592801
3.82,-10.908015901538407
7.4872,-9.927028739386259
0.0,-8.78254371687542
1.38,10.673701665808853
1.32,9.365718782939322
39.12,67.73445493099213
260.58,94.05761044874144
38.97,13.126169571189223
15.6104,-4.531599347549444
36.4044,0.5368343235699875
-308.496,11.98168454867838
27.459,11.491190967602307
-8.616,-11.562007342973173
26.4,-3.7141100457559872
68.198,165.99666900656564
19.596,-0.28065497822346863
135.855,169.43012407409816
41.0216,1.8448172064395187
22.95,50.40368173297085
18.78,-2.079131442169073
0.48,-10.254024460103642
64.65,15.415139616210901
-89.856,22.118551890917242
-275.112,19.175590404460802
-7.929,45.662243782568794
213.36,90.29715966049153
38.997,38.63183578714508
13.398,12.308680269395765
6.1,-4.04110576647337
80.52,22.282049751275938
-41.688,-7.63805869436458
195.18,179.23999569561965
82.4775,23.426534773786774
0.0,-6.330075811495049
-53.208,5.60526799468942
6.93,45.335248061851416
-6.822,-9.600033018668876
-5.706,-1.9156335818103827
8.94,-9.273037297951493
2.82,-10.581020180821024
120.0,39.285827228579834
4.14,-10.744518041179715
1267.77,579.8097535744134
-181.938,2.825804368591667
7.98,-4.695097207908136
6.624,1.1908257650047531
33.96,24.571019796297616
30.6,71.16790999852465
29.97,8.05773590006979
6.1641,-9.436535158310186
182.82,55.63561326444896
0.2016,-11.562007342973173
49.8,6.586255156841567
0.0,3.479795810026431
66.18,10.183208084732776
6.7,-9.763530879027567
24.3,16.069131057645667
1.856,-10.417522320462332
6.0,-9.600033018668876
-14.58,-3.8776079061146795
16.6536,-2.2426293025277655
373.68,205.89014693408635
-263.4,52.85614963835121
0.0,9.692714503656703
18.8592,374.45644096389714
-74.325,-5.0220929286255185
24.84,-2.2426293025277655
135.6,43.04627801682973
13.68,-2.2426293025277655
38.532,4.133787251461197
258.15,111.8788772278388
11.88,5.278272273972036
-11.4315,-7.965054415081963
7.68,-9.436535158310186
212.1876,116.12982159716476
1.68,-9.763530879027567
1.8144,-11.562007342973173
-48.024,32.41891709351481
-169.278,2.9893022289503577
88.27096,56.9435961473185
160.02,43.37327373754712
8.28,-2.733122883603839
-99.744,14.761148174776135
30.0,25.388509098091074
13.74,-2.079131442169073
-101.424,200.65821540260822
456.48,157.331282407555
-27.0018,0.5368343235699875
71.64,77.7078244128723
15.93,52.85614963835121
-22.128,-9.436535158310186
-217.2,43.04627801682973
-29.07,18.68509682338473
210.6,125.44919963761016
-7.8225,-11.725505203331863
8.94,-9.109539437592801
0.99,-11.23501162225579
6.2208,-10.254024460103642
18.48,5.441770134330728
-254.502,9.20222092258063
17.28,-3.7141100457559872
12.2625,37.81434648535162
70.0,63.97400414274223
12.4416,-8.128552275440654
-45.8273,-0.28065497822346863
725.085,268.34632959110644
-11.925,-6.9840672529298145
65.4,36.179367881764705
0.96,-8.455547996158037
4.84,-10.417522320462332
2.92,-11.071513761897098
131.586,64.4644977238183
277.992,128.719156844784
-24.465,7.567242318993717
14.64,-4.04110576647337
9.36,4.62428083253727
224.96,99.12604411986086
93.12,33.399904255666954
18.96,-6.166577951136357
2.14,-11.23501162225579
36.4044,0.5368343235699875
536.46,201.47570470440166
4.464,0.8638300442873703
15.5204,-6.820569392571123
141.1644,76.39984153000277
8.82,60.54054907520971
22.2,-4.858595068266827
-56.301,-5.349088649342901
16.05,-7.147565113288506
19.4,4.297285111819889
223.548,95.85608691268705
11.7488,-6.820569392571123
-211.47,45.17175020149273
3.816,-10.581020180821024
-18.06,1.0273279046460608
-40.704,62.339025539155315
-270.756,13.126169571189223
-15.72,-5.676084370060284
107.964,54.98162182301421
44.16,10.183208084732776
-74.90268,56.45310256624242
12.8,-1.9156335818103827
79.1,20.810569008047718
63.8232,31.110934210645272
12.12,5.7687658550481125
32.64,5.441770134330728
11.325,-6.49357367185374
114.18,27.350483422395367
7.04,-0.7711485592995437
34.44,-0.9346464196582343
-19.928,-1.5886378610929999
2.304,-9.763530879027567
19.8072,-0.4441528385821609
-14.754,-9.927028739386259
83.34,27.677479143112752
65.28,12.472178129754457
12.6,-2.079131442169073
-91.84,10.673701665808853
14.2,8.221233760428483
22.47,24.571019796297616
-4.908,-9.109539437592801
59.67,48.60520526902525
274.995,77.54432655251361
34.41856,29.148959886340972
10.26,-0.4441528385821609
92.88,23.753530494504158
14.058,-2.896620743962531
2.0574,-11.39850948261448
73.14,39.612822949297225
-438.984,240.87868905084628
24.858,23.753530494504158
46.47,10.019710224374087
20.6142,-5.18559078898421
10.5,-4.204603626832062
22.41,0.7003321839286798
-38.4,19.01209254410211
14.08,-0.28065497822346863
5.94,-7.8015565547232715
1.35,-0.7711485592995437
20.76,-3.8776079061146795
17.568,-4.531599347549444
97.05,25.388509098091074
3.98,-6.9840672529298145
3.993,-2.5696250232451483
-155.175,18.521598963026037
80.6312,38.30484006642769
11.4204,0.7003321839286798
19.0512,-6.003080090777666
-10.068,-9.109539437592801
31.68,3.8067915307438156
0.0,-1.5886378610929999
61.05,26.042500539525836
-25.71,81.79527092183959
50.3,9.856212364015395
-20.64,21.30106258912379
25.65,-2.896620743962531
349.56,247.41860346519394
5.55,-6.330075811495049
30.48,43.04627801682973
0.0,57.76108544911196
154.08,145.06894288065314
22.788,0.04634074249391418
4.842,-7.8015565547232715
0.3261,-11.39850948261448
83.9916,20.320075426971638
51.84,8.875225201863245
-1.4256,-12.052500924049246
-7.335,-1.5886378610929999
-31.884,-5.839582230418975
73.38,30.456942769210503
208.6,58.742072611264106
13.8572,13.453165291906604
17.1,15.578637476569593
-76.68,7.894238039711098
-6.488,-9.436535158310186
4.5837,-10.090526599744951
50.68776,52.20215819691646
7.83,-4.858595068266827
6.81,-9.273037297951493
39.36,3.6432936703851233
17.28,4.297285111819889
4.28,-10.254024460103642
7.968,-8.78254371687542
10.5,-6.820569392571123
1.794,-8.455547996158037
86.529,48.278209548307856
-546.8175,240.22469760941152
11.97,5.60526799468942
22.2,-4.531599347549444
2.48,-11.39850948261448
14.4081,5.441770134330728
47.94,24.734517656656305
-36.855,-5.839582230418975
15.804,12.308680269395765
21.0,3.9702893911025043
5.2398,-10.254024460103642
255.795,170.574609096609
5.37,-9.927028739386259
2.1,-7.311062973647197
48.96,121.1982552682842
3.9852,-10.417522320462332
88.65,28.004474863830136
88.26,41.08430369252544
-11.214,29.80295132777574
4.92,-4.368101487190753
-38.304,7.403744458635025
7.236,5.441770134330728
23.5116,1.3543236253634436
-3.792,-11.562007342973173
219.69,63.97400414274223
73.02,15.415139616210901
2.97,12.308680269395765
8.28,-3.3871143250386044
324.0,123.48722531330587
4.56,-4.04110576647337
6.03,-2.5696250232451483
17.76,10.019710224374087
19.56,16.723122499080432
14.88,-5.349088649342901
116.76,30.12994704849312
127.944,77.38082869215492
18.33,-4.695097207908136
67.05,31.43792993136265
5.3392,-10.581020180821024
-7.245,-9.600033018668876
14.92,-4.531599347549444
62.91,15.088143895493516
248.0355,252.81403285703072
-27.936,124.63171033581672
55.6,24.080526215221543
0.64,-1.7521357214516922
-30.969,-8.292050135799347
26.04,14.270654593700062
-10.36,-4.531599347549444
4.02,-8.292050135799347
-11.61,-9.927028739386259
-5.58,-5.839582230418975
-83.022,-3.223616464679914
3.78,-7.965054415081963
-16.792,-5.839582230418975
22.65,-3.8776079061146795
220.65176,100.92452058380647
14.64,-4.04110576647337
13.59,0.04634074249391418
526.31992,188.39587587570637
3.12,38.958831507862456
-86.43,8.384731620787171
-20.12,-2.079131442169073
59.4,48.44170740866656
36.384,67.08046348955736
99.558,27.18698556203668
4.2,-6.003080090777666
30.78,29.639453467417045
36.72,4.787778692895962
7.08,-3.3871143250386044
9.84,-7.8015565547232715
17.88,85.55572171008949
-46.56,7.567242318993717
-9.9,-6.9840672529298145
-12.96,-6.166577951136357
21.9,0.8638300442873703
68.4822,39.776320809655914
30.81,7.730740179352406
73.44,35.688874300688624
15.5985,30.947436350286576
-91.4688,35.034882859253855
90.12,30.947436350286576
27.9,3.9702893911025043
2.55,9.20222092258063
32.709,0.04634074249391418
7.59,8.384731620787171
-16.2,-6.657071532212432
-11.928,-8.94604157723411
23.76,-2.079131442169073
6.7236,-8.128552275440654
13.338,3.9702893911025043
25.2936,2.9893022289503577
203.85,126.59368466012101
399.36,159.45675459221798
-27.3648,-4.695097207908136
80.784,70.1869228363725
-25.664,-4.368101487190753
36.72,4.787778692895962
-2.0988,-3.223616464679914
168.24,47.4607202465144
65.88,27.677479143112752
13.4652,-6.003080090777666
4.83,-5.839582230418975
1.8612,-8.292050135799347
7.2,11.327693107243615
26.7,60.54054907520971
-24.138,-9.763530879027567
11.91,-4.204603626832062
2.0,-9.927028739386259
47.64,4.62428083253727
-301.968,20.483573287330334
134.364,55.799111124807666
320.715,115.14883443501262
150.6214,67.40745921027475
11.4504,-6.657071532212432
20.9208,-5.0220929286255185
7.144,-3.8776079061146795
4.32,1.6813193460808264
-40.344,-6.166577951136357
18.04752,48.932200989742626
4.32,62.01202981843794
55.17,8.548229481145864
51.1936,29.475955607058356
-1.014,-9.927028739386259
10.62,-5.18559078898421
-23.352,-9.109539437592801
1.72,-10.908015901538407
-1150.83,86.70020673260032
-3.228,-8.455547996158037
-9.0,-11.725505203331863
-199.77,150.95486585356605
1.384,-10.908015901538407
30.726,28.821964165623594
12.42,4.787778692895962
7.38,-0.28065497822346863
85.26,24.24402407558023
-8.44,4.133787251461197
24.48,1.0273279046460608
-181.458,1.6813193460808264
15.174,13.780161012623989
49.74,28.331470584547514
21.0,12.145182409037073
253.998,100.92452058380647
-1.086,-11.39850948261448
-20.7306,-0.11715711786477812
13.56,-3.8776079061146795
2.88,-2.896620743962531
-7.48,-10.581020180821024
5.73,-5.676084370060284
31.5,90.62415538120892
8.4,0.2098386028526047
0.0,-4.368101487190753
21.5988,46.47973308436225
2.7585,-8.455547996158037
29.3877,13.943658872982677
-178.332,14.761148174776135
-6.444,-6.657071532212432
72.84,14.10715673334137
109.872,28.004474863830136
-25.737,-6.820569392571123
-4.8609,-11.889003063690556
1.4,11.000697386526234
128.31,118.74578736290384
-274.095,51.71166461584038
72.72,50.240183872612164
-271.56,29.312457746699668
-19.864,-7.311062973647197
32.616,10.51020380545016
3.18,-9.436535158310186
18.0,29.80295132777574
1.8872,-10.254024460103642
0.72,-8.128552275440654
133.2,74.76486292641586
55.44,25.388509098091074
86.56,27.023487701677983
546.96,195.58978173148878
67.5,12.145182409037073
-1.458,1.517821485722136
65.922,75.25535650749192
3.18,-10.908015901538407
22.992,-4.531599347549444
25.86,12.472178129754457
9.6375,-7.311062973647197
1.05,-7.965054415081963
2.7,-10.581020180821024
36.0,15.742135336928282
-103.8606,-1.5886378610929999
6.504,9.20222092258063
3.48,-0.9346464196582343
-32.2192,19.99307970625426
23.73,-4.531599347549444
496.7865,168.12214119122862
10.3936,-3.8776079061146795
204.9,71.33140785888334
20.4,-3.5506121853972967
2.46,-6.49357367185374
-11.7612,-11.725505203331863
2.0748,-11.071513761897098
-19.896,-8.78254371687542
-58.56,-0.7711485592995437
0.45,-9.763530879027567
2.7,-3.3871143250386044
51.84,6.913250877558951
198.04,186.92439513247814
29.07,-2.406127162886456
161.16,56.9435961473185
2.37,-8.128552275440654
123.606,60.37705121485102
-59.58,13.616663152265296
28.1718,-2.5696250232451483
3.8,-10.417522320462332
12.24,-5.676084370060284
0.0,-11.725505203331863
10.26,-8.455547996158037
122.2936,64.4644977238183
9.24,4.460782972178581
46.02,29.475955607058356
4.8,-9.436535158310186
34.82,7.240246598276332
38.7,2.9893022289503577
48.36,27.18698556203668
1.35,-0.7711485592995437
-13.209,-11.071513761897098
1.5,-10.581020180821024
-8.601,-11.725505203331863
-4.66,-6.9840672529298145
-9.894,-9.273037297951493
125.1432,66.2629741877639
15.1158,-0.6076506989408514
-27.6,4.62428083253727
16.2,-6.657071532212432
3.32,-7.8015565547232715
1.002,-11.071513761897098
-4.1712,-11.562007342973173
-1.596,-8.94604157723411
55.17,8.548229481145864
0.72,0.2098386028526047
-1.719,10.019710224374087
42.66,3.479795810026431
11.88,-4.204603626832062
-87.9354,69.69642925529642
9.24,-7.63805869436458
-52.17,-5.18559078898421
157.84,59.396064052698875
60.66,9.20222092258063
13.89,-6.820569392571123
-25.02,-7.474560834005889
11.52,-6.9840672529298145
240.28,137.38454344379466
-182.544,5.278272273972036
-237.576,65.28198702561176
25.29,1.8448172064395187
10.86,-8.292050135799347
81.012,26.042500539525836
5.1,-1.7521357214516922
-52.056,-7.474560834005889
15.9,-4.695097207908136
137.16,35.36187857997125
56.2744,92.7496275658719
1.02,-10.254024460103642
215.16,77.87132227323099
573.12,413.69592744998306
0.6,-7.311062973647197
-9.024,-6.49357367185374
-9.704,19.33908826481949
1.38,10.673701665808853
356.142,164.36169040297872
24.1918,1.1908257650047531
0.3555,-10.744518041179715
11.16,-5.676084370060284
6.81,-7.965054415081963
10.98,-8.128552275440654
-3.216,-9.600033018668876
-173.598,14.597650314417443
44.97,7.567242318993717
1.32,-8.78254371687542
-1.136,2.335310787515592
-32.412,12.145182409037073
9.837,8.384731620787171
14.79,22.282049751275938
557.64,255.75699434348718
2.64,-7.474560834005889
6.84,-8.292050135799347
12.6,-5.839582230418975
7.9128,-9.273037297951493
12.208,-5.18559078898421
54.12,16.23262891800436
-36.48,46.97022666543833
301.466,194.28179884861925
21.6,3.6432936703851233
67.869,17.050118219797813
14.85,-3.0601186043212216
113.859,49.74969029153608
4.704,-5.839582230418975
285.12,98.14505695770872
292.8,147.19441506531615
109.53,29.312457746699668
-27.72,-9.273037297951493
-44.66,10.673701665808853
15.9,-4.695097207908136
36.72,27.84097700347144
17.8875,-4.695097207908136
19.5184,19.502586125178183
-36.928,1.0273279046460608
19.65,-4.204603626832062
36.18,2.0083150667982093
27.84,6.586255156841567
449.88,197.71525391615177
-11.9616,-9.927028739386259
61.56,33.07290853494956
-8.46,18.68509682338473
4.96,-10.581020180821024
161.16,56.9435961473185
20.88,72.96638646247025
33.3,2.0083150667982093
93.94,27.023487701677983
-27.135,-1.261642140375617
110.34,29.639453467417045
5.1012,-9.763530879027567
100.08,96.8370740748392
151.8,86.86370459295901
93.96,83.92074310650257
96.3438,19.829581845895564
97.38,28.49496844490621
17.20832,19.502586125178183
26.922,1.8448172064395187
2.25,-11.23501162225579
8.34,-3.223616464679914
87.06,89.31617249833938
7.2576,-8.94604157723411
3.2224,-10.090526599744951
75.76,27.513981282754063
-117.702,103.04999276846947
-25.74,-0.7711485592995437
8.22,-6.003080090777666
1.917,-11.39850948261448
36.09,10.346705945091468
16.146,-6.49357367185374
-63.456,-4.204603626832062
-30.888,37.81434648535162
49.9704,4.9512765532546545
23.0886,10.019710224374087
26.6304,-3.3871143250386044
-0.9452,-12.215998784407939
80.7912,14.597650314417443
10.56,-7.147565113288506
16.08,-6.166577951136357
19.216,3.3162979496677405
44.94,12.145182409037073
4.533,-8.78254371687542
0.54,-3.0601186043212216
-3.1764,-10.254024460103642
-204.4458,51.875162476199066
18.8937,2.335310787515592
-26.6352,74.76486292641586
16.776,-3.5506121853972967
-632.61,91.11464896228499
5.76,-5.0220929286255185
17.52,5.60526799468942
-30.048,-1.4251400007343094
72.9675,19.33908826481949
5.55,-10.417522320462332
88.05,27.677479143112752
-5.076,-8.78254371687542
-16.506,-10.254024460103642
-19.1058,23.263036913428085
7.26,6.0957615757654935
854.28,546.2926922008817
9.2928,-9.273037297951493
4.6812,-10.744518041179715
29.88,18.194603242308652
-10.104,-9.763530879027567
56.16,25.879002679167147
4.74,-8.128552275440654
-18.705,-8.78254371687542
48.993,33.399904255666954
75.168,96.8370740748392
19.704,5.7687658550481125
58.23,10.346705945091468
19.12,1.8448172064395187
-0.7623,-6.166577951136357
9.09,-9.273037297951493
44.73,2.1718129271569016
17.82,14.270654593700062
4.92,-8.292050135799347
4.92,-10.744518041179715
32.76,1.0273279046460608
3.6288,-10.744518041179715
3.02,-8.94604157723411
96.03,20.974066868406407
17.28,44.19076303934058
-73.0548,61.19454051664448
-3.9204,-11.23501162225579
989.01,331.7834994102787
70.5,55.472115404090275
27.5292,4.297285111819889
55.872,15.088143895493516
24.84,3.9702893911025043
-28.665,-6.9840672529298145
-22.122,-9.109539437592801
6.6,-3.223616464679914
5.5512,-9.763530879027567
75.3732,192.9738159657497
3.48,-6.657071532212432
2.46,-6.49357367185374
70.0977,15.578637476569593
976.8,407.97350233742884
-6.834,-11.562007342973173
0.307,-11.562007342973173
132.5,62.339025539155315
-224.84,213.73804423130352
-116.3031,27.513981282754063
3.54,-10.090526599744951
4.71,-9.273037297951493
274.04,82.93975594435042
4.74,-8.94604157723411
26.73,24.080526215221543
12.504,20.320075426971638
3.904,0.373336463211297
7.56,-5.512586509701593
-16.432,-7.311062973647197
12.7008,-8.128552275440654
-13.6152,-10.908015901538407
-12.408,-9.927028739386259
23.5564,-4.204603626832062
2.46,-8.292050135799347
0.0,-7.8015565547232715
10.98,-4.204603626832062
57.3,12.472178129754457
-50.52,70.1869228363725
0.0,-4.531599347549444
-228.564,25.879002679167147
136.2,32.255419233156104
43.38,14.924646035134828
-4.584,7.567242318993717
5.58,-9.436535158310186
6.45,-2.733122883603839
-98.406,16.88662035943912
12.1348,-8.128552275440654
42.84,57.76108544911196
21.75,-3.0601186043212216
6.72,5.932263715406801
-8.52,70.84091427780726
-20.16,-5.349088649342901
168.84,98.14505695770872
29.76,4.460782972178581
-2.6355,17.86760752159127
17.745,11.491190967602307
1.3596,-3.5506121853972967
44.436,206.05364479444503
0.48,-9.600033018668876
0.8,-9.600033018668876
22.3734,-4.858595068266827
-6.4,-8.455547996158037
-30.03,-8.94604157723411
-55.953,-7.311062973647197
-17.784,-7.8015565547232715
74.88,23.753530494504158
67.2,21.137564728765096
3.84,16.069131057645667
2.58,-1.7521357214516922
1.5,-8.78254371687542
39.36,3.6432936703851233
87.9912,20.320075426971638
-20.466,-9.273037297951493
-275.757,11.000697386526234
10.773,11.164195246884926
69.48,13.453165291906604
1018.98,392.93169918442925
-0.216,-9.600033018668876
-13.6832,-10.908015901538407
17.37,-6.657071532212432
48.72,8.548229481145864
-12.18,4.62428083253727
3.69,-9.436535158310186
-0.94,-3.7141100457559872
1.2321,-1.7521357214516922
111.824,50.73067745368823
-45.552,4.133787251461197
21.7728,-5.0220929286255185
99.558,27.18698556203668
3.72,-5.512586509701593
3.06,-7.8015565547232715
207.72,118.25529378182775
-13.3236,-3.5506121853972967
9.1,-5.512586509701593
19.02,3.9702893911025043
33.0,122.50623815115374
33.495,9.52921664329801
4.98,-10.254024460103642
10.2,-0.28065497822346863
48.12,33.89039783674302
5.07,-5.512586509701593
-27.696,68.87893995350296
4.5657,-9.600033018668876
6.12,-9.109539437592801
-771.18,73.62037790390502
-34.38,-5.676084370060284
36.4,4.62428083253727
219.42,143.59746213742494
17.891,34.3808914178191
3.66,-0.4441528385821609
9.84,3.8067915307438156
-325.875,209.65059772233624
-50.454,-7.8015565547232715
176.8026,98.79904839914349
203.7,209.65059772233624
1.12,-11.071513761897098
10.2588,32.41891709351481
437.5455,192.31982452431495
280.62,108.44542216030628
73.95,160.60123961472883
-23.598,-0.6076506989408514
-119.187,46.97022666543833
1.68,-9.763530879027567
-41.265,21.30106258912379
-3.258,3.6432936703851233
-1.8904,-12.215998784407939
1.624,-10.581020180821024
23.5248,2.335310787515592
8.532,-9.273037297951493
-6.066,9.856212364015395
12.8568,-7.63805869436458
4.8024,-10.744518041179715
43.4358,11.164195246884926
175.2,106.97394141707805
9.66,3.479795810026431
0.0,-7.965054415081963
74.115,31.27443207100396
0.0,4.9512765532546545
93.33,178.42250639382618
33.78,8.05773590006979
7.56,-9.763530879027567
66.42,27.84097700347144
170.31,48.11471168794917
112.14,28.331470584547514
9.18,-5.512586509701593
4.56,-9.600033018668876
87.72,83.2667516650678
33.36,1.1908257650047531
-30.354,-8.94604157723411
10.92,-0.4441528385821609
94.8,106.81044355671936
-153.52,2.1718129271569016
4.38,-10.744518041179715
-25.992,30.12994704849312
18.4548,7.403744458635025
1.29,-8.128552275440654
61.8,28.167972724188825
399.84,155.205810222892
76.9816,18.358101102667344
14.76,-5.676084370060284
9.06,-7.474560834005889
-61.1298,19.33908826481949
119.4742,54.98162182301421
11.1984,5.932263715406801
109.008,43.04627801682973
-36.52,47.13372452579702
0.0,35.525376440329936
96.36,30.293444908851814
3.66,-10.908015901538407
39.357,4.62428083253727
79.5,27.023487701677983
6.4784,-1.7521357214516922
69.18,31.110934210645272
-129.972,45.498745922210105
-7.9068,-10.581020180821024
73.7,54.65462610229682
-244.323,61.52153623736186
-35.28,28.821964165623594
73.08,226.9813709203575
38.52,9.365718782939322
1.3978,-11.725505203331863
15.336,-5.349088649342901
1.1946,-11.725505203331863
34.32,-0.11715711786477812
69.8,54.818123962655505
41.993,42.555784435753665
7.47,-1.0981442800169265
4.68,-3.8776079061146795
20.585,-5.0220929286255185
43.4352,58.57857475090542
10.62,-8.292050135799347
1.8,-4.695097207908136
98.7,19.99307970625426
-261.183,6.749753017200259
2.88,3.6432936703851233
17.28,-3.5506121853972967
7.08,16.55962463872174
2.52,-5.512586509701593
8.76,5.7687658550481125
12.96,-2.733122883603839
27.24,2.9893022289503577
16.38,5.60526799468942
58.3047,20.647071147689022
0.0,-3.223616464679914
9.756,-6.9840672529298145
174.6,344.5363325182566
28.16,-1.9156335818103827
-12.5286,-3.7141100457559872
3.09,-2.2426293025277655
24.72,-1.7521357214516922
70.68,92.7496275658719
37.884,9.692714503656703
5.64,-7.8015565547232715
-75.798,-4.04110576647337
23.88,-2.5696250232451483
14.28,-6.657071532212432
36.2835,5.60526799468942
-63.3765,132.6431054933926
24.39,-4.368101487190753
16.68,5.932263715406801
357.12,117.4378044800343
-58.704,-5.839582230418975
26.52,49.586192431177395
8.932,-2.5696250232451483
27.189,41.73829513396021
1.53,-7.147565113288506
3.0,-9.436535158310186
315.072,159.45675459221798
-209.376,31.764925652080034
6.52,-9.600033018668876
0.96,3.479795810026431
3.12,-8.94604157723411
-4.9878,-11.889003063690556
263.13,174.82555346593497
9.66,-2.5696250232451483
42.54,11.654688827961
1.86,2.9893022289503577
-312.78,22.282049751275938
63.09,10.019710224374087
129.96,45.17175020149273
93.12,22.282049751275938
14.25,104.1944777909803
0.0,-0.11715711786477812
4.95,-7.474560834005889
-1.53,-11.071513761897098
314.19,221.09544794744463
324.3825,252.81403285703072
504.96,199.35023251973868
5.4,-8.128552275440654
21.99,-5.18559078898421
-2.704,-9.436535158310186
-2.7,-8.455547996158037
4.83,-9.763530879027567
33.84,8.875225201863245
1563.48,626.7336394973579
3.45,-10.417522320462332
15.0,-1.7521357214516922
137.994,57.59758758875327
111.72,34.54438927817779
5.76,-9.273037297951493
96.24,48.278209548307856
1.248,-7.63805869436458
63.57,15.742135336928282
2.97,0.04634074249391418
9.6,-6.9840672529298145
-13.302,-11.071513761897098
16.02,75.25535650749192
-22.776,-9.436535158310186
130.26,80.32379017861136
24.12,0.373336463211297
-0.12,323.93560211306146
-3.2934,-12.052500924049246
43.02,3.6432936703851233
-7.5,-5.0220929286255185
-11.07,-10.417522320462332
-579.9,66.5899699084813
15.66,2.825804368591667
22.77,-4.531599347549444
33.732,9.20222092258063
263.64,160.11074603365276
6.72,9.692714503656703
16.86,-2.896620743962531
-41.22,-8.78254371687542
21.12,74.27436934533978
55.53,23.59003263414547
109.04,24.080526215221543
381.96,112.53286866927355
-102.66,43.53677159790581
86.3,54.818123962655505
101.3488,46.80672880507964
18.18,37.32385290427554
32.796,3.15280008930905
-181.44,50.07668601225346
22.0,41.57479727360152
53.34,11.818186688319692
4.68,-9.109539437592801
-6.066,-8.128552275440654
47.0351,75.58235222820932
475.23,149.48338511033782
-8.766,-10.908015901538407
4.86,-7.965054415081963
1141.2,411.73395312567874
2.82,-11.23501162225579
-9.0432,-9.436535158310186
-544.77,88.82567891726332
-3.0396,-12.052500924049246
25.28,2.4988086478742844
33.72,11.654688827961
30.87,3.479795810026431
3.6,-8.619045856516728
46.23,41.57479727360152
19.89,7.894238039711098
54.09,9.20222092258063
7.8,1.8448172064395187
12.0765,21.30106258912379
85.296,47.4607202465144
-124.812,27.023487701677983
125.198,151.4453594346421
362.687,215.7000185556078
25.62,-2.406127162886456
1.08,6.259259436124186
-5.205,-11.725505203331863
19.26,0.7003321839286798
37.17,0.8638300442873703
19.26,-5.512586509701593
86.76,105.82945639456722
-6.264,-7.965054415081963
13.9972,0.7003321839286798
68.508,50.56717959332954
20.5,-4.04110576647337
18.9,8.384731620787171
2.07,-9.600033018668876
18.12,-5.676084370060284
109.32,28.331470584547514
0.3,-9.927028739386259
-32.04,-0.7711485592995437
20.34,0.373336463211297
7.296,-9.763530879027567
365.64,123.48722531330587
75.6548,35.19838071961256
215.9892,92.25913398479584
4.2,-9.273037297951493
-1.086,-6.9840672529298145
15.9,-4.695097207908136
57.12,10.51020380545016
28.32,3.6432936703851233
-35.28,1.3543236253634436
-30.84,-0.4441528385821609
9.8898,25.388509098091074
64.88,9.692714503656703
-264.84912,104.1944777909803
-22.2,-8.619045856516728
-201.825,177.93201281275012
13.62,32.255419233156104
6.48,-7.965054415081963
197.772,108.93591574138235
16.59,17.86760752159127
848.4,521.1140217056433
667.113,322.95461495090933
11.88,-5.676084370060284
2.97,-10.908015901538407
97.38,215.20952497453175
-15.988,-0.7711485592995437
6.12,-7.8015565547232715
-320.328,22.609045471993323
1.89,-10.090526599744951
-22.5534,-7.311062973647197
26.46,6.4227572964828745
-40.1724,-3.8776079061146795
3.92,-10.908015901538407
6.0,-4.858595068266827
-3.912,-11.23501162225579
96.39,460.4563155125688
0.68,-1.261642140375617
18.36,87.68119389475247
136.206,61.848531958079235
-16.304,-8.292050135799347
-1.8165,-11.23501162225579
-124.968,1.517821485722136
-1.008,-3.0601186043212216
593.88,409.7719788013745
-386.448,95.85608691268705
14.76,-7.474560834005889
32.64,11.98168454867838
4.7724,26.696491980960605
-34.728,-5.676084370060284
0.87,-8.78254371687542
5.64,-0.7711485592995437
426.58,397.83663499518997
24.72,3.15280008930905
0.0,64.62799558417699
5.01,-10.254024460103642
-72.996,-3.8776079061146795
3.12,38.958831507862456
-448.92,25.552006958449763
102.9528,137.22104558343597
-471.69,91.76864040371976
2.46,28.004474863830136
206.685,325.7340785770071
228.6,100.92452058380647
163.68,62.01202981843794
102.45,197.061262474717
22.2,-4.531599347549444
8.52,-5.349088649342901
5.544,2.1718129271569016
89.3739,26.696491980960605
80.16,50.07668601225346
-72.996,-3.8776079061146795
81.92,27.023487701677983
858.9,455.7148775621667
8.04,-5.839582230418975
-13.032,-3.8776079061146795
14.52,-6.330075811495049
143.6288,71.49490571924203
-153.36,253.9585178795416
4.53,-10.744518041179715
23.0965,30.783938489927888
3.426,4.62428083253727
0.72,-9.927028739386259
-25.479,-9.600033018668876
198.681,150.13737655177258
26.3912,-2.5696250232451483
83.844,261.8064151767588
25.1916,-2.5696250232451483
-0.813,-10.581020180821024
5.1015,-7.965054415081963
113.58,51.71166461584038
32.49,0.8638300442873703
-97.56,1.6813193460808264
-18.396,-7.311062973647197
-2.928,-2.896620743962531
-15.824,-8.128552275440654
-8.904,-11.39850948261448
-22.128,-10.744518041179715
93.0,35.19838071961256
0.74,-11.725505203331863
30.42,12.472178129754457
-110.49,132.15261191231653
15.36,-0.9346464196582343
-0.045,-5.349088649342901
47.04,8.548229481145864
38.04,20.483573287330334
-32.49,-5.18559078898421
2.3814,-10.908015901538407
27.4352,1.3543236253634436
-1.428,-9.273037297951493
24.06,2.825804368591667
6.7,-4.531599347549444
13.47,-6.820569392571123
44.73,36.50636360248208
-42.96,0.2098386028526047
66.0,85.71921957044817
2.88,-2.896620743962531
23.94,8.384731620787171
2.5056,-11.23501162225579
79.86,31.110934210645272
35.1,131.3351226105231
-43.9515,13.780161012623989
110.34,29.639453467417045
232.11,70.1869228363725
11.094,2.1718129271569016
31.68,91.44164468300238
21.33,-4.695097207908136
57.5928,13.780161012623989
-1.845,2.4988086478742844
406.56,153.89782734002247
25.875,21.46456044948248
9.9,8.384731620787171
17.64,2.0083150667982093
16.96,-6.657071532212432
-20.82,-6.166577951136357
9.8784,-9.109539437592801
-4.329,-1.0981442800169265
5.16,-10.090526599744951
10.08,-8.128552275440654
-12.3072,8.875225201863245
1.74,-10.581020180821024
5.325,14.43415245405875
87.5684,36.99685718355816
28.92,2.0083150667982093
8.565,30.12994704849312
7.1864,46.31623522400356
-19.332,19.01209254410211
-22.149,-10.254024460103642
10.8,147.52141078603353
-8.55,-10.254024460103642
27.78,-1.261642140375617
3.36,-8.455547996158037
-4.212,-11.562007342973173
340.83,130.51763330872961
27.18,-2.2426293025277655
512.4624,204.09167047014074
0.68,-0.7711485592995437
-44.52,16.723122499080432
58.464,72.63939074175286
-11.408,-7.965054415081963
-33.666,4.62428083253727
10.35,14.761148174776135
39.54,52.365656057275146
71.9952,105.33896281349114
5.6376,-9.763530879027567
5.94,-8.292050135799347
262.68,83.10325380470911
67.35,24.407521935938927
7.56,3.3162979496677405
64.70632,40.92080583216675
7.056,-2.406127162886456
262.08,159.1297588715006
-14.52,-8.619045856516728
6.552,-6.003080090777666
-100.98,11.818186688319692
6.39,-4.368101487190753
1.8375,14.270654593700062
9.57,-9.109539437592801
7.1586,46.152737363644874
36.72,21.46456044948248
-0.4,-7.311062973647197
11.22,-5.839582230418975
38.36,2.1718129271569016
27.84,-2.406127162886456
3.78,-6.49357367185374
30.24,10.183208084732776
-5.691,-11.39850948261448
-51.42,3.8067915307438156
17.193,8.711727341504556
8.64,-7.965054415081963
15.48,-4.204603626832062
44.316,16.069131057645667
9.0,-8.78254371687542
93.6988,46.47973308436225
9.96,-5.0220929286255185
12.9584,-5.839582230418975
1.65,-11.39850948261448
3.108,-7.311062973647197
7.62,-9.763530879027567
10.3071,-8.78254371687542
177.12,60.05005549413363
-82.536,11.491190967602307
406.56,153.89782734002247
-49.392,4.297285111819889
-79.68,28.331470584547514
43.96,67.57095707063344
0.696,-8.78254371687542
-5.488,-6.9840672529298145
43.2,19.829581845895564
9.2568,-7.147565113288506
2.226,-8.619045856516728
73.14,39.612822949297225
128.4,51.384668895123
5.43,-10.581020180821024
45.585,93.24012114694798
10.0665,57.59758758875327
13.92,-7.8015565547232715
-35.744,34.3808914178191
43.605,4.460782972178581
18.3,6.259259436124186
-15.012,1.0273279046460608
-30.78,-0.9346464196582343
-154.044,4.460782972178581
30.96,-2.079131442169073
105.21,53.83713680050336
-0.776,-11.725505203331863
6.72,24.407521935938927
2.7028,-10.908015901538407
-6.165,-11.071513761897098
-6.396,-4.04110576647337
2.1736,-11.071513761897098
30.42,0.7003321839286798
69.564,16.069131057645667
28.42,-0.11715711786477812
445.83,133.46059479518607
29.28,4.133787251461197
0.0,3.479795810026431
-140.724,53.34664321942729
-225.225,71.33140785888334
129.348,40.43031225109068
-13.152,-6.9840672529298145
0.4194,-11.23501162225579
-3.066,-11.23501162225579
17.6232,-4.204603626832062
6.58,95.69258905232834
87.675,131.1716247501644
3.42,-11.071513761897098
-0.036,-3.3871143250386044
139.32,91.11464896228499
12.9,-5.0220929286255185
78.06,31.601427791721346
7.745,-8.292050135799347
2.322,-8.94604157723411
18.27,41.57479727360152
67.6599,21.137564728765096
109.8,32.582414953873496
-0.008,-9.436535158310186
3.27,-11.071513761897098
2.01,-10.581020180821024
36.294,46.97022666543833
205.38,147.52141078603353
178.11,91.60514254336107
30.69,10.183208084732776
10.048,-7.311062973647197
39.52,7.567242318993717
42.66,45.8257416429275
103.77,36.179367881764705
12.0609,-5.0220929286255185
9.5172,-7.63805869436458
198.99,66.91696562919867
1.74,-10.581020180821024
63.162,49.586192431177395
4.32,23.099539053069396
-112.9527,151.7723551553595
18.54,3.6432936703851233
134.88,117.4378044800343
18.93,-1.7521357214516922
582.36,294.8329829692144
-28.65,-4.858595068266827
25.2,8.221233760428483
4.62,-10.744518041179715
42.54,11.654688827961
117.72,61.685034097720546
7.2,11.164195246884926
90.96,18.031105381949963
1.86,-7.474560834005889
2.184,-11.071513761897098
-1.7514,-11.889003063690556
57.24,15.251641755852209
-53.388,-6.657071532212432
125.19,41.57479727360152
3.0264,-10.254024460103642
24.561,-0.7711485592995437
29.43,6.0957615757654935
-4.116,-11.562007342973173
17.116,-1.0981442800169265
17.64,0.2098386028526047
786.96,244.96613555981355
-30.312,-7.8015565547232715
35.04,1.517821485722136
62.1,241.53268049228106
-7.296,-7.474560834005889
-41.166,-9.436535158310186
2.0271,-11.23501162225579
-18.144,-9.273037297951493
13.9672,-3.5506121853972967
8.28,-9.109539437592801
18.46,3.479795810026431
13.08,-4.204603626832062
10.44,-5.839582230418975
-130.968,130.35413544837093
44.52,11.98168454867838
5.76,-8.78254371687542
8.16,-8.619045856516728
-68.76,2.662306508232975
-23.716,-7.147565113288506
6.924,-9.436535158310186
0.0,12.96267171083053
30.42,32.90941067459087
-8.508,-8.94604157723411
29.97,8.05773590006979
732.72,237.28173612295507
132.5898,51.384668895123
43.32,4.9512765532546545
35.82,0.04634074249391418
7.504,-8.94604157723411
6.984,-4.531599347549444
-39.384,-2.2426293025277655
34.05,49.422694570818706
60.392,32.091921372797415
26.04,26.53299412060191
-6.24,-8.619045856516728
142.2,36.015870021406016
-75.408,-2.733122883603839
34.92,0.04634074249391418
14.31,-5.512586509701593
119.7,50.240183872612164
-5.757,-11.725505203331863
4.11,-10.581020180821024
1.96,-9.927028739386259
128.736,48.76870312938394
79.2,68.55194423278559
27.48,15.742135336928282
65.9634,24.734517656656305
120.9468,63.64700842202484
215.0304,279.46418409549744
55.28,52.20215819691646
31.8,2.9893022289503577
-214.2008,125.93969321868626
-50.22,-3.5506121853972967
10.68,-7.63805869436458
17.6232,-4.204603626832062
9.48,13.780161012623989
-142.296,27.513981282754063
86.25,15.905633197286974
1.668,-10.254024460103642
-16.47,14.43415245405875
1.59,-9.763530879027567
9.54,-8.94604157723411
15.03,-7.147565113288506
5.898,6.913250877558951
8.79,16.396126778363048
5.886,-7.311062973647197
-136.362,7.403744458635025
2.61,-10.581020180821024
206.6232,84.08424096686126
140.13,49.586192431177395
71.82,13.780161012623989
13.6776,21.137564728765096
-146.1096,134.60507981769692
8.8624,-8.455547996158037
23.52,-0.6076506989408514
8.464,-7.965054415081963
140.16,196.08027531256485
-8.688,-11.071513761897098
3.42,-2.896620743962531
102.06,23.099539053069396
-51.1,5.114774413613347
5.334,-9.927028739386259
17.847,11.000697386526234
-67.41,-1.4251400007343094
186.9678,99.12604411986086
2.7222,-11.071513761897098
502.5,218.64298004206427
266.868,118.58228950254515
17.22,3.3162979496677405
0.8994,-10.417522320462332
176.565,66.42647204812259
28.38,4.787778692895962
12.24,-7.63805869436458
120.22112,53.51014107978598
-72.096,14.761148174776135
167.43,59.72305977341625
0.54,-7.63805869436458
-1.064,-10.090526599744951
56.196,61.19454051664448
2.4,-10.581020180821024
9.8,-8.455547996158037
24.24,-2.406127162886456
8.2901,-4.04110576647337
-1.3984,-12.052500924049246
9.03,36.99685718355816
71.19,11.327693107243615
0.0,-5.349088649342901
-3.891,-11.889003063690556
0.6138,-1.5886378610929999
-26.624,-5.839582230418975
-18.04,0.2098386028526047
-31.68,-10.090526599744951
-8.0988,-5.839582230418975
-458.19,455.7148775621667
3.72,-10.417522320462332
-1.3356,-10.581020180821024
1.89,-4.531599347549444
213.96,100.4340270027304
13.5,24.571019796297616
15.66,-5.512586509701593
368.34,170.08411551553291
27.64,14.270654593700062
3.78,-4.695097207908136
125.1432,66.2629741877639
115.74,26.205998399884532
5.6644,-10.417522320462332
25.62,40.26681439073198
23.892,31.601427791721346
11.898,-2.5696250232451483
84.495,98.14505695770872
7.71,-7.474560834005889
92.88,21.30106258912379
413.88,326.0610742977245
12.87,13.943658872982677
21.09,-4.204603626832062
9.87,150.62787013284867
147.36,51.05767317440561
3.87,-8.78254371687542
0.92,-11.071513761897098
8.61,-9.273037297951493
59.3595,18.194603242308652
175.68,98.14505695770872
645.24,272.7607718207911
5.3,-6.003080090777666
3.33,1.517821485722136
-2.2662,0.8638300442873703
13.41,-3.5506121853972967
18.616,-4.204603626832062
19.26,-1.4251400007343094
-20.598,-9.436535158310186
-40.512,-1.5886378610929999
54.558,13.126169571189223
54.1764,66.42647204812259
124.902,250.3615649516504
107.52,46.31623522400356
160.623,75.09185864713324
-53.94,-6.003080090777666
42.96,2.825804368591667
29.04,-0.7711485592995437
2229.024,746.904566860996
8.64,22.9360411927107
-24.32,-4.531599347549444
27.9936,-2.896620743962531
29.0136,1.1908257650047531
50.1876,18.031105381949963
-62.28,11.164195246884926
-7.476,-10.908015901538407
80.28,27.350483422395367
20.155,-0.9346464196582343
3.132,3.6432936703851233
1.24,-10.090526599744951
-68.64,-1.9156335818103827
-1.20552,86.04621529116557
6.6177,-9.109539437592801
9.036,-5.0220929286255185
12.24,-6.9840672529298145
-17.274,-9.600033018668876
-24.138,-9.763530879027567
-17.1,-4.695097207908136
8.48,-6.820569392571123
-41.5176,-3.8776079061146795
8.991,-7.474560834005889
-65.34,2.825804368591667
4.9056,-10.090526599744951
460.62,144.57844929957707
0.6555,-11.23501162225579
31.428,23.263036913428085
-45.7875,38.63183578714508
47.0548,17.213616080156505
0.4074,-5.676084370060284
20.352,20.974066868406407
0.0,-7.8015565547232715
3.78,-10.090526599744951
20.7,-4.04110576647337
4.29,11.164195246884926
-142.2006,21.791556170199865
3.99,-10.908015901538407
-55.713,-7.965054415081963
6.18,-7.63805869436458
2.976,-8.78254371687542
264.6,242.18667193371581
-15.288,15.415139616210901
41.298,21.46456044948248
-54.5958,17.377113940515198
43.44,4.133787251461197
6.6,-8.619045856516728
2.25,-3.0601186043212216
38.52,9.365718782939322
-81.441,105.9929542549259
11.55,-4.531599347549444
20.52,11.654688827961
18.522,-1.0981442800169265
2.97,-10.090526599744951
-86.136,0.373336463211297
49.68,7.07674873791764
-8.562,-7.965054415081963
-1.9602,-12.215998784407939
0.36,-11.725505203331863
2.64,-10.744518041179715
12.6,10.673701665808853
2.872,-9.273037297951493
3.7128,-10.581020180821024
9.696,35.36187857997125
103.56,81.79527092183959
51.3,10.346705945091468
8.61,1.8448172064395187
121.44,53.83713680050336
0.0,26.53299412060191
-466.896,60.37705121485102
35.994,7.240246598276332
3.21,-11.071513761897098
209.28,63.64700842202484
64.70632,40.92080583216675
40.32,6.586255156841567
3.888,13.453165291906604
-6.561,-0.7711485592995437
25.824,35.85237216104731
28.518,-2.896620743962531
-3.108,-2.406127162886456
-339.705,120.87125954756682
-36.375,37.16035504391685
24.24,-0.6076506989408514
0.96,-3.7141100457559872
12.918,3.479795810026431
-34.2516,74.27436934533978
-23.508,-2.733122883603839
1.4175,-6.49357367185374
9.798,-8.94604157723411
20.12,-3.5506121853972967
2.43,-7.311062973647197
2.94,-9.763530879027567
3.9296,-6.003080090777666
-7.332,-8.619045856516728
17.64,-3.5506121853972967
1.98,4.133787251461197
14.76,11.818186688319692
110.421,78.03482013358969
23.4,5.114774413613347
-44.532,27.350483422395367
0.9,-4.531599347549444
25.8984,3.3162979496677405
7.93,-8.455547996158037
666.48,247.09160774447656
10.76,-5.676084370060284
-1.395,7.730740179352406
13.7646,7.567242318993717
-9.2718,-9.600033018668876
-2.34,-7.474560834005889
-91.728,-4.204603626832062
1.148,-10.254024460103642
17.991,-5.839582230418975
-12.672,-9.273037297951493
107.3115,47.29722238615571
35.64,9.20222092258063
2.592,-7.965054415081963
-20.862,-9.273037297951493
91.26,31.601427791721346
-10.02,34.05389569710171
18.9126,1.8448172064395187
-26.118,-5.839582230418975
-175.962,8.548229481145864
244.86,82.93975594435042
-125.91,8.548229481145864
29.61,14.597650314417443
49.0,4.62428083253727
12.78,-6.166577951136357
3.99,-3.0601186043212216
11.5584,-6.9840672529298145
40.3,8.875225201863245
52.08,6.586255156841567
13.72,19.666083985536876
109.3406,65.93597846704652
59.4,68.55194423278559
0.24,-6.49357367185374
18.0648,-4.858595068266827
24.318,-1.7521357214516922
61.68,35.688874300688624
10.472,-3.223616464679914
0.0,-10.090526599744951
17.68,4.62428083253727
6.0,-3.3871143250386044
34.2,17.050118219797813
-49.56,38.30484006642769
1.7919,-11.562007342973173
10.5,-8.78254371687542
4.65,-9.600033018668876
3.9,-7.8015565547232715
45.8,25.06151337737369
0.0,-6.657071532212432
12.72,56.9435961473185
378.876,266.3843552668021
88.1804,28.821964165623594
163.1898,66.09947632740521
0.36,-6.003080090777666
8.7906,-9.436535158310186
258.6,98.96254625950218
17.472,-6.49357367185374
4.2804,-9.927028739386259
26.46,0.7003321839286798
9.0,0.04634074249391418
229.2,184.96242080817385
3.6288,-10.744518041179715
83.52,19.33908826481949
11.34,-8.455547996158037
-1924.542,78.36181585430707
-6.416,-9.600033018668876
74.06,18.68509682338473
25.38,56.9435961473185
15.75,-7.147565113288506
18.18,17.540611800873886
-188.336,55.962608985166355
12.4173,5.60526799468942
55.745,60.54054907520971
9.36,-9.109539437592801
14.76,11.818186688319692
74.184,45.17175020149273
-32.448,10.346705945091468
-27.792,-9.273037297951493
31.32,9.038723062221937
13.95,13.126169571189223
312.44976,115.80282587644739
84.6,17.70410966123258
-14.592,-9.436535158310186
-65.853,71.33140785888334
-7.5,-9.600033018668876
12.9888,8.875225201863245
21.6,22.9360411927107
-51.165,0.2098386028526047
46.8,6.4227572964828745
24.2919,-0.6076506989408514
-419.652,53.0196474987099
21.57,14.761148174776135
32.76,0.7003321839286798
-29.94,65.93597846704652
-29.808,-3.223616464679914
612.99,188.068880154989
-4.66,-10.908015901538407
3.8,-3.5506121853972967
1.35,-0.7711485592995437
7.02,-9.273037297951493
1.8189,13.126169571189223
48.285,10.673701665808853
2.3312,-11.562007342973173
1.86,-11.39850948261448
15.84,52.529153917633835
51.6,16.723122499080432
-5.264,-7.474560834005889
-13.81,145.72293432208792
6.615,-9.927028739386259
2.6271,3.8067915307438156
-104.673,32.255419233156104
5.64,-7.965054415081963
453.87,173.19057486234806
6.0,4.133787251461197
6.6,-4.695097207908136
17.847,11.491190967602307
-534.744,37.16035504391685
16.194,31.764925652080034
3.87,-8.78254371687542
6.8,24.734517656656305
-3.2406,-12.052500924049246
22.08,-4.531599347549444
70.5,23.753530494504158
-1.04,-7.311062973647197
7.44,-8.455547996158037
38.46,5.60526799468942
-17.42,-1.7521357214516922
-8.73,30.293444908851814
76.56,21.46456044948248
2.79,10.837199526167542
6.9888,-9.927028739386259
1.86,-8.619045856516728
-12.936,-8.94604157723411
1.7138,-11.23501162225579
1.42,-10.581020180821024
4.5,12.308680269395765
-105.768,10.673701665808853
53.19,11.818186688319692
4.533,-8.78254371687542
4.1448,-9.927028739386259
28.3635,8.384731620787171
207.45,59.72305977341625
-6.584,-11.39850948261448
13.2,-7.965054415081963
-40.977,25.552006958449763
11.52,-5.676084370060284
-37.14,11.164195246884926
50.4,28.985462025982283
355.5,106.31994997564328
2.274,-1.0981442800169265
1114.512,367.2625351081147
-35.208,-8.455547996158037
-15.072,-9.763530879027567
-85.116,10.183208084732776
0.28,-9.927028739386259
2.37,-11.39850948261448
-4.5468,7.894238039711098
5.724,-3.0601186043212216
8.3328,-7.147565113288506
242.028,149.48338511033782
1420.02,461.4373026747209
70.146,76.39984153000277
54.0,68.22494851206821
29.7408,14.924646035134828
-37.0188,-4.858595068266827
26.37,-3.7141100457559872
3.18,-9.927028739386259
8.64,-4.858595068266827
4.6176,-2.2426293025277655
15.008,15.742135336928282
3.18,-7.63805869436458
68.4,19.666083985536876
2.8836,-10.581020180821024
21.15,-4.368101487190753
3.546,-4.858595068266827
48.32,5.114774413613347
39.38,1.3543236253634436
141.96,153.5708316193051
338.76,116.45681731788214
22.992,-4.531599347549444
6.16,-10.090526599744951
1.598,-7.147565113288506
12.15,2.9893022289503577
42.54,1.8448172064395187
178.901,78.36181585430707
-4.0689,-7.311062973647197
182.49,58.742072611264106
-17.988,-9.763530879027567
311.49,118.25529378182775
84.6,19.829581845895564
49.5,4.460782972178581
10.1493,-7.474560834005889
102.42,107.30093713779543
31.29,6.749753017200259
162.9,283.5516306044647
9.344,2.9893022289503577
-7.308,-11.23501162225579
2.6412,-6.657071532212432
3.799,-10.744518041179715
27.3,12.472178129754457
-725.36,53.51014107978598
25.875,1.6813193460808264
73.14,26.205998399884532
-2.716,-10.744518041179715
5.04,-10.090526599744951
7.8,-5.349088649342901
13.8,100.92452058380647
19.2426,-2.2426293025277655
21.42,2.9893022289503577
6.104,-8.78254371687542
44.73,36.50636360248208
3.06,-7.8015565547232715
200.34,239.73420402833545
62.1414,9.692714503656703
-0.376,-10.581020180821024
-2.403,-3.7141100457559872
30.573,62.82951912023138
19.692,16.55962463872174
-2.322,-11.725505203331863
37.44,6.4227572964828745
4.26,-4.695097207908136
56.64,42.22878871503629
-0.09,41.901792994318896
105.3,41.41129941324283
-189.8,72.31239502103548
1.12,-11.071513761897098
54.666,41.24780155288413
-18.252,-8.292050135799347
6.228,-8.78254371687542
5.7,-5.676084370060284
132.168,230.90531956896612
9.6,-3.5506121853972967
-1.962,0.8638300442873703
7.84,-8.94604157723411
96.6,21.30106258912379
13.452,-6.657071532212432
-3.8385,4.297285111819889
76.44,20.483573287330334
-3.732,-10.744518041179715
14.94,-7.311062973647197
-456.174,189.5403608982172
25.56,-0.11715711786477812
1.32,-9.927028739386259
27.0,-3.3871143250386044
-176.67,148.0119043671096
9.3024,18.031105381949963
-238.5525,178.0955106731088
-25.8,-2.733122883603839
114.48,76.89033511107884
1.812,-10.581020180821024
2.16,-8.619045856516728
58.311,59.069068331981484
20.4984,-2.406127162886456
-19.7712,-6.9840672529298145
38.04,4.9512765532546545
92.544,63.32001270130746
970.2,516.3725837552412
0.882,-11.889003063690556
6.06,-7.147565113288506
21.4776,-3.0601186043212216
-255.5875,79.5063008768179
-24.84,-7.8015565547232715
81.62,20.15657756661295
15.141,7.894238039711098
25.8075,51.05767317440561
9.8856,-7.965054415081963
29.61,14.597650314417443
18.0,-5.839582230418975
96.24,31.27443207100396
15.8496,-6.9840672529298145
-150.732,93.24012114694798
133.36,96.67357621448049
-33.264,3.15280008930905
-14.622,41.41129941324283
200.25,136.40355628164252
21.36,3.479795810026431
170.25,43.37327373754712
-705.096,169.59362193445685
-2.436,5.114774413613347
-9.48,-10.908015901538407
3.556,-9.109539437592801
27.48,1.1908257650047531
58.16,37.65084862499292
0.7,-10.744518041179715
-85.806,-1.4251400007343094
-73.272,67.40745921027475
99.48,55.472115404090275
27.9,-0.9346464196582343
-2.244,-11.889003063690556
-21.0,-8.455547996158037
4.209,-8.292050135799347
226.05,64.62799558417699
18.54,2.0083150667982093
30.2232,5.278272273972036
17.76,-3.223616464679914
354.06,151.6088572950008
11.76,1.3543236253634436
-42.048,-5.839582230418975
-46.302,-5.18559078898421
-55.044,-3.0601186043212216
9.12,0.04634074249391418
7.64,-2.406127162886456
38.8704,51.22117103476431
-7.584,-11.562007342973173
0.6696,-10.908015901538407
10.88,-7.147565113288506
-44.34,-4.204603626832062
9.9,-7.965054415081963
118.209,54.49112824193813
6.74,-10.254024460103642
14.76,-7.474560834005889
8.694,-9.273037297951493
-0.564,-6.820569392571123
9.92,-6.166577951136357
-66.954,1.6813193460808264
35.82,5.441770134330728
7.152,-2.733122883603839
4.2976,-5.349088649342901
29.82,-2.5696250232451483
371.16,143.27046641670754
-47.994,-0.7711485592995437
9.3312,-9.273037297951493
10.32,-5.349088649342901
10.56,6.913250877558951
163.1898,66.09947632740521
-44.34,-8.94604157723411
9.87,-5.839582230418975
98.37,19.829581845895564
10.83,-7.965054415081963
269.308,157.00428668683762
-12.1458,-5.18559078898421
22.26,4.297285111819889
1989.54,638.1784897224662
86.28,20.483573287330334
236.2325,142.1259813941967
24.498,2.0083150667982093
76.56,21.46456044948248
-17.55,5.441770134330728
18.36,15.088143895493516
0.6516,-12.052500924049246
8.52,-3.0601186043212216
1236.96,506.23571641300236
12.5832,-5.0220929286255185
125.94,54.00063466086206
81.0474,45.17175020149273
32.46,2.0083150667982093
2.214,-11.562007342973173
4.62,-6.9840672529298145
-25.6,-1.4251400007343094
2.256,-3.7141100457559872
17.364,-6.003080090777666
0.28,-10.744518041179715
23.34,-4.531599347549444
37.6,5.7687658550481125
158.355,133.29709693482738
-37.2075,24.571019796297616
18.78,-2.079131442169073
35.04,35.36187857997125
10.43,-6.9840672529298145
2.808,-11.071513761897098
108.24,44.68125662041665
1.4682,-9.927028739386259
8.64,23.263036913428085
3.42,-10.581020180821024
244.6155,198.04224963686914
25.05,-2.5696250232451483
-2.43,-4.531599347549444
12.492,-6.657071532212432
104.67,44.68125662041665
-6.993,-5.676084370060284
147.0,44.84475448077535
-9.1816,-10.417522320462332
4.3836,-10.254024460103642
17.1,27.677479143112752
0.0,-10.908015901538407
5.4,10.019710224374087
4.68,-9.600033018668876
10.5,-4.531599347549444
12.36,-4.531599347549444
246.84,189.5403608982172
4.752,-10.581020180821024
7.44,-9.273037297951493
0.0,15.251641755852209
-62.3792,-8.455547996158037
13.5056,-7.63805869436458
-0.03,48.11471168794917
-21.7932,-7.474560834005889
7.08,-9.763530879027567
26.865,-2.5696250232451483
3.1104,-11.39850948261448
1.23,-11.071513761897098
2.48,-9.436535158310186
19.53,-3.7141100457559872
-41.4588,-4.368101487190753
-6.42,-3.7141100457559872
20.3898,-2.5696250232451483
0.0,3.479795810026431
12.4404,4.133787251461197
69.705,24.080526215221543
1.512,-11.889003063690556
2.64,-7.474560834005889
14.868,2.1718129271569016
11.16,-5.0220929286255185
1.8,-8.128552275440654
79.14,32.255419233156104
-49.635,-2.5696250232451483
-45.27,-7.474560834005889
21.6,4.460782972178581
45.42,34.05389569710171
42.4,2.662306508232975
5.0064,-10.090526599744951
156.751,39.9398186700146
1.5548,-11.39850948261448
10.62,-5.18559078898421
57.48,21.30106258912379
-32.92,-4.04110576647337
90.0,151.11836371392474
16.62,5.7687658550481125
-8.448,-10.417522320462332
-61.239,-4.04110576647337
54.9,10.019710224374087
215.73,62.66602125987269
-10.0512,-5.0220929286255185
-4.02,-9.109539437592801
6.3504,-10.254024460103642
180.96,72.1488971606768
-7.656,-10.744518041179715
-3.906,-11.562007342973173
13.74,-2.079131442169073
-3.392,-11.562007342973173
-16.461,-10.254024460103642
-63.168,90.9511511019263
86.7,30.6204406295692
-22.836,5.114774413613347
4.92,4.133787251461197
12.771,1.0273279046460608
114.24,121.1982552682842
3.276,21.137564728765096
-18.132,-4.695097207908136
24.42,-3.0601186043212216
376.11,169.75711979481554
-11.6622,-8.94604157723411
-4.776,-11.725505203331863
14.70168,39.122329368221145
1.9926,-11.39850948261448
0.33,-9.763530879027567
22.74,5.278272273972036
-6.1248,-11.071513761897098
13.3056,-7.8015565547232715
-95.76,128.55565898442532
-40.734,1.3543236253634436
0.9336,2.825804368591667
23.2182,21.30106258912379
3.0268,-11.23501162225579
75.036,24.407521935938927
3.184,-8.455547996158037
11.064,20.320075426971638
0.24,-8.128552275440654
-39.48,1.8448172064395187
66.48,15.578637476569593
-2.176,-9.763530879027567
91.32,19.33908826481949
1072.44,415.33090605356995
8.8464,-7.8015565547232715
58.86,19.666083985536876
65.28,10.346705945091468
74.46,36.342865742123394
6.0,-0.11715711786477812
-5.28,-11.071513761897098
-7.1895,-3.3871143250386044
5.19,8.875225201863245
118.02,54.32763038157944
11.4,-3.8776079061146795
26.08,41.08430369252544
-45.324,-3.8776079061146795
13.04,-4.531599347549444
12.816,-5.0220929286255185
2.64,-10.581020180821024
-17.316,-10.254024460103642
9.36,-2.079131442169073
14.58,-4.204603626832062
15.492,-5.0220929286255185
9.87,-9.109539437592801
-48.168,-3.0601186043212216
0.0,-7.8015565547232715
-53.478,75.09185864713324
21.27924,111.7153793674801
76.10168,44.51775876005796
120.82,81.79527092183959
5.32,-9.436535158310186
16.44,0.373336463211297
-30.04,3.9702893911025043
1.239,-10.744518041179715
20.02,-4.204603626832062
29.709,66.75346776883998
29.36,17.70410966123258
79.38,55.962608985166355
2.37,-11.39850948261448
1.9845,-11.39850948261448
98.1396,32.255419233156104
-14.02,-9.600033018668876
-13.614,11.164195246884926
1.7343,-11.725505203331863
-17.46,-6.9840672529298145
-21.38,-9.600033018668876
18.1176,27.18698556203668
-1.08,-11.23501162225579
-21.0686,228.7798473843031
-8.88,-7.965054415081963
24.0,-4.368101487190753
-17.934,-9.109539437592801
-185.112,1.517821485722136
14.85,-5.839582230418975
-13.972,-8.619045856516728
311.7,91.60514254336107
2.84,-11.071513761897098
1.1775,-8.455547996158037
16.6788,23.917028354862854
35.16,2.0083150667982093
0.46,-11.071513761897098
13.77,6.4227572964828745
29.37,-0.6076506989408514
6.3072,-9.436535158310186
4.5,-3.223616464679914
-3.96,-8.455547996158037
4.95,29.148959886340972
31.44,3.15280008930905
10.47,-3.3871143250386044
23.436,10.673701665808853
10.8,46.47973308436225
-6.48,-10.744518041179715
18.08,4.133787251461197
-135.78,8.384731620787171
61.128,12.635675990113146
-1.692,-11.889003063690556
19.98,-4.695097207908136
7.74,-7.63805869436458
-10.4196,-8.78254371687542
36.36,87.02720245331771
-35.5212,0.373336463211297
7.2576,-8.94604157723411
364.26,173.68106844342412
2.6406,-6.657071532212432
20.1,-4.695097207908136
-260.82,40.92080583216675
-308.58,197.71525391615177
0.99,-4.04110576647337
15.48,-5.512586509701593
8.0352,-9.600033018668876
0.0,33.23640639530825
88.5,18.521598963026037
-5.0688,-11.889003063690556
51.84,8.875225201863245
-40.26,72.31239502103548
-2.868,-7.63805869436458
24.56,-3.3871143250386044
62.4,20.647071147689022
8.7,-7.965054415081963
-9.57,-7.8015565547232715
10.8,-3.8776079061146795
15.96,2.9893022289503577
3.12,-10.908015901538407
17.07,-3.3871143250386044
-24.36,21.62805830984117
8.04,-2.896620743962531
20.4201,65.28198702561176
70.08,13.780161012623989
125.46,69.69642925529642
3.1104,-11.39850948261448
9.3312,-9.273037297951493
0.0,3.479795810026431
-45.5928,6.749753017200259
143.082,54.49112824193813
5.6,-7.474560834005889
55.912,19.175590404460802
-179.48,9.038723062221937
-370.602,38.141342206069
-14.754,-9.927028739386259
-51.792,1.3543236253634436
9.12,-9.109539437592801
30.3,3.6432936703851233
1.02,-9.109539437592801
8.2194,5.60526799468942
17.16,-5.349088649342901
-18.585,28.167972724188825
21.1428,79.8332965975353
126.0558,66.91696562919867
3.8272,-6.166577951136357
59.382,13.289667431547912
70.902,22.77254333235201
23.16,-4.368101487190753
5.7,-6.820569392571123
-14.355,162.7267117993918
30.12,-0.11715711786477812
-9.282,4.9512765532546545
-2.0016,-11.889003063690556
17.91,10.183208084732776
10.38,-7.8015565547232715
3.0861,-10.908015901538407
163.38,144.90544502029445
103.32,24.407521935938927
209.706,141.96248353383803
-79.3352,-4.04110576647337
5.68,-9.927028739386259
99.18,38.30484006642769
5.88,-9.436535158310186
-4.02,7.240246598276332
303.354,105.17546495313245
-33.744,-9.600033018668876
228.6,67.24396134991605
-7.416,-8.94604157723411
1.53,-7.311062973647197
-14.766,13.616663152265296
0.6,-2.079131442169073
-10.7973,3.3162979496677405
-105.456,142.77997283563147
-50.004,-2.406127162886456
22.32,20.974066868406407
13.76,-4.04110576647337
31.977,9.038723062221937
-33.012,-8.292050135799347
43.14,41.901792994318896
113.2,53.67363894014467
15.48,-6.820569392571123
50.48,22.118551890917242
26.7,42.22878871503629
-5.2593,-10.090526599744951
33.18,3.6432936703851233
-0.819,-0.7711485592995437
51.28,5.932263715406801
-118.5639,15.415139616210901
3.0,-2.406127162886456
-3.516,2.662306508232975
15.72,-3.5506121853972967
-6.832,-9.763530879027567
-98.412,1.0273279046460608
-30.324,-6.657071532212432
39.76,30.947436350286576
11.5587,-6.820569392571123
95.0968,30.456942769210503
32.4,0.5368343235699875
27.9,63.64700842202484
63.24,24.571019796297616
13.728,48.278209548307856
19.05,11.654688827961
56.7,39.122329368221145
-14.544,-8.455547996158037
-16.128,-4.531599347549444
-21.69,-7.63805869436458
5.76,-8.94604157723411
12.72,91.60514254336107
206.7648,174.66205560557628
1.908,-10.254024460103642
-22.62,-9.927028739386259
8.49,-5.0220929286255185
5.28,-2.5696250232451483
1.1151,-11.889003063690556
-82.884,41.901792994318896
35.6013,3.3162979496677405
17.6673,-6.166577951136357
3.21,-10.254024460103642
8.61,-6.49357367185374
-36.84,-9.273037297951493
3.1752,-10.417522320462332
-13.356,-9.109539437592801
17.58,23.59003263414547
0.258,-9.763530879027567
26.64,3.15280008930905
10.164,-7.311062973647197
114.279,45.00825234113404
2.44,-10.417522320462332
13.08,-2.2426293025277655
14.52,11.327693107243615
5.5674,-9.763530879027567
140.5386,106.31994997564328
343.35,99.94353342165432
10.86,-8.292050135799347
32.34,40.75730797180806
62.184,191.1753395018041
16.56,1.1908257650047531
1.0904,-11.725505203331863
0.0,-4.858595068266827
36.924,43.7002694582645
1.32,-1.261642140375617
1.28,-7.147565113288506
9.9522,9.365718782939322
19.782,45.989239503286186
3.6,-10.417522320462332
-8.34,-10.908015901538407
-2.349,-12.215998784407939
7.44,2.825804368591667
619.11,253.9585178795416
20.7804,-2.5696250232451483
0.5584,-7.8015565547232715
107.55,61.03104265628578
7.0173,-2.2426293025277655
20.88,-4.368101487190753
12.48,191.99282880359758
12.96,11.327693107243615
-5.44,-10.908015901538407
148.32,54.98162182301421
-6.5274,-5.349088649342901
29.085,18.358101102667344
78.9412,15.088143895493516
11.244,-5.18559078898421
90.72,24.734517656656305
303.48,138.0385348852294
18.16,47.13372452579702
17.6,2.825804368591667
-37.3965,24.734517656656305
-61.888,0.2098386028526047
10.26,-8.619045856516728
110.412,32.745912814232184
13.53,-5.18559078898421
-39.969,36.833359323199474
3.699,1.3543236253634436
55.36,10.183208084732776
5.4288,-9.927028739386259
706.68,317.8861812797899
11.97,-2.079131442169073
80.1,14.924646035134828
1.32,-7.965054415081963
-21.24504,17.70410966123258
0.0,-10.908015901538407
125.19,69.53293139493773
18.92,-4.04110576647337
14.5,-6.657071532212432
4.116,-9.927028739386259
5.94,-4.204603626832062
3.3516,-5.0220929286255185
73.92,28.004474863830136
-6.705,-11.725505203331863
9.36,-9.109539437592801
13.2,-3.7141100457559872
10.881,-6.49357367185374
9.54,1.8448172064395187
-48.42,-5.0220929286255185
14.4,-1.5886378610929999
-282.555,254.1220157399003
0.54,-3.223616464679914
28.302,1.0273279046460608
3.99,-3.0601186043212216
-10.341,-11.23501162225579
-36.342,-3.223616464679914
153.0,40.92080583216675
-3.3879,-11.725505203331863
29.664,45.335248061851416
3.3,-10.254024460103642
0.36,-10.254024460103642
1.26,-11.562007342973173
1.032,-2.2426293025277655
0.0,2.662306508232975
-3.993,-10.417522320462332
-3.7938,-8.94604157723411
8.76,-3.8776079061146795
10.518,-6.657071532212432
-215.1,24.24402407558023
8.72,-9.273037297951493
280.44,404.5400472698963
28.32,6.0957615757654935
19.11,6.0957615757654935
26.84,-1.0981442800169265
-1.528,-5.676084370060284
3.51,-11.23501162225579
6.78,-5.349088649342901
13.59,4.297285111819889
1.26,-8.78254371687542
30.66,29.475955607058356
2.1,-9.436535158310186
5.24,30.783938489927888
1.2,-8.455547996158037
-98.16,4.297285111819889
47.3,8.548229481145864
1.92,-4.531599347549444
39.3,0.7003321839286798
-3.224,-11.39850948261448
16.614,-5.349088649342901
3.204,-10.581020180821024
0.0,-7.8015565547232715
24.21,-2.896620743962531
98.94,36.66986146284077
12.264,-6.657071532212432
2.73,-7.474560834005889
4.89,1.0273279046460608
-7.452,11.654688827961
-5.448,-3.5506121853972967
-157.0095,48.932200989742626
6.48,-9.436535158310186
-110.0385,96.8370740748392
66.9546,48.44170740866656
-120.513,16.55962463872174
109.76,37.48735076463423
6.54,-2.5696250232451483
3.45,-4.368101487190753
88.56,20.647071147689022
1.88,18.521598963026037
10.8,-5.18559078898421
159.63,80.81428375968744
22.32,-4.04110576647337
5.9904,-9.436535158310186
-8.26,-8.455547996158037
15.9,-4.695097207908136
6.33,-9.436535158310186
0.6624,-11.889003063690556
-314.94,46.97022666543833
-133.41232,119.3997788043386
-53.072,-6.820569392571123
18.6,-1.4251400007343094
23.028,25.225011237732378
-18.0,-6.330075811495049
4.26,-6.9840672529298145
59.88,45.17175020149273
13.56,1.517821485722136
8.714,-0.9346464196582343
359.28,130.844629029447
70.92,27.677479143112752
4.64,-9.763530879027567
126.63,46.80672880507964
6.7966,-9.109539437592801
2.88,-8.455547996158037
1.7,-2.896620743962531
81.583,66.09947632740521
9.66,-1.7521357214516922
13.0284,-4.695097207908136
-59.19,-0.28065497822346863
2.85,-7.63805869436458
2.142,-8.455547996158037
2.372,-9.763530879027567
-13.984,-8.94604157723411
53.235,22.445547611634627
10.44,0.7003321839286798
42.24,3.15280008930905
16.4,-3.3871143250386044
43.2,12.799173850471838
-316.28,159.94724817329407
10.7178,-0.7711485592995437
7.049,79.8332965975353
-161.55,251.6695478345199
75.12,14.270654593700062
0.1512,-11.562007342973173
-35.0865,28.985462025982283
3.48,2.0083150667982093
6.48,-7.965054415081963
-30.066,-8.78254371687542
10.56,-7.63805869436458
19.755,-3.7141100457559872
4.0,-1.4251400007343094
-262.032,41.08430369252544
9.0882,27.18698556203668
361.44,409.7719788013745
239.28,65.93597846704652
25.1979,37.65084862499292
74.5654,34.54438927817779
-6.156,5.441770134330728
22.56,-2.079131442169073
2.86,-11.23501162225579
94.77,22.9360411927107
64.08,68.3884463724269
-13.3936,-9.436535158310186
120.12,40.75730797180806
14.916,-6.330075811495049
18.63,48.76870312938394
52.68,6.749753017200259
-22.436,-5.349088649342901
-35.3913,-5.18559078898421
7.74,-6.49357367185374
21.6,-3.7141100457559872
-3.534,0.373336463211297
97.65,192.9738159657497
101.64,43.04627801682973
4.1832,-10.417522320462332
-411.498,122.17924243043636
-13.896,-8.455547996158037
0.42,-11.725505203331863
2.61,-9.927028739386259
8.79,5.60526799468942
35.0142,10.183208084732776
36.6,25.06151337737369
-12.8799,-6.820569392571123
75.0,82.12226664255697
-81.768,15.251641755852209
39.0,3.6432936703851233
7.65,-8.619045856516728
2.352,-11.23501162225579
27.75,-2.733122883603839
-10.26,-9.927028739386259
60.356,110.89789006568664
17.88,-1.4251400007343094
23.1,11.164195246884926
1.98,-10.908015901538407
87.72,29.80295132777574
-28.8,-7.474560834005889
40.59,9.038723062221937
13.62,-7.965054415081963
1.98,-4.04110576647337
-21.66,2.335310787515592
50.68776,52.20215819691646
-6.8094,-10.744518041179715
46.76,17.050118219797813
-3.8706,-11.39850948261448
209.52,101.90550774595862
0.6,-10.908015901538407
6.57,-5.676084370060284
35.4,0.5368343235699875
102.76,92.7496275658719
296.91,134.7685776780556
16.4,-5.18559078898421
39.6,28.167972724188825
15.552,-7.147565113288506
-12.294,-10.908015901538407
58.17,51.22117103476431
-2.1,-9.927028739386259
35.9248,13.289667431547912
6.888,-9.109539437592801
3.0,-4.204603626832062
5.928,-9.109539437592801
9.96,1.1908257650047531
216.95832,114.98533657465393
10.1,4.297285111819889
4.0338,-10.417522320462332
7.08,-8.128552275440654
17.04,-5.512586509701593
34.08,1.1908257650047531
-0.105,133.29709693482738
16.29,-2.5696250232451483
13.26,1.1908257650047531
12.26,-7.147565113288506
11.4296,-6.657071532212432
100.656,21.955054030558554
30.68,19.01209254410211
332.88,111.38838364676272
14.8707,-4.531599347549444
10.5,-3.7141100457559872
46.2,5.278272273972036
151.52,49.586192431177395
5.4,10.51020380545016
7.7,-4.695097207908136
5.37,-7.8015565547232715
7.84,-9.273037297951493
35.94,3.9702893911025043
-1.746,-9.273037297951493
11.88,-1.5886378610929999
10.7772,52.038660336557754
116.76,134.4415819573382
24.82,36.50636360248208
200.49,118.74578736290384
-167.27,97.00057193519788
1.932,-1.9156335818103827
107.802,189.04986731714112
3.18,-9.600033018668876
2.94,-10.581020180821024
4.122,-9.436535158310186
-5.22,53.183145359068604
24.2285,-3.8776079061146795
-77.04,3.8067915307438156
16.35,-1.5886378610929999
-51.3972,-0.9346464196582343
-2.1294,-7.8015565547232715
123.3,28.821964165623594
566.55264,219.95096292493378
2597.28,854.3226611166563
6.84,-3.0601186043212216
30.84,5.60526799468942
10.26,-5.839582230418975
-15.48,12.96267171083053
-199.764,72.80288860211157
9.072,-8.128552275440654
-3.288,-10.581020180821024
356.4,149.48338511033782
-6.456,-11.562007342973173
2.3997,26.859989841319294
33.0,-1.4251400007343094
11.25,-3.5506121853972967
0.21,-10.581020180821024
26.04,0.8638300442873703
285.9896,167.46814974979387
47.94,31.110934210645272
13.2,-8.128552275440654
6.0,-5.18559078898421
15.0864,-6.49357367185374
85.9828,20.320075426971638
4.494,-9.927028739386259
-2.1876,-9.600033018668876
79.8,21.137564728765096
15.552,-7.147565113288506
224.532,161.582226776881
-5.712,-9.600033018668876
11.1,4.133787251461197
97.1,34.3808914178191
-4.9164,-11.889003063690556
3.0212,-10.908015901538407
-86.613,-5.18559078898421
-103.32,64.30099986345961
-1.7892,-11.889003063690556
25.47,9.52921664329801
9.3312,-9.273037297951493
-1.312,-8.292050135799347
4.02,-8.292050135799347
60.0,76.89033511107884
-306.012,112.69636652963224
3.792,-9.927028739386259
9.088,2.4988086478742844
143.55,38.63183578714508
14.76,-7.474560834005889
-0.336,929.3681790212955
-302.355,75.9093479489267
178.56,182.34645504243477
7.2,94.22110830910013
18.48,7.894238039711098
6.532,-10.090526599744951
2.99,-10.417522320462332
28.8,-1.5886378610929999
7.25,-7.63805869436458
117.9,45.989239503286186
3.3,-8.78254371687542
-4.908,-6.003080090777666
8.4,15.251641755852209
13.92,-0.4441528385821609
37.08,13.943658872982677
1.1256,-10.090526599744951
12.24,-0.28065497822346863
-154.341,255.5934964831285
51.24,43.53677159790581
2.7,10.673701665808853
18.27,-2.079131442169073
65.52,36.342865742123394
17.127,12.472178129754457
45.72,3.479795810026431
-132.2736,30.12994704849312
22.4778,-0.7711485592995437
96.9,26.205998399884532
2.565,-9.273037297951493
2.376,-8.128552275440654
26.16,-3.3871143250386044
78.1954,15.415139616210901
2.772,-11.071513761897098
75.5748,17.050118219797813
83.45076,16.069131057645667
8.46,-9.273037297951493
6.3744,-10.254024460103642
10.62,-5.18559078898421
115.608,34.87138499889517
171.4185,73.78387576426371
29.385,-0.6076506989408514
48.36,19.33908826481949
284.5,93.40361900730667
-87.57,5.114774413613347
7.41,-9.600033018668876
-2.685,-11.562007342973173
0.84,-10.090526599744951
-94.92,15.742135336928282
17.64,-6.166577951136357
19.26,-5.349088649342901
8.2344,-9.436535158310186
4.8,-6.330075811495049
63.0,30.6204406295692
155.016,54.65462610229682
-14.85,-9.273037297951493
10.74,-7.474560834005889
12.24,54.818123962655505
-97.02,-5.512586509701593
28.92,21.46456044948248
-3.969,-11.39850948261448
4.053,-8.619045856516728
22.32,-0.9346464196582343
-1.8612,-0.11715711786477812
-21.294,6.259259436124186
-94.333,60.21355335449233
5.28,74.92836078677455
12.76,-3.5506121853972967
10.5,73.78387576426371
7.26,-9.600033018668876
6.132,-8.455547996158037
287.85,94.54810402981751
6.45,5.278272273972036
4.29,-10.581020180821024
10.92,23.426534773786774
41.1,19.666083985536876
67.99,32.091921372797415
-13.7976,19.502586125178183
57.12,6.749753017200259
48.12,33.89039783674302
-316.812,91.27814682264368
108.45,30.947436350286576
7.28,-9.273037297951493
69.435,16.88662035943912
30.45,43.209775877188434
35.7,5.441770134330728
-10.15,-11.39850948261448
328.08,99.45303984057826
6.36,-7.63805869436458
455.64,274.2322525640193
44.16,2.335310787515592
5.2182,-4.858595068266827
10.86,-8.78254371687542
-4.8,-7.474560834005889
25.0938,2.825804368591667
6.12,-2.406127162886456
16.96,7.403744458635025
21.24,-4.368101487190753
-18.328,-9.273037297951493
1.4456,-11.39850948261448
4.2,1.3543236253634436
-1.794,-11.562007342973173
122.16,272.9242696811498
5.32,-2.733122883603839
14.76,22.282049751275938
5.544,-10.417522320462332
-5.3721,-4.368101487190753
-5.9,-10.254024460103642
50.922,25.06151337737369
-80.016,3.3162979496677405
2.16,-5.349088649342901
5.976,-6.820569392571123
73.5,188.23237801534768
41.85,8.384731620787171
232.0011,113.5138558314257
0.24,-10.254024460103642
19.35,-2.079131442169073
-3.84,-8.455547996158037
-97.7394,103.86748207026292
7.371,-9.763530879027567
-15.36,-7.311062973647197
1.704,-4.368101487190753
1.584,-8.78254371687542
116.16,50.89417531404692
2.028,-8.94604157723411
659.98,257.3919729470741
-0.162,47.78771596723179
159.84,39.9398186700146
-15.776,13.453165291906604
-76.9972,41.57479727360152
35.73,11.98168454867838
-25.227,-10.090526599744951
0.84,-11.562007342973173
84.568,30.12994704849312
-21.81,-9.927028739386259
4.1,-2.2426293025277655
56.79,8.221233760428483
5.5875,-9.436535158310186
6.744,-2.896620743962531
17.55,-3.223616464679914
-2.604,-11.23501162225579
15.03,-2.896620743962531
2.73,-3.3871143250386044
-3.126,-10.090526599744951
35.82,5.441770134330728
36.96,7.730740179352406
70.44,19.666083985536876
15.8,4.787778692895962
28.32,80.32379017861136
140.4,83.2667516650678
140.04,34.3808914178191
29.304,20.810569008047718
6.84,-9.927028739386259
219.4104,97.98155909735003
142.9948,77.54432655251361
-15.0,-6.330075811495049
29.54,149.15638938962044
-214.725,438.8745979452215
10.02,-8.455547996158037
87.3,62.82951912023138
0.216,-11.562007342973173
29.652,3.15280008930905
22.0,77.54432655251361
8.04,-8.128552275440654
92.5056,19.175590404460802
0.24,-11.39850948261448
17.524,-1.4251400007343094
-29.3436,7.894238039711098
10.56,-7.474560834005889
-12.54,-9.763530879027567
-7.89,-10.254024460103642
-147.5229,177.44151923167405
21.0,102.72299704775207
-19.1058,23.263036913428085
-4.644,-10.744518041179715
-601.74176,141.63548781312062
65.88,34.54438927817779
0.0,-6.330075811495049
-20.889,-7.8015565547232715
-4.815,-9.600033018668876
-38.1114,-8.292050135799347
570.828,297.4489487349535
0.0,-10.417522320462332
-39.852,-2.406127162886456
-1.476,-12.052500924049246
8.58,-2.2426293025277655
36.807,17.70410966123258
-14.24,-8.128552275440654
7.196,-0.6076506989408514
-12.849,134.60507981769692
6.09,-7.63805869436458
-19.08,18.68509682338473
-4.032,-7.63805869436458
19.041,-2.079131442169073
38.025,7.567242318993717
-9.324,-2.2426293025277655
-20.394,-10.090526599744951
90.9,42.719282296112354
-20.196,-7.147565113288506
6.16,-10.090526599744951
3.44,-9.763530879027567
8.79,-9.436535158310186
57.4113,19.99307970625426
261.24,272.4337761000737
79.88,18.031105381949963
8.91,-0.28065497822346863
-23.922,29.96644918813443
18.88,49.422694570818706
-24.324,11.491190967602307
-4.512,-7.474560834005889
-9.102,-11.39850948261448
3.51,-0.9346464196582343
0.3822,-11.725505203331863
26.01,10.019710224374087
-52.848,-3.0601186043212216
85.7746,193.6278074071845
34.14,6.259259436124186
4.92,-10.090526599744951
-66.582,-0.9346464196582343
61.6,79.34280301645921
-8.064,-6.820569392571123
19.122,27.84097700347144
12.864,11.818186688319692
-74.838,1.3543236253634436
-2.412,-3.5506121853972967
22.736,-1.7521357214516922
3.06,-7.8015565547232715
27.24,0.04634074249391418
12.432,-5.18559078898421
2.336,-9.273037297951493
5.4,-10.090526599744951
142.56,44.51775876005796
64.845,20.483573287330334
22.8,0.04634074249391418
64.518,40.43031225109068
486.054,218.3159843213469
479.88,183.817935785663
-15.39,-9.600033018668876
2.88,3.6432936703851233
16.704,11.818186688319692
-7.92,-10.581020180821024
-13.608,-6.166577951136357
10.9,-4.531599347549444
-34.629,-3.5506121853972967
2.8416,-11.39850948261448
-31.008,-9.436535158310186
13.74,32.745912814232184
31.977,9.038723062221937
-0.054,317.39568769871386
-11.154,-10.581020180821024
-424.284,113.6773536917844
58.06,46.152737363644874
-9.672,-1.9156335818103827
8.619,-1.5886378610929999
64.2,15.578637476569593
-2.58,-7.311062973647197
3.39,1.517821485722136
0.45,-9.763530879027567
-2.4174,-10.417522320462332
4.47,-8.455547996158037
-23.892,22.282049751275938
12.456,-7.474560834005889
3.21,-10.744518041179715
22.2516,0.5368343235699875
16.56,3.6432936703851233
243.3,67.24396134991605
-84.672,12.799173850471838
1.98,-8.292050135799347
-118.398,-3.5506121853972967
2.94,-9.273037297951493
10.3473,44.02726517898189
179.82,150.95486585356605
35.3346,-0.11715711786477812
39.4,25.552006958449763
-2.256,-11.23501162225579
-2.0034,-9.600033018668876
23.466,-3.7141100457559872
8.43,-7.63805869436458
-7.008,-11.39850948261448
0.96,3.8067915307438156
125.475,37.48735076463423
6.75,1.6813193460808264
8.64,0.5368343235699875
0.0,62.66602125987269
70.72496,52.529153917633835
52.56,49.095698850101314
15.75,0.5368343235699875
28.62,-2.2426293025277655
0.46,-10.908015901538407
213.12,76.89033511107884
290.3016,97.98155909735003
2.82,-9.763530879027567
-2.361,-12.052500924049246
8.04,-8.128552275440654
-7.62,-6.166577951136357
-6.06,-10.744518041179715
251.04,83.10325380470911
13.56,-3.8776079061146795
-2.012,-9.109539437592801
-13.74,-5.839582230418975
-0.465,-7.474560834005889
74.34,14.10715673334137
7.26,-5.18559078898421
20.7,-4.858595068266827
9.0,-9.109539437592801
3.92,-9.927028739386259
34.2,13.126169571189223
1.539,-10.581020180821024
0.0,19.33908826481949
73.5,11.654688827961
1.64,-9.436535158310186
-1.494,-5.18559078898421
8.04,-7.474560834005889
-93.168,-0.4441528385821609
10.804,3.3162979496677405
24.3824,1.8448172064395187
3.552,-6.49357367185374
170.48,99.12604411986086
21.48,-1.4251400007343094
62.4,16.069131057645667
10.465,-6.9840672529298145
-2.028,-2.5696250232451483
10.98,13.616663152265296
6.66,-9.109539437592801
23.16,-3.7141100457559872
133.1478,45.989239503286186
158.544,56.28960470588373
-15.444,-10.417522320462332
31.44,4.297285111819889
31.05,2.1718129271569016
210.4942,60.86754479592709
-9.153,-5.676084370060284
34.92,19.33908826481949
2.1,-3.7141100457559872
4.44,-5.676084370060284
97.38,28.49496844490621
41.55192,56.78009828695981
65.28,19.99307970625426
16.0056,-3.7141100457559872
3.132,10.837199526167542
33.2,0.2098386028526047
18.6006,-4.04110576647337
24.42,-1.9156335818103827
17.6418,-3.8776079061146795
170.94,120.70776168720813
-20.814,-10.908015901538407
1.65,-10.744518041179715
-15.9282,-8.292050135799347
-31.05,-5.512586509701593
-8.136,92.9131254262306
130.32,181.36546788028264
8.32,-1.9156335818103827
27.36,-3.223616464679914
213.3,60.37705121485102
52.92,28.821964165623594
5.7672,-8.94604157723411
-8.532,-8.619045856516728
46.62,38.468337926786376
11.85,9.365718782939322
-4.6764,-8.94604157723411
108.48,43.04627801682973
46.8,12.308680269395765
-75.222,-2.406127162886456
3.87,-5.349088649342901
-0.0282,2.1718129271569016
10.56,-6.820569392571123
-135.028,21.62805830984117
11.0,-8.619045856516728
1.08,-0.7711485592995437
50.58,16.23262891800436
-23.1,-7.311062973647197
-16.155,-9.763530879027567
-90.09,10.019710224374087
21.1977,-2.079131442169073
133.2,46.47973308436225
-22.844,-6.003080090777666
583.68,195.0992881504127
-24.324,11.491190967602307
2.178,-11.562007342973173
9.63,-8.292050135799347
2.5532,-9.763530879027567
1.62,-5.512586509701593
68.8,12.145182409037073
5.4,-5.0220929286255185
0.2,-8.94604157723411
21.66,-3.7141100457559872
2.08,-9.600033018668876
33.9,37.97784434571031
1252.98,627.8781245198687
49.8,7.07674873791764
-56.175,194.11830098826056
2.28,-7.965054415081963
28.4102,44.02726517898189
-181.38,33.89039783674302
7.11,-8.128552275440654
68.13,40.59381011144937
-35.136,-3.7141100457559872
209.58,379.19787891429917
31.9,0.7003321839286798
41.04,1.3543236253634436
46.8,6.749753017200259
3.3,42.22878871503629
1.71,-10.581020180821024
4.635,1.517821485722136
81.2646,105.66595853420853
0.7228,-11.889003063690556
18.62,-1.9156335818103827
89.55,28.331470584547514
-89.0532,4.460782972178581
-23.385,-8.455547996158037
352.08,157.00428668683762
10.92,-7.965054415081963
-30.774,-6.166577951136357
-33.156,-0.4441528385821609
26.88,-2.5696250232451483
9.7972,10.51020380545016
46.5,29.96644918813443
30.432,3.15280008930905
60.6228,62.339025539155315
28.08,2.4988086478742844
-14.796,-10.417522320462332
26.4,-3.5506121853972967
8.454,-8.94604157723411
-71.676,311.50976472580095
4.11,-10.581020180821024
-29.208,-8.94604157723411
-24.38,146.70392148424006
32.1,3.479795810026431
2.408,-11.23501162225579
101.07,79.5063008768179
20.58,13.616663152265296
9.18,-6.657071532212432
124.2,143.92445785814232
0.6474,-11.725505203331863
9.048,-4.04110576647337
1.77,-10.090526599744951
-14.916,-10.744518041179715
6.0,-0.11715711786477812
0.54,-9.436535158310186
212.17488,182.18295718207608
-80.244,31.27443207100396
-98.01,4.460782972178581
40.208,6.4227572964828745
8.1,-7.8015565547232715
2.66,-10.908015901538407
6.18,-8.455547996158037
-9.864,-9.763530879027567
5.4,-4.368101487190753
8.694,-9.273037297951493
17.1,2.335310787515592
9.7911,-8.619045856516728
123.36,122.01574457007764
227.268,139.67351348881633
28.05,7.567242318993717
-7.476,11.818186688319692
5.04,70.84091427780726
15.3426,-4.695097207908136
-4.815,-11.889003063690556
6.12,-7.8015565547232715
8.2156,-9.600033018668876
9.96,-8.292050135799347
20.58,-2.406127162886456
-39.1995,-1.7521357214516922
-12.8781,25.879002679167147
37.9848,0.373336463211297
17.1345,-4.695097207908136
1.76,-10.254024460103642
300.72,96.8370740748392
29.76,4.460782972178581
11.187,15.088143895493516
0.0,-6.330075811495049
18.6,4.62428083253727
6.288,-8.455547996158037
5.1,-4.695097207908136
101.742,164.36169040297872
16.38,25.879002679167147
18.48,18.031105381949963
20.9664,-5.18559078898421
-0.84,-11.23501162225579
-47.655,29.312457746699668
-93.3262,29.312457746699668
2.1402,-11.23501162225579
3.0438,-11.071513761897098
0.96,3.479795810026431
16.62,-6.9840672529298145
-1.866,-11.562007342973173
441.12,213.08405278986876
-38.7,-3.3871143250386044
4.92,-6.9840672529298145
405.0,128.55565898442532
1.9926,-11.39850948261448
49.557,5.932263715406801
27.82,38.141342206069
-15.5904,0.373336463211297
81.96,14.924646035134828
-251.1,18.031105381949963
-11.418,-9.763530879027567
38.64,27.18698556203668
37.89784,44.84475448077535
5.1,-5.349088649342901
2.925,-1.5886378610929999
105.15,25.06151337737369
45.63,2.4988086478742844
262.2,82.93975594435042
67.23,26.859989841319294
-0.009,65.44548488597044
16.92,-1.7521357214516922
-222.816,17.377113940515198
3.344,-9.600033018668876
70.1784,83.2667516650678
-64.17,-1.261642140375617
23.67,11.818186688319692
1.59,-10.908015901538407
71.88,29.639453467417045
15.48,-3.5506121853972967
25.82,3.8067915307438156
178.11,91.60514254336107
2.34,-10.744518041179715
56.7,29.80295132777574
-6.948,-10.744518041179715
-533.376,29.148959886340972
43.9956,13.780161012623989
37.884,34.21739355746041
1.86,-11.39850948261448
-81.224,139.34651776809895
-39.2985,0.7003321839286798
2.748,-10.417522320462332
19.056,-4.531599347549444
2.838,-6.166577951136357
-5.8365,-5.839582230418975
18.2352,0.04634074249391418
3.9248,-10.908015901538407
4.68,-7.474560834005889
1.1988,-9.763530879027567
-19.2588,97.81806123699134
15.66,-2.5696250232451483
4.77,-10.581020180821024
-22.672,-5.839582230418975
109.488,32.41891709351481
41.35404,50.07668601225346
9.24,-8.619045856516728
-66.645,30.6204406295692
-41.916,-0.9346464196582343
0.45,-8.455547996158037
-219.456,3.15280008930905
5.7,6.4227572964828745
258.93,305.29684603217066
-2.22,-5.18559078898421
46.8,4.297285111819889
21.608,19.01209254410211
6.44,-9.436535158310186
302.0628,146.0499300428053
-32.472,-0.11715711786477812
18.42,-5.0220929286255185
0.48,-10.417522320462332
-67.5435,2.4988086478742844
64.65,18.848594683743418
12.24,16.23262891800436
62.1,16.723122499080432
70.29,12.635675990113146
-4.32,-7.147565113288506
19.41,-4.858595068266827
30.12,20.483573287330334
-2.64,-10.581020180821024
3.28,-10.090526599744951
122.7,67.89795279135082
-55.26,-3.3871143250386044
-114.0174,47.95121382759048
5.8653,-3.8776079061146795
-14.1696,-10.908015901538407
8.16,-9.600033018668876
-1268.04,223.2209201321076
4.7232,-10.744518041179715
23.7,-3.0601186043212216
14.487,10.346705945091468
4.14,4.62428083253727
2.1,-9.273037297951493
18.1176,27.18698556203668
97.3026,199.67722824045606
1.24,-11.39850948261448
-2.016,-9.927028739386259
17.7,5.7687658550481125
3.0885,-3.223616464679914
59.0,16.88662035943912
-2.974,-4.531599347549444
7.56,-1.9156335818103827
-175.938,0.04634074249391418
1050.15,345.35382182005003
0.0,-9.109539437592801
0.424,-10.254024460103642
11.85,-4.368101487190753
-11.76,-0.4441528385821609
5.94,-8.94604157723411
-33.484,-4.858595068266827
5.01,-10.417522320462332
-419.3054,111.06138792604534
4.5,-7.147565113288506
89.55,100.2705291423717
286.974,188.72287159642374
68.9631,11.654688827961
16.8,-3.7141100457559872
14.88,36.50636360248208
23.55,2.9893022289503577
14.17,-3.3871143250386044
11.187,-7.8015565547232715
0.48,-4.204603626832062
6.48,-9.436535158310186
-393.948,35.36187857997125
277.74,104.35797565133899
3.735,-1.0981442800169265
62.1376,16.723122499080432
-78.372,35.525376440329936
-5.28,-9.600033018668876
9.744,-1.7521357214516922
11.58,3.479795810026431
12.96,8.875225201863245
45.9,8.548229481145864
12.06,-1.261642140375617
7.44,-4.204603626832062
3.1806,-10.254024460103642
59.82,7.240246598276332
69.9345,49.586192431177395
81.24,14.270654593700062
8.4,-6.820569392571123
136.8,360.55912283340837
6.0726,-8.94604157723411
9.24,-9.109539437592801
345.75,107.9549285792302
61.62,43.7002694582645
17.64,-5.839582230418975
81.24,17.86760752159127
-2.82,-4.695097207908136
38.16,1.517821485722136
3.42,-11.071513761897098
0.0,14.43415245405875
11.34,2.0083150667982093
-1.7175,-10.908015901538407
-23.895,-0.11715711786477812
17.64,2.825804368591667
68.04,18.521598963026037
387.12,131.49862047088178
43.956,37.48735076463423
2.224,-11.39850948261448
5.2626,-10.581020180821024
-38.1,-4.531599347549444
11.43,-6.657071532212432
0.666,-12.052500924049246
13.9,-3.8776079061146795
29.28,-1.261642140375617
85.176,66.5899699084813
18.45,5.441770134330728
0.0,-8.78254371687542
440.7648,159.1297588715006
0.7228,-11.889003063690556
11.925,5.114774413613347
50.052,17.050118219797813
-48.06,-7.8015565547232715
9.63,-9.109539437592801
-30.51,78.36181585430707
101.88,75.41885436785063
15.185,-2.406127162886456
30.42,32.90941067459087
-9.594,0.2098386028526047
7.64,-8.619045856516728
72.648,201.80270042511904
-5.928,-11.725505203331863
146.79,56.126106845525044
-20.6,-1.0981442800169265
1.158,-10.417522320462332
5.7,-5.676084370060284
16.88,18.358101102667344
130.56,37.32385290427554
26.8398,16.723122499080432
14.64,-3.8776079061146795
39.8736,7.730740179352406
1.38,10.673701665808853
1.7991,-4.531599347549444
180.414,367.2625351081147
-61.404,-4.04110576647337
3.852,-10.908015901538407
-2.6256,-11.889003063690556
-7.46,-10.908015901538407
12.96,-7.147565113288506
5.67,-4.531599347549444
26.52,13.126169571189223
1.668,0.2098386028526047
-0.321,-7.965054415081963
3.78,-7.63805869436458
-18.1356,1.1908257650047531
21.72,-3.7141100457559872
9.9,-2.079131442169073
56.34,29.475955607058356
1.96,-9.927028739386259
84.184,79.34280301645921
-42.768,-7.63805869436458
10.638,-5.512586509701593
7.62,-6.166577951136357
5.01,-7.474560834005889
99.54,35.525376440329936
-6.744,88.989176777622
36.51,1.517821485722136
9.12,11.164195246884926
168.744,83.59374738578519
6.2208,-10.254024460103642
93.6,20.974066868406407
-3.864,-11.725505203331863
8.82,-6.166577951136357
38.88,1.6813193460808264
116.4,225.5098901771293
1.38,-1.0981442800169265
2.22,-3.223616464679914
18.6624,-6.003080090777666
-11.76,-7.63805869436458
2.16,-10.090526599744951
37.23,11.98168454867838
42.96,2.4988086478742844
51.48,11.654688827961
-20.979,7.567242318993717
28.7964,0.7003321839286798
51.9,17.213616080156505
-626.52,257.06497722635675
0.0,11.654688827961
4.7196,-10.090526599744951
3.6,-6.9840672529298145
93.0,35.19838071961256
332.288,154.87881450217463
2.175,-6.657071532212432
50.2398,8.711727341504556
0.0,23.426534773786774
19.44,0.8638300442873703
-23.44,-6.657071532212432
12.792,35.525376440329936
165.42,72.1488971606768
3.1104,-11.39850948261448
6.9,-8.78254371687542
3.757,-10.417522320462332
17.82,-2.2426293025277655
18.45,2.0083150667982093
10.68,-8.78254371687542
-54.45,0.04634074249391418
47.52,3.15280008930905
161.16,56.9435961473185
2.88,-10.744518041179715
1.224,-7.8015565547232715
-23.544,-2.733122883603839
5.3721,-10.581020180821024
1.88,-10.908015901538407
1.11,-7.8015565547232715
18.27,1.1908257650047531
3.4848,-11.071513761897098
-149.9058,96.5100783541218
-356.9643,21.955054030558554
-6.36,-2.079131442169073
-157.68,36.015870021406016
-62.19,0.373336463211297
5.94,-8.292050135799347
43.7,27.350483422395367
944.9865,445.4145123595692
40.68,1.0273279046460608
2.299,6.4227572964828745
0.0,-0.4441528385821609
-1172.736,179.40349355597834
-4.14,-11.725505203331863
956.58,657.9617308258679
-11.718,-5.18559078898421
21.0,-0.11715711786477812
9.777,-5.18559078898421
7.7004,-1.261642140375617
9.54,1.8448172064395187
25.4097,10.673701665808853
-9.792,-10.090526599744951
0.2198,-8.78254371687542
219.4514,60.86754479592709
-112.92,14.761148174776135
13.86,6.749753017200259
-3.996,-11.23501162225579
-53.37,248.72658634806345
46.116,5.60526799468942
28.932,2.825804368591667
42.45,10.837199526167542
-599.676,29.639453467417045
659.98,257.3919729470741
20.88,10.51020380545016
60.1536,86.04621529116557
-3.528,-6.166577951136357
99.6984,30.947436350286576
200.9546,241.53268049228106
-3.561,-11.889003063690556
11.744,2.0083150667982093
-60.5598,50.73067745368823
-3.42,-10.254024460103642
-19.456,-7.965054415081963
22.3776,5.932263715406801
-60.606,40.43031225109068
4.98,14.924646035134828
49.32,46.31623522400356
-19.116,80.97778162004613
-11.064,-10.908015901538407
71.04,17.377113940515198
81.432,137.38454344379466
7.65,29.96644918813443
7.476,-7.965054415081963
-16.896,-8.94604157723411
-4.2354,-7.147565113288506
59.4355,14.43415245405875
53.04,41.901792994318896
17.28,-6.003080090777666
0.0,6.586255156841567
36.945,38.958831507862456
101.64,43.04627801682973
48.4575,7.894238039711098
10.3936,8.875225201863245
-3.465,-10.908015901538407
46.02,29.475955607058356
13.92,-7.8015565547232715
-7.92,-8.128552275440654
-114.264,15.578637476569593
54.72,212.2665634880753
9.48,-0.4441528385821609
4.296,-8.128552275440654
86.76,22.282049751275938
0.0,28.6584663052649
0.0,-5.18559078898421
65.52,20.15657756661295
0.75,-11.562007342973173
54.15,9.692714503656703
4.008,-7.965054415081963
3.1104,-11.39850948261448
103.2,86.86370459295901
3.76,-7.311062973647197
25.4016,-3.8776079061146795
-7.344,-10.744518041179715
64.26,17.70410966123258
9.792,-4.858595068266827
8.01,20.483573287330334
-6.9828,-10.744518041179715
7.52,-2.079131442169073
88.95,19.99307970625426
23.7742,-1.5886378610929999
182.226,109.58990718281711
5.208,-8.292050135799347
12.12,-6.820569392571123
713.22688,266.05735954608474
2.88,-2.896620743962531
31.491,45.662243782568794
128.25,104.1944777909803
-29.616,-2.733122883603839
1.4,11.000697386526234
3.14,-10.744518041179715
38.4,10.019710224374087
161.7,152.91684017787034
-29.16,-0.4441528385821609
-19.569,-6.9840672529298145
0.0,37.65084862499292
104.76,44.68125662041665
39.3408,1.0273279046460608
51.3,10.346705945091468
-41.468,0.373336463211297
3.7996,-11.071513761897098
16.296,-3.5506121853972967
-3.408,4.297285111819889
35.8644,10.183208084732776
18.92,-6.003080090777666
7.2576,-8.94604157723411
-2.88,-7.63805869436458
127.62,51.875162476199066
18.48,-3.7141100457559872
1.3986,-9.763530879027567
-41.5908,100.4340270027304
58.6872,9.365718782939322
-11.325,-9.927028739386259
7.56,-3.5506121853972967
15.8,-4.531599347549444
142.254,148.66589580854435
27.12,2.335310787515592
0.912,-10.908015901538407
-6.15,-6.820569392571123
9.72,-3.5506121853972967
138.3,35.688874300688624
6.8714,-9.927028739386259
10.32,-4.695097207908136
-122.22,43.04627801682973
-18.5262,-10.581020180821024
65.67,11.491190967602307
182.13,80.65078589932874
45.9,55.799111124807666
61.32,12.635675990113146
10.08,-7.63805869436458
762.594,320.17515132481157
0.5508,-12.052500924049246
17.1,2.335310787515592
14.49,-4.204603626832062
0.2,-8.94604157723411
37.68,0.7003321839286798
-41.448,-7.474560834005889
32.793,7.894238039711098
1.72,-8.292050135799347
-82.536,11.491190967602307
-145.65,28.6584663052649
31.938,10.019710224374087
46.5,29.96644918813443
-18.375,37.32385290427554
13.28,24.080526215221543
742.35,515.391596593089
-15.942,-9.109539437592801
-14.5965,7.894238039711098
214.2945,117.11080875931692
-46.38,-6.003080090777666
49.4508,27.18698556203668
79.92,21.137564728765096
9.1,138.6925263266642
-29.552,30.6204406295692
-414.18,213.41104851058614
-1.12,-1.7521357214516922
9.594,3.3162979496677405
312.912,102.72299704775207
14.28,-2.079131442169073
-1.488,-9.436535158310186
-993.195,195.75327959184747
3.1,-6.657071532212432
29.7,10.837199526167542
56.28,18.358101102667344
41.76,3.479795810026431
13.824,4.62428083253727
6.84,-6.003080090777666
6.6,-8.292050135799347
133.392,424.323288373298
26.82,5.114774413613347
23.7742,-1.5886378610929999
-35.616,40.10331653037329
20.04,6.913250877558951
17.424,20.15657756661295
62.532,21.62805830984117
-39.468,-4.368101487190753
-69.228,-4.04110576647337
79.44,46.643230944720955
28.14,13.453165291906604
0.0,99.28954198021955
-68.364,-2.896620743962531
13.9152,16.069131057645667
166.1004,81.30477734076351
11.28,-5.0220929286255185
10.95,10.183208084732776
5.04,-10.090526599744951
141.66,67.57095707063344
9.216,-1.0981442800169265
22.38,-2.079131442169073
11.22,-6.820569392571123
64.98,16.396126778363048
-23.817,44.51775876005796
-165.4659,152.09935087607687
16.56,123.1602295925885
-0.768,-5.18559078898421
1439.448,744.1251032348982
-28.128,-9.600033018668876
26.46,8.221233760428483
24.196,27.18698556203668
1.512,-11.889003063690556
11.82,-7.147565113288506
-1.755,-10.090526599744951
7.56,-2.896620743962531
-4.1244,-11.39850948261448
6.999,5.932263715406801
55.269,41.901792994318896
0.0,-2.733122883603839
13.68,-4.04110576647337
4.98,-8.619045856516728
732.6,294.8329829692144
2.34,0.7003321839286798
100.92,62.66602125987269
98.16,166.32366472728302
-29.928,-4.858595068266827
183.36,112.53286866927355
4.0,-7.311062973647197
-12.88,-10.254024460103642
171.0,142.94347069599016
-0.084,80.32379017861136
16.44,-2.406127162886456
14.4222,66.2629741877639
18.72,-2.079131442169073
6.2208,-10.254024460103642
1.398,-11.071513761897098
11.88,-3.5506121853972967
2.94,11.98168454867838
-1.12,-11.725505203331863
-58.92,2.825804368591667
23.997,19.01209254410211
-3.498,-11.725505203331863
7.24,2.4988086478742844
-211.95,54.65462610229682
54.24,28.004474863830136
270.72,121.68874884936027
-21.228,-4.368101487190753
27.06,1.8448172064395187
41.1,12.472178129754457
-3.3708,-8.78254371687542
6.06,-9.436535158310186
32.46,4.133787251461197
17.1,3.15280008930905
-179.488,44.35426089969927
-15.1311,-10.744518041179715
199.92,205.72664907372763
8.997,-0.6076506989408514
0.912,-5.676084370060284
29.43,6.0957615757654935
18.767,48.932200989742626
-9.144,-8.455547996158037
19.8,1.517821485722136
314.85,153.73432947966378
107.955,128.8826547051427
281.1,171.55559625876114
-13.1844,-1.9156335818103827
-20.6688,166.32366472728302
10.368,26.36949626024322
75.5937,137.71153916451203
51.36,21.30106258912379
6.04,-9.273037297951493
-36.828,-2.079131442169073
7.4304,-8.78254371687542
601.9699,216.51750785740128
38.3508,10.837199526167542
8.04,-5.839582230418975
20.61,55.308617543731586
195.39,71.65840357960072
5.94,-7.965054415081963
-170.784,39.9398186700146
2.85,-10.090526599744951
38.04,20.483573287330334
2.0748,-11.071513761897098
-1.92,-11.562007342973173
71.838,83.92074310650257
-27.738,-6.657071532212432
-936.032,148.66589580854435
19.1376,-3.0601186043212216
14.904,-3.8776079061146795
16.8,0.2098386028526047
14.8,-7.474560834005889
15.9968,20.320075426971638
30.78,4.9512765532546545
30.0,-1.4251400007343094
28.5,12.145182409037073
14.52,-6.9840672529298145
40.05,17.377113940515198
88.182,41.73829513396021
14.7,-0.28065497822346863
5.328,3.479795810026431
-36.63,10.673701665808853
521.16,200.65821540260822
9.72,5.278272273972036
8.28,-2.733122883603839
-4.914,-5.512586509701593
0.0,-8.292050135799347
36.81,10.837199526167542
-113.85,3.15280008930905
193.32,104.68497137205637
0.84,-7.63805869436458
16.38,-4.204603626832062
-164.124,7.567242318993717
73.02,15.415139616210901
-119.988,26.859989841319294
11.88,-1.5886378610929999
-30.342,40.26681439073198
90.8082,56.126106845525044
88.074,28.821964165623594
24.84,-2.2426293025277655
-75.06,-5.512586509701593
1.428,-0.9346464196582343
5.955,0.5368343235699875
60.03,8.05773590006979
10.05,-2.733122883603839
-29.3238,0.7003321839286798
30.36,3.15280008930905
80.28,23.099539053069396
72.24,28.331470584547514
-19.9184,16.069131057645667
33.45,-1.4251400007343094
304.08,186.59739941176076
118.17,84.24773882721996
9.9,-3.3871143250386044
-16.329,-11.23501162225579
27.12,15.415139616210901
4.2,-10.417522320462332
-1121.688,306.44133105468154
-91.04416,49.422694570818706
27.306,-1.0981442800169265
-25.188,-2.5696250232451483
2.64,-11.071513761897098
-11.61,44.35426089969927
32.64,5.441770134330728
4.4685,-5.839582230418975
-297.6848,230.90531956896612
12.24,16.396126778363048
13.08,-3.7141100457559872
10.512,-8.78254371687542
15.1,-3.223616464679914
8.49,-5.0220929286255185
-3.468,-7.311062973647197
5.28,-2.5696250232451483
48.6,4.9512765532546545
16.38,32.745912814232184
104.16,39.285827228579834
0.99,-9.600033018668876
2.73,-7.474560834005889
107.9892,66.09947632740521
13.0548,-7.474560834005889
203.4,289.9280471584537
-2.304,3.3162979496677405
85.904,41.57479727360152
-3.078,-3.5506121853972967
9.5418,-5.512586509701593
25.11,0.04634074249391418
1.144,-8.619045856516728
5.4801,-4.368101487190753
142.6824,65.77248060668784
8.7,2.0083150667982093
4.3428,-9.763530879027567
-73.359,60.37705121485102
-5.958,-10.417522320462332
-123.744,-3.0601186043212216
7.29,-4.858595068266827
7.2,-6.49357367185374
-31.248,0.2098386028526047
-3.094,-6.657071532212432
28.62,9.856212364015395
83.21992,18.68509682338473
-5.2002,66.42647204812259
3.6,-3.8776079061146795
178.11,81.30477734076351
33.3,-0.28065497822346863
93.54,27.84097700347144
26.24,14.43415245405875
17.07,-4.695097207908136
-4.1568,-5.512586509701593
152.676,105.17546495313245
4.11,-10.581020180821024
5.915,-4.695097207908136
0.846,-11.23501162225579
6.84,15.742135336928282
